grid_id,year,month,latitude,longitude,blue,green,red,nir,swir1,swir2,ndvi,ndmi,nbr,treecover2000,lossyear,forest_loss_next_year,forested_2000,elevation,slope,aspect,soil_moisture,precipitation,temperature_c,burned_this_month,night_lights,landsat_image_count
-8469317,2026,5.0,36.03142604603401,-120.7245910328225,0.02567875,0.049095,0.0482975,0.1636325,0.1505425,0.09904875,0.53672814,0.041909184,0.24618685,71,7,0,1,543,29.761879,281.4296,0.10996152,-9999.0,18.19473218200028,0,0.2419606687670404,52
-8465723,2026,5.0,36.0493923517164,-120.70662472714012,0.02848375,0.0541274999999999,0.051845,0.22537,0.15586375,0.09491,0.6167562,0.1769781,0.40156293,47,2,0,1,636,13.6274395,262.32553,0.09954699,-9999.0,18.19473218200028,0,0.2626809772792394,52
-8463927,2026,5.0,36.06735865739879,-120.70662472714012,0.0337774999999999,0.0582662499999999,0.0584724999999999,0.23978,0.20533625,0.12811625,0.6049665,0.08568067,0.31106475,45,4,0,1,504,18.895798,353.2803,0.09954699,-9999.0,18.50953182917772,0,0.4512948266399855,52
-8462130,2026,5.0,36.06735865739879,-120.68865842145772,0.0207974999999999,0.0428112499999999,0.0403912499999999,0.20271,0.1209524999999999,0.0716449999999999,0.66019046,0.25497094,0.4759392,71,7,0,1,633,30.9445,295.59473,0.09954699,-9999.0,18.50953182917772,0,0.298257589594207,52
-8460333,2026,5.0,36.08532496308118,-120.68865842145772,0.0420824999999999,0.066145,0.0749175,0.24232375,0.22436625,0.1502675,0.5349945,0.04873257,0.24419476,66,7,0,1,604,21.56535,65.82155,0.09872113,-9999.0,18.50953182917772,0,0.2785390419480593,52
-8458536,2026,5.0,36.0493923517164,-120.63475950441055,0.0239049999999999,0.04242625,0.0377237499999999,0.1828275,0.1438875,0.08623375,0.6603914,0.12299738,0.36283955,47,6,0,1,652,10.096576,-0.0,0.093345426,-9999.0,18.092384756765057,0,0.2483547853559932,52
-8435180,2020,7.0,36.193122797175526,-120.5449279759986,0.0464275,0.073405,0.0788224999999999,0.1602087499999999,0.16487,0.1383325,0.32611474,-0.026415333,0.07721605,53,21,1,1,999,26.648455,-0.0,0.077991575,0.0,26.521291269281903,1,6.235226183889374,28
-8435180,2026,5.0,36.193122797175526,-120.5449279759986,0.0245099999999999,0.0475549999999999,0.0446537499999999,0.271735,0.131485,0.0719062499999999,0.7204489,0.352728,0.58776945,53,21,0,1,999,26.648455,-0.0,0.08779758,-9999.0,20.27049715595865,0,0.2543080205527636,52
-8402841,2026,5.0,36.12125757444596,-120.149669250986,0.0822049999999999,0.1173225,0.15398,0.23384,0.343785,0.2618075,0.21101426,-0.19386375,-0.06844719,56,2,0,1,143,2.1805396,31.757017,0.10144184,-9999.0,22.917094413183065,0,0.9098704239087444,52
-8401045,2026,5.0,36.175156491493134,-120.18560186235078,0.1021699999999999,0.1561799999999999,0.19061,0.2476725,0.3232425,0.298905,0.12808448,-0.14203052,-0.10448216,99,9,0,1,144,1.4763055,308.91098,0.101327285,-9999.0,23.08155068838471,0,0.4686086857286484,52
-8399248,2026,5.0,36.06735865739879,-120.05983772257406,0.0347949999999999,0.106625,0.072195,0.5303175,0.1229325,0.06818,0.77143264,0.6397345,0.7827633,89,10,0,1,142,2.4736536,67.99332,0.099303246,-9999.0,22.917094413183065,0,0.6337759471856631,52
-8395655,2026,5.0,36.62431413355289,-120.58086058736338,0.1000799999999999,0.14258125,0.1858112499999999,0.2755025,0.40369375,0.30351125,0.19439302,-0.19015312,-0.04599366,66,22,0,1,152,1.4814904,231.25076,0.09749457,-9999.0,21.95945412420457,0,0.6307415415604527,52
-8393858,2026,5.0,36.35481954831704,-120.29339969644514,0.1112725,0.1742475,0.2209975,0.2948625,0.3841,0.3294025,0.15122247,-0.13558462,-0.056566898,56,8,0,1,135,1.1514931,90.0,0.09991089,-9999.0,23.242158467282536,0,0.4570312763199858,52
-8392062,2026,5.0,36.35481954831704,-120.27543339076274,0.0747249999999999,0.1237575,0.140285,0.357865,0.3006925,0.234665,0.4033096,0.04681741,0.17951064,96,1,0,1,122,1.1514931,90.0,0.09991089,-9999.0,23.242158467282536,0,0.3361473572082244,52
-8392061,2026,5.0,36.62431413355289,-120.5449279759986,0.09409875,0.13573375,0.16427875,0.24328625,0.33692375,0.2719,0.19054331,-0.16620672,-0.05483281,77,22,0,1,131,2.4889052,68.13532,0.10618387,-9999.0,22.73820233909032,0,0.5186643407035333,52
-8390265,2026,5.0,36.62431413355289,-120.5269616703162,0.1051537499999999,0.1601125,0.19144875,0.23923,0.31799,0.2634025,0.11046732,-0.14002734,-0.044688605,88,15,0,1,120,1.4814904,51.25076,0.10618387,-9999.0,22.73820233909032,0,0.4451451277429307,52
-8386671,2021,2.0,36.678213050600064,-120.5449279759986,0.13914375,0.2080449999999999,0.24977625,0.30807625,0.404725,0.3617837499999999,0.1041917,-0.13565446,-0.080250114,77,20,0,1,105,1.482121,128.72968,0.22621316,0.023000002,11.504455707186764,1,0.1589108777698129,27
-8386671,2026,5.0,36.678213050600064,-120.5449279759986,0.0755774999999999,0.12080125,0.14016125,0.3014075,0.2761075,0.22691,0.37083414,0.04309403,0.14024922,77,20,0,1,105,1.482121,128.72968,0.11836621,-9999.0,22.453195723666965,0,0.3914670294437271,52
-8384874,2026,5.0,36.642280439235286,-120.49102905895144,0.0472799999999999,0.07784625,0.074725,0.2995375,0.191435,0.12198375,0.59937036,0.21655987,0.41662502,86,16,0,1,88,2.1846046,31.929005,0.10618387,-9999.0,22.73820233909032,0,0.3683329373598099,52
-8359722,2026,5.0,36.75007827332963,-120.3472986134923,0.0382325,0.05674,0.0449562499999999,0.04008875,0.0298174999999999,0.0233825,-0.15193279,0.10361138,0.18249324,70,10,0,1,46,0.0,-0.0,0.13438663,-9999.0,22.934969182168288,0,1.898203311143098,52
-8350739,2026,5.0,37.3609326665309,-120.86832147828164,0.0691699999999999,0.10251375,0.131705,0.23643875,0.24341,0.20682125,0.29970816,-0.02519866,0.07611611,63,12,0,1,29,4.6273675,-0.0,0.16252026,-9999.0,21.8748055816979,0,2.765877341994873,52
-8345349,2026,5.0,36.83990980174158,-120.29339969644514,0.038425,0.06312,0.0535225,0.32193625,0.18163125,0.09843,0.7068872,0.2601009,0.5079201,42,13,0,1,55,1.4840239,231.32925,0.13679947,-9999.0,22.934969182168288,0,1.2923467230796817,52
-8343552,2026,5.0,36.57041521650572,-120.00593880552688,0.09876,0.1383599999999999,0.1797475,0.2935975,0.4171275,0.3461774999999999,0.24290514,-0.1734752,-0.08176354,67,2,0,1,66,2.4874105,248.12149,0.12247991,-9999.0,23.425017170239528,0,6.96056139987448,52
-8341756,2026,5.0,36.55244891082333,-119.9700061941621,0.0229149999999999,0.0523675,0.0347949999999999,0.36507,0.1447125,0.0642749999999999,0.82615757,0.43274748,0.6989708,53,17,0,1,65,0.92740995,180.0,0.12026058,-9999.0,23.425017170239528,0,0.594058361147409,52
-8341755,2026,5.0,36.534482605140944,-119.95203988847972,0.0458224999999999,0.0722499999999999,0.06785,0.3033875,0.2095575,0.1345374999999999,0.6341638,0.19047573,0.3904819,69,17,0,1,62,0.0,-0.0,0.12026058,-9999.0,23.77528021207422,0,0.6131411578336899,52
-8339959,2026,5.0,36.4266847710466,-119.82627574870298,0.1065424999999999,0.149085,0.1891525,0.28697,0.4810925,0.4545275,0.20290503,-0.2539905,-0.22501768,88,3,0,1,69,1.4791917,51.179234,0.12683581,-9999.0,23.53157273979599,0,1.7706954926252363,52
-8338163,2026,5.0,36.229055408540304,-119.6106800805143,0.119715,0.1512299999999999,0.19105,0.3049274999999999,0.459175,0.3680675,0.23267424,-0.20186755,-0.09381942,95,5,0,1,73,0.92740995,-0.0,0.13736084,-9999.0,23.99054661412396,0,8.934520959854126,52
-8336366,2026,5.0,37.37889897221329,-120.7425573385049,0.10382,0.15365,0.2012662499999999,0.29215375,0.39214375,0.37396625,0.18892947,-0.15894665,-0.14280884,62,4,0,1,45,2.1905732,147.8211,0.15247345,-9999.0,21.752874403102453,0,8.936828591606833,52
-8334569,2026,5.0,37.450764194942856,-120.79645625555206,0.04564375,0.0720987499999999,0.07190625,0.30010125,0.22119,0.141165,0.61088395,0.15111957,0.36119175,42,1,0,1,48,7.0353675,262.46283,0.1563403,-9999.0,21.30006967359975,0,5.270642687877019,52
-8332773,2021,11.0,36.49854999377616,-119.82627574870298,0.0258849999999999,0.0467025,0.0415599999999999,0.1959175,0.1384425,0.076595,0.63231814,0.18417612,0.41328993,80,5,0,1,75,0.92740995,-0.0,0.1756728,0.025,14.65187377929692,1,1.7063399136066435,42
-8332773,2026,5.0,36.35481954831704,-119.68254530324386,0.0892175,0.1332725,0.1549975,0.2572975,0.2638975,0.2295775,0.2481233,-0.012663207,0.060571905,38,4,0,1,77,3.7047918,-0.0,0.13271506,-9999.0,23.78896783808227,0,12.420162802157195,52
-8330976,2026,5.0,36.40871846536421,-119.71847791460864,0.02792,0.06312,0.0387549999999999,0.5535000000000001,0.19204,0.0874575,0.87469536,0.47986063,0.7246356,95,4,0,1,82,0.0,-0.0,0.13101642,-9999.0,23.78896783808227,0,0.8444211912186196,52
-8329179,2026,5.0,36.73211196764724,-120.02390511120927,0.0286899999999999,0.0529175,0.039965,0.3175225,0.1536225,0.0821224999999999,0.77666944,0.34671855,0.58958757,45,7,0,1,76,2.4919071,248.16306,0.12760438,-9999.0,23.440975566576924,0,2.0716659228007,52
-8327383,2026,5.0,36.40871846536421,-119.68254530324386,0.0622674999999999,0.0892724999999999,0.0992825,0.27597,0.3226925,0.23021,0.4656018,-0.07804481,0.090402626,48,15,0,1,79,2.4829507,111.9199,0.13101642,-9999.0,23.78896783808227,0,1.3165121123842571,52
-8327382,2026,5.0,36.92974133015353,-120.20356816803316,0.0268612499999999,0.0545537499999999,0.03562,0.3512099999999999,0.1619275,0.07555,0.8076513,0.36993182,0.6455229,37,11,0,1,65,4.9854484,111.78593,0.13573171,-9999.0,22.831125411166965,0,5.978371400099534,52
-8325586,2026,5.0,36.89380871878875,-120.149669250986,0.03131625,0.0561762499999999,0.0543474999999999,0.3415849999999999,0.1767225,0.1012899999999999,0.71401906,0.29611608,0.5176652,96,1,0,1,71,1.1595696,90.0,0.130992,-9999.0,22.70710984917099,0,0.6241818465149174,52
-8323790,2026,5.0,37.00160655288309,-120.23950077939796,0.03018875,0.0556262499999999,0.0336812499999999,0.38529625,0.1643475,0.07325375,0.8356896,0.41831183,0.69071686,78,17,0,1,66,2.7802885,180.0,0.136463,-9999.0,22.320498731059445,0,0.8161566388607026,52
-8323789,2026,5.0,37.450764194942856,-120.68865842145772,0.03612875,0.06046625,0.05700125,0.316175,0.20381,0.1144899999999999,0.69220513,0.21609196,0.46831158,95,6,0,1,53,3.6207385,104.82216,0.15069695,-9999.0,21.284982833041965,0,3.180343842506409,52
-8321993,2026,5.0,37.450764194942856,-120.67069211577532,0.0218975,0.04960375,0.0331999999999999,0.3696487499999999,0.1512437499999999,0.06736875,0.83375525,0.42504144,0.6929499,70,17,0,1,56,2.5123522,68.350006,0.15069695,-9999.0,21.284982833041965,0,1.40246835231781,52
-8321992,2026,5.0,37.61246094608437,-120.83238886691684,0.0715075,0.11615375,0.122135,0.38702875,0.33042,0.2436025,0.5247277,0.084732205,0.2330766,70,24,0,1,43,0.0,-0.0,0.17336828,-9999.0,20.539768514325544,0,1.8691493376441624,52
-8320196,2026,5.0,37.5585620290372,-120.76052364418727,0.0368987499999999,0.0587749999999999,0.0539349999999999,0.288235,0.19787,0.11686875,0.679819,0.18077205,0.41671717,89,21,0,1,46,3.9636734,297.85587,0.15999185,-9999.0,20.539768514325544,0,1.0604743003845214,52
-8318400,2026,5.0,37.57652833471958,-120.76052364418727,0.0265175,0.0531649999999999,0.0357025,0.33541125,0.1519724999999999,0.0703662499999999,0.8075359,0.37611634,0.65300876,95,12,0,1,49,2.5160103,291.61688,0.15999185,-9999.0,20.539768514325544,0,1.2269077921907108,52
-8318399,2026,5.0,37.61246094608437,-120.79645625555206,0.0319899999999999,0.0659937499999999,0.04990625,0.369305,0.18264875,0.09759125,0.76508856,0.35648456,0.5974954,85,12,0,1,51,3.0159905,337.17902,0.1646573,-9999.0,20.539768514325544,0,1.3571953529661351,52
-8316603,2026,5.0,36.89380871878875,-120.05983772257406,0.05889875,0.08535375,0.08571125,0.33508125,0.277015,0.1942675,0.56798726,0.08420412,0.25642884,54,22,0,1,82,1.1595696,90.0,0.12751432,-9999.0,22.70710984917099,0,0.984436319424556,52
-8314806,2026,5.0,36.44465107672899,-119.5927137748319,0.0247574999999999,0.0518175,0.0299,0.43767,0.162175,0.0709024999999999,0.86969835,0.45927697,0.72117054,59,3,0,1,85,3.9188228,298.20407,0.1449001,-9999.0,23.42017898559573,0,0.9327914603054523,52
-8313010,2026,5.0,36.4266847710466,-119.55678116346712,0.02462,0.0514049999999999,0.0291849999999999,0.4546374999999999,0.1564825,0.0672725,0.87935656,0.4878829,0.7422065,78,8,0,1,87,0.92740995,180.0,0.1449001,-9999.0,23.42017898559573,0,1.010623011900031,52
-8313009,2026,5.0,36.678213050600064,-119.8083094430206,0.0310274999999999,0.0529175,0.0420274999999999,0.29379,0.1632475,0.0899875,0.75230813,0.28476682,0.53037035,39,4,0,1,87,0.92740995,180.0,0.12522227,-9999.0,22.77196987521268,0,3.2563590796097466,52
-8311213,2026,5.0,36.46261738241138,-119.57474746914951,0.0266824999999999,0.0508549999999999,0.0330624999999999,0.3845949999999999,0.1664375,0.078355,0.8416765,0.39590678,0.66149694,37,16,0,1,89,2.18319,31.869322,0.1449001,-9999.0,22.70532998525971,0,1.4184370214740436,52
-8309417,2026,5.0,37.181269609707,-120.27543339076274,0.0489299999999999,0.0826174999999999,0.0851749999999999,0.29443625,0.23648,0.15333375,0.5507447,0.10838733,0.31442875,62,8,0,1,77,3.94818,297.97513,0.14291707,-9999.0,21.89558641167099,0,0.5453052798596522,52
-8309416,2026,5.0,37.25313483243656,-120.3472986134923,0.0252249999999999,0.04828375,0.0323887499999999,0.3358375,0.14489125,0.0656637499999999,0.8236606,0.39834252,0.6737751,89,9,0,1,70,1.4889631,231.48128,0.14349385,-9999.0,21.43341770787396,0,0.7298107001309594,52
-8307620,2026,5.0,36.4266847710466,-119.50288224641994,0.0754675,0.112675,0.1283225,0.333885,0.3219225,0.252045,0.4295055,0.023728244,0.1509527,56,3,0,1,85,0.92740995,180.0,0.14798191,-9999.0,22.6453002683578,0,0.9290302641844996,52
-8305823,2026,5.0,36.46261738241138,-119.52084855210234,0.0218424999999999,0.0539075,0.0330624999999999,0.4015625,0.150845,0.0661999999999999,0.84785736,0.45386332,0.71695036,95,3,0,1,90,0.92740995,180.0,0.1449001,-9999.0,21.9278602271952,0,1.25529793688717,52
-8304027,2026,5.0,37.289067443801336,-120.3293323078099,0.0281949999999999,0.05284875,0.0404049999999999,0.28186875,0.1427737499999999,0.07363875,0.7503812,0.32943946,0.5857873,78,8,0,1,74,3.0140393,22.732502,0.13350147,-9999.0,21.43341770787396,0,2.944476894710375,52
-8302230,2026,5.0,36.06735865739879,-119.08965721572496,0.0603974999999999,0.09194,0.120265,0.2512475,0.289115,0.2048275,0.35256553,-0.070077956,0.1017815,62,17,0,1,130,0.92740995,-0.0,0.133869,-9999.0,21.455894396382007,0,1.7585208930752494,52
-8300434,2026,5.0,37.52262941767241,-120.5269616703162,0.0336674999999999,0.06038375,0.0498099999999999,0.3008849999999999,0.18688375,0.10679,0.7197591,0.2338224,0.47618926,85,5,0,1,84,1.4922489,51.58167,0.13157459,-9999.0,20.8437550944667,0,0.5211691918472449,52
-8300433,2026,5.0,36.46261738241138,-119.46694963505516,0.0495075,0.0739274999999999,0.0764024999999999,0.3220875,0.2458575,0.1614875,0.61653996,0.10662246,0.3069652,100,5,0,1,91,1.4796095,308.80774,0.14798191,-9999.0,21.9278602271952,0,1.1102201753695096,52
-8298637,2026,5.0,36.6063478278705,-119.5927137748319,0.114545,0.1538975,0.1861825,0.2626325,0.350715,0.3133149999999999,0.18776654,-0.1312647,-0.060749818,95,3,0,1,101,2.7802885,-0.0,0.139031,-9999.0,22.09094353952719,0,2.060567228690437,52
-8298636,2026,5.0,37.5585620290372,-120.5449279759986,0.0345199999999999,0.06404125,0.0553512499999999,0.3098775,0.2076325,0.1256275,0.69827944,0.20008864,0.42520592,56,4,0,1,96,2.7802885,180.0,0.1338156,-9999.0,20.252141981227453,0,0.5885428025832643,52
-8296840,2026,5.0,36.175156491493134,-119.14355613277216,0.060645,0.0902625,0.108275,0.304625,0.29885,0.20876,0.4605569,0.009569576,0.1867312,56,12,0,1,107,2.296771,90.0,0.14285584,-9999.0,20.262842166039263,0,1.0898516297340393,52
-8295043,2026,5.0,36.28295432558748,-119.2333876611841,0.09304,0.1316224999999999,0.1662449999999999,0.2475625,0.3962825,0.3728525,0.19651045,-0.23098727,-0.20072164,50,24,0,1,111,3.44759,270.0,0.14850476,-9999.0,20.590814906294668,0,1.803636720776558,52
-8293247,2026,5.0,36.28295432558748,-119.2154213555017,0.07665,0.1056075,0.1332725,0.2184674999999999,0.37156,0.3478825,0.24847241,-0.26782072,-0.22889788,95,5,0,1,113,1.8543341,-0.0,0.14850476,-9999.0,20.590814906294668,0,1.8691615570675244,52
-8293246,2026,5.0,36.193122797175526,-119.12558982708975,0.0351249999999999,0.06367,0.0632849999999999,0.3566824999999999,0.1910775,0.1136924999999999,0.69861954,0.3023313,0.51658785,31,17,0,1,112,1.1491117,270.0,0.14285584,-9999.0,20.262842166039263,0,1.363722330269714,52
-8289653,2026,5.0,36.193122797175526,-119.08965721572496,0.033475,0.0649075,0.0597924999999999,0.3162299999999999,0.161185,0.09854,0.68130076,0.3247594,0.53329265,53,21,0,1,121,1.1491117,90.0,0.13295372,-9999.0,20.262842166039263,0,19.155680398146316,52
-8287857,2026,5.0,36.480583688093766,-119.35915180096084,0.0687574999999999,0.0998049999999999,0.13704,0.2553725,0.3762075,0.274045,0.3015513,-0.16113874,-0.035269897,95,2,0,1,98,2.4849231,248.09842,0.15035035,-9999.0,21.55741751886188,0,1.02631298661232,52
-8286060,2026,5.0,36.62431413355289,-119.48491594073757,0.130825,0.18511,0.2242425,0.3507975,0.4241125,0.38058,0.22372591,-0.096182644,-0.035852563,95,11,0,1,111,3.010151,22.554873,0.1425601,-9999.0,21.52576849332422,0,1.7863897794768924,52
-8284264,2026,5.0,36.51651629945855,-119.35915180096084,0.0754675,0.1115475,0.144355,0.2095575,0.292635,0.2645025,0.17971042,-0.18430158,-0.13506381,56,5,0,1,105,1.4802346,128.78827,0.14793111,-9999.0,21.55741751886188,0,1.7519528315617487,52
-8282467,2026,5.0,36.62431413355289,-119.44898332937278,0.0438425,0.082975,0.07643,0.3908375,0.2275975,0.1360225,0.6649272,0.2602048,0.46915185,85,11,0,1,110,3.010151,202.55487,0.1425601,-9999.0,21.17665264991024,0,9.829415216445923,52
-8280670,2026,5.0,36.44465107672899,-119.25135396686647,0.0415875,0.0703524999999999,0.0805274999999999,0.3261575,0.1969075,0.1387999999999999,0.60398096,0.24710122,0.4029562,67,2,0,1,109,0.92740995,180.0,0.14356953,-9999.0,21.456025654782536,0,0.9392965979129076,52
-8278874,2026,5.0,36.71414566196484,-119.50288224641994,0.06838625,0.0906474999999999,0.1171987499999999,0.22046125,0.3197224999999999,0.23610875,0.30581808,-0.18228206,-0.016435433,85,1,0,1,113,0.92740995,180.0,0.133476,-9999.0,21.15139065814276,0,2.5008059491713843,52
-8278873,2026,5.0,36.534482605140944,-119.32321918959605,0.0314675,0.0625149999999999,0.0546225,0.35418,0.2073025,0.119935,0.7327683,0.2589374,0.49540237,95,11,0,1,112,0.0,-0.0,0.14793111,-9999.0,21.105681232739528,0,2.047953038215637,52
-8277077,2026,5.0,36.39075215968182,-119.16152243845453,0.0398,0.0743674999999999,0.0795374999999999,0.3291274999999999,0.21228,0.14023,0.6107447,0.20656757,0.40098223,53,2,0,1,132,3.9167185,118.220634,0.14067796,-9999.0,20.582795018021784,0,0.9429143396764994,52
-8275280,2026,5.0,37.935854448367394,-120.68865842145772,0.03494625,0.0659112499999999,0.0733362499999999,0.25857625,0.20051,0.1197699999999999,0.56625396,0.12725878,0.37596902,47,4,0,1,365,13.702792,329.6643,0.15165293,-9999.0,18.71006578835113,0,0.4477515960620208,52
-8273484,2026,5.0,36.534482605140944,-119.26932027254888,0.0460974999999999,0.0753849999999999,0.0828924999999999,0.322445,0.2366725,0.1545025,0.59053403,0.15340693,0.35211948,80,1,0,1,119,2.486411,291.8878,0.14070992,-9999.0,21.105681232739528,0,2.063408665657044,52
-8268094,2026,5.0,36.49854999377616,-119.17948874413692,0.0453,0.0694449999999999,0.07071,0.3642725,0.2277075,0.1439425,0.6748835,0.23069191,0.43353698,31,9,0,1,131,2.1834714,211.88121,0.1342166,-9999.0,20.03832204675166,0,0.8039334411374651,52
-8264500,2026,5.0,36.10329126876357,-118.74829740775957,0.03639,0.0548425,0.052835,0.2216024999999999,0.1829374999999999,0.1097874999999999,0.6276551,0.11415873,0.3511248,100,17,0,1,1604,14.536806,248.00238,0.115703985,-9999.0,14.709564381261032,0,0.3459195841181402,52
-8262704,2021,9.0,36.01345974035162,-118.6404995736652,0.0246887499999999,0.05262875,0.04503875,0.1905275,0.1088937499999999,0.0574824999999999,0.6209051,0.27352494,0.53712964,100,23,0,1,1730,14.61003,273.56042,0.08056546,0.009000001,19.518794695536315,1,2.219888397532961,24
-8262704,2026,5.0,36.01345974035162,-118.6404995736652,0.0351249999999999,0.05685,0.0563549999999999,0.2246274999999999,0.1842575,0.1275525,0.5988718,0.0906878,0.27915323,100,23,0,1,1730,14.61003,273.56042,0.11747777,-9999.0,13.310722605387411,0,0.3179063897579908,52
-8260908,2021,9.0,36.01345974035162,-118.62253326798282,0.0198899999999999,0.041835,0.04013,0.23912,0.127965,0.0706275,0.7125873,0.30280453,0.54396725,99,23,0,1,2137,21.460688,188.78473,0.085741125,0.009000001,19.518794695536315,1,2.984039524003216,24
-8260908,2026,5.0,36.01345974035162,-118.62253326798282,0.0286349999999999,0.0491224999999999,0.0490124999999999,0.1945974999999999,0.1382775,0.0958725,0.60088694,0.11753074,0.29979166,99,23,0,1,2137,21.460688,188.78473,0.12087949,-9999.0,13.310722605387411,0,0.3558134651587655,52
-8260907,2026,5.0,36.10329126876357,-118.71236479639477,0.0311374999999999,0.04915,0.0390024999999999,0.2755025,0.1398174999999999,0.0805274999999999,0.759479,0.3260129,0.57135147,100,17,0,1,1625,32.936005,1.7722974,0.12699379,-9999.0,14.709564381261032,0,0.4208377889916301,52
-8259111,2021,9.0,36.01345974035162,-118.60456696230042,0.03478125,0.05661625,0.0645637499999999,0.2082375,0.17961,0.11675875,0.5258461,0.07887593,0.28451017,96,21,0,1,2351,14.434613,231.03139,0.085741125,0.009000001,19.518794695536315,1,1.1207172170929287,24
-8259111,2026,5.0,36.01345974035162,-118.60456696230042,0.0554474999999999,0.0860412499999999,0.09794875,0.2323,0.266015,0.227405,0.41792235,-0.065359145,0.01000115,96,21,0,1,2351,14.434613,231.03139,0.12087949,-9999.0,13.310722605387411,0,0.3625649050623178,52
-8259110,2026,5.0,36.10329126876357,-118.6943984907124,0.0365274999999999,0.0615525,0.0529999999999999,0.2701125,0.2020225,0.1136099999999999,0.7164638,0.19652942,0.43604174,95,17,0,1,1940,11.432486,223.90974,0.12699379,-9999.0,14.709564381261032,0,0.3593151829420374,52
-8257315,2021,9.0,36.01345974035162,-118.58660065661805,0.02506,0.044915,0.0468949999999999,0.1701225,0.1270575,0.0719199999999999,0.5678229,0.22469585,0.44665065,98,21,0,1,2160,15.540589,171.72466,0.085741125,0.011000001,19.518794695536315,1,0.8864919187744027,24
-8257315,2026,5.0,36.01345974035162,-118.58660065661805,0.03926375,0.0610987499999999,0.0713424999999999,0.198585,0.215965,0.174,0.4616111,-0.041182127,0.064337604,98,21,0,1,2160,15.540589,171.72466,0.12087949,-9999.0,13.310722605387411,0,0.2251474067138937,52
-8257314,2021,9.0,36.03142604603401,-118.60456696230042,0.1285975,0.16647875,0.15475,0.2281612499999999,0.1211725,0.0915412499999999,0.32375234,0.2991702,0.44079125,99,23,0,1,2492,17.933388,300.01233,0.085741125,0.009000001,19.518794695536315,1,8.267800069488585,24
-8257314,2026,5.0,36.03142604603401,-118.60456696230042,0.02081125,0.04413125,0.0526012499999999,0.1683075,0.16078625,0.11860125,0.49844354,0.0019535827,0.1581185,99,23,0,1,2492,17.933388,300.01233,0.12087949,-9999.0,13.310722605387411,0,0.2824138331298644,52
-8255518,2021,9.0,36.03142604603401,-118.58660065661805,0.0381499999999999,0.0640824999999999,0.0711499999999999,0.1949,0.1602775,0.1101174999999999,0.5008182,0.14815061,0.31275627,92,21,0,1,2126,10.692316,140.49863,0.085741125,0.011000001,19.518794695536315,1,1.3559985806274673,24
-8255518,2026,5.0,36.03142604603401,-118.58660065661805,0.0615112499999999,0.1022525,0.1117124999999999,0.26319625,0.2647225,0.20442875,0.40620992,0.016695317,0.15084992,92,21,0,1,2126,10.692316,140.49863,0.12087949,-9999.0,13.310722605387411,0,0.3049103737307282,52
-8255517,2021,9.0,36.08532496308118,-118.6404995736652,0.01285,0.0293775,0.0237674999999999,0.180325,0.088365,0.0401574999999999,0.7670909,0.34225315,0.63573074,100,22,1,1,1639,23.796417,272.10373,0.08822596,0.009000001,19.09175476498075,1,2.722322802704114,24
-8255517,2026,5.0,36.08532496308118,-118.6404995736652,0.0355649999999999,0.0476375,0.0469775,0.1567025,0.1419075,0.0980174999999999,0.55529314,0.07371251,0.26298875,100,22,0,1,1639,23.796417,272.10373,0.12699379,-9999.0,12.968188058176397,0,0.356687765866518,52
-8253721,2021,9.0,36.03142604603401,-118.56863435093564,0.0211824999999999,0.0427424999999999,0.0412849999999999,0.1911324999999999,0.1102549999999999,0.0592975,0.64473414,0.3281231,0.5722337,98,22,1,1,2049,7.4655056,188.78671,0.085741125,0.011000001,19.518794695536315,1,1.633312405164664,24
-8253721,2026,5.0,36.03142604603401,-118.56863435093564,0.0372425,0.06093375,0.06838625,0.20143125,0.20282,0.1404912499999999,0.48418894,-0.00028093337,0.1692635,98,22,0,1,2049,7.4655056,188.78671,0.12087949,-9999.0,13.310722605387411,0,0.4128224799552789,52
-8253720,2026,5.0,37.46873050062524,-120.00593880552688,0.0354549999999999,0.0553925,0.0590224999999999,0.1835149999999999,0.1728724999999999,0.1254624999999999,0.5285406,0.043551195,0.19668548,53,17,0,1,694,22.780983,67.32832,0.111599125,-9999.0,17.001850587578247,0,0.2942298015890022,52
-8251925,2020,9.0,36.21108910285791,-118.73033110207716,0.060315,0.1047549999999999,0.1018124999999999,0.1584625,0.20216,0.2213,0.20879313,-0.12117242,-0.16546525,70,20,0,1,1248,26.366522,203.87613,0.09536946,0.007,20.55232151879204,1,1.582099656574428,28
-8251925,2021,9.0,36.01345974035162,-118.53270173957088,0.0294875,0.058775,0.0608374999999999,0.17697,0.1514775,0.08754,0.48834667,0.09101001,0.34999073,76,21,0,1,1624,20.688013,252.53833,0.09758113,0.011000001,19.197681956821043,1,4.552388374209404,24
-8251925,2026,5.0,36.01345974035162,-118.53270173957088,0.0315225,0.05564,0.05674,0.229605,0.174935,0.1222449999999999,0.60369486,0.11926132,0.2964357,76,21,0,1,1624,20.688013,252.53833,0.1175187,-9999.0,12.931986991308063,0,0.3179857082389019,52
-8251924,2021,9.0,36.03142604603401,-118.55066804525326,0.0327599999999999,0.0560525,0.0658699999999999,0.2058725,0.204855,0.1177349999999999,0.5573983,0.058454927,0.31514493,78,21,0,1,1935,12.706627,77.5624,0.09758113,0.011000001,19.518794695536315,1,2.361923376023769,24
-8251924,2026,5.0,36.03142604603401,-118.55066804525326,0.0501399999999999,0.0812149999999999,0.08639875,0.262,0.26156,0.20121125,0.49803272,-0.011201097,0.11361765,78,21,0,1,1935,12.706627,77.5624,0.1175187,-9999.0,13.310722605387411,0,0.3236678947162415,52
-8250128,2021,9.0,36.08532496308118,-118.58660065661805,0.0256649999999999,0.0492874999999999,0.0565749999999999,0.239615,0.15321,0.082425,0.6179817,0.21995799,0.48810706,98,21,0,1,2584,16.945393,226.31642,0.09577223,0.011000001,19.09175476498075,1,0.4698368356778071,24
-8250128,2026,5.0,36.08532496308118,-118.58660065661805,0.0313575,0.0581975,0.0685925,0.1928375,0.1994099999999999,0.1715525,0.42084876,-0.07766903,-0.0007837244,98,21,0,1,2584,16.945393,226.31642,0.13565047,-9999.0,12.968188058176397,0,0.3011335041373968,52
-8250127,2020,9.0,36.30092063126987,-118.80219632480672,0.049425,0.0950475,0.0847625,0.245005,0.1594525,0.0794274999999999,0.4859257,0.2624726,0.5390607,91,16,0,1,1674,12.746995,77.60376,0.09536946,0.006,22.44532282087539,1,1.0535937340723145,28
-8250127,2026,5.0,36.30092063126987,-118.80219632480672,0.0376825,0.065705,0.053275,0.3657575,0.1981725,0.1138575,0.7344258,0.32649493,0.5415648,91,16,0,1,1674,12.746995,77.60376,0.12504856,-9999.0,14.6691945475917,0,0.3639998968690633,52
-8248331,2020,9.0,36.2470217142227,-118.73033110207716,0.05124,0.0953499999999999,0.09843,0.1747975,0.198145,0.1584074999999999,0.27950153,-0.07057664,0.041196633,96,16,0,1,1624,18.14676,113.27346,0.09536946,0.007,20.55232151879204,1,0.8286586885704942,28
-8248331,2021,9.0,36.0493923517164,-118.53270173957088,0.022035,0.04552,0.04024,0.1947625,0.1032699999999999,0.053275,0.65653074,0.36494175,0.6128763,94,22,1,1,1728,15.15806,26.323332,0.09758113,0.011000001,19.197681956821043,1,1.9098161226138477,24
-8248331,2026,5.0,36.0493923517164,-118.53270173957088,0.0352487499999999,0.0652099999999999,0.06965125,0.2638975,0.2361225,0.16447125,0.57450056,0.062253725,0.23343436,94,22,0,1,1728,15.15806,26.323332,0.1175187,-9999.0,12.931986991308063,0,0.2268417293492418,52
-8246535,2020,9.0,36.12125757444596,-118.58660065661805,0.00915125,0.023575,0.0183637499999999,0.12019625,0.0362249999999999,0.0175937499999999,0.7256605,0.57793146,0.761713,100,24,0,1,2211,22.919899,331.70862,0.08823072,0.008,20.29738445281987,1,5.681713567473567,28
-8246535,2021,9.0,36.06735865739879,-118.53270173957088,0.0259262499999999,0.04728,0.05542,0.1958075,0.15182125,0.09238,0.55906636,0.12828755,0.3602413,76,22,1,1,2184,12.689747,200.83957,0.09758113,0.011000001,19.605168935987702,1,1.297176704974845,24
-8246535,2026,5.0,36.06735865739879,-118.53270173957088,0.039855,0.063945,0.07251125,0.22592,0.23440375,0.1812325,0.50441074,-0.029940404,0.09591895,76,22,0,1,2184,12.689747,200.83957,0.1175187,-9999.0,13.22382429389546,0,0.3021159964717096,52
-8246534,2020,9.0,36.10329126876357,-118.56863435093564,0.0249362499999999,0.0443924999999999,0.0444474999999999,0.16795,0.1140225,0.0811049999999999,0.5412752,0.18367104,0.31859064,96,20,0,1,2282,19.420898,38.68982,0.08823072,0.008,20.29738445281987,1,2.0459371124549457,28
-8246534,2021,9.0,36.0493923517164,-118.51473543388848,0.027315,0.0504974999999999,0.0544299999999999,0.1763374999999999,0.1592325,0.0924625,0.53983015,0.09833733,0.35437414,78,21,0,1,1728,25.09385,238.76813,0.09758113,0.011000001,19.197681956821043,1,1.1221847620606422,24
-8246534,2026,5.0,36.0493923517164,-118.51473543388848,0.045685,0.0822875,0.0953499999999999,0.2410999999999999,0.2282025,0.17818,0.42952964,0.016053166,0.14774361,78,21,0,1,1728,25.09385,238.76813,0.1175187,-9999.0,12.931986991308063,0,0.2657492837309837,52
-8244738,2020,9.0,36.12125757444596,-118.56863435093564,0.0360324999999999,0.0483799999999999,0.0499474999999999,0.15000625,0.1155625,0.0976462499999999,0.43230632,0.11950862,0.21992797,100,20,0,1,1929,17.171516,114.77724,0.08823072,0.008,20.29738445281987,1,5.51070547118783,28
-8244738,2021,9.0,36.06735865739879,-118.51473543388848,0.0238774999999999,0.045685,0.045355,0.1905825,0.1345925,0.0709299999999999,0.64291716,0.24560672,0.50763875,52,21,0,1,1791,8.598935,138.53416,0.09758113,0.011000001,19.605168935987702,1,0.920120598077774,24
-8244738,2026,3.0,36.175156491493134,-118.62253326798282,0.047665,0.07229125,0.0929299999999999,0.15585,0.2202,0.1855775,0.25229365,-0.17688528,-0.09310643,98,20,0,1,2126,11.649816,308.91098,0.18714154,-9999.0,10.303628273420486,1,0.3965396644780412,56
-8244738,2026,5.0,36.06735865739879,-118.51473543388848,0.0418625,0.06455,0.0716999999999999,0.2253975,0.23109,0.16421,0.5330434,0.0085375765,0.17018089,52,21,0,1,1791,8.598935,138.53416,0.1175187,-9999.0,13.22382429389546,0,0.297777877255742,52
-8244737,2020,9.0,36.193122797175526,-118.6404995736652,0.03639,0.0624325,0.0626525,0.0913074999999999,0.1057724999999999,0.110035,0.17372239,-0.08612723,-0.10569882,100,21,1,1,1728,17.187273,308.90454,0.09571693,0.007,18.99103137122262,1,0.5041731793595396,28
-8244737,2026,5.0,36.193122797175526,-118.6404995736652,0.0320449999999999,0.0569875,0.0473625,0.2819375,0.182305,0.1087699999999999,0.7093546,0.20774499,0.42347744,100,21,0,1,1728,17.187273,308.90454,0.13979155,-9999.0,11.507951478035238,0,0.4383900457133467,52
-8242942,2026,5.0,37.181269609707,-119.6106800805143,0.02702625,0.0476512499999999,0.04360875,0.23440375,0.146335,0.07973,0.67665094,0.20620728,0.47940472,69,7,0,1,540,14.937534,316.73047,0.10381462,-9999.0,17.17298529019922,0,0.3361506616541495,52
-8242941,2020,9.0,36.12125757444596,-118.55066804525326,0.00955,0.0260362499999999,0.02044,0.10525,0.0515424999999999,0.0394974999999999,0.771192,0.27444217,0.36157,100,21,1,1,2149,18.226206,349.4802,0.08792739,0.008,20.29738445281987,1,4.361544174038702,28
-8242941,2021,9.0,36.08532496308118,-118.51473543388848,0.0258025,0.0420824999999999,0.0477749999999999,0.1724325,0.1271125,0.078025,0.57036877,0.13115467,0.3762965,36,21,0,1,2118,8.658745,148.25467,0.106388375,0.011000001,19.605168935987702,1,0.8349705170094966,24
-8242941,2026,5.0,36.08532496308118,-118.51473543388848,0.0422474999999999,0.0662275,0.0696375,0.210245,0.2266625,0.15871,0.53072274,-0.014946906,0.12694798,36,21,0,1,2118,8.658745,148.25467,0.13044623,-9999.0,13.22382429389546,0,0.3550570111721754,52
-8241145,2020,9.0,36.12125757444596,-118.53270173957088,0.030945,0.0547599999999999,0.0598887499999999,0.1581875,0.13078375,0.11667625,0.4331468,0.13652709,0.23059979,99,20,0,1,2335,15.993855,163.75977,0.08792739,0.008,20.649277899000424,1,6.559335399901977,28
-8241145,2024,8.0,36.35481954831704,-118.76626371344194,0.0403362499999999,0.0658012499999999,0.0630925,0.2534612499999999,0.18324,0.0988975,0.61064976,0.19232245,0.46951467,37,24,0,1,1300,26.81344,173.14804,0.0954518,0.004,22.48306203452489,1,5.201462032273412,56
-8241145,2026,5.0,36.01345974035162,-118.42490390547653,0.0347675,0.061415,0.06455,0.2576,0.1592325,0.1017299999999999,0.59759796,0.23193431,0.4302915,76,2,0,1,2470,18.760622,250.51195,0.117666066,-9999.0,11.565006879580949,0,0.2850109675469306,52
-8241144,2020,9.0,36.08532496308118,-118.49676912820608,0.0301474999999999,0.0509787499999999,0.05059375,0.1961925,0.15033625,0.09387875,0.6104643,0.1633659,0.3803702,45,20,0,1,2025,10.613247,58.77979,0.08792739,0.007,20.649277899000424,1,2.8498766111955045,28
-8241144,2026,5.0,36.08532496308118,-118.49676912820608,0.0577024999999999,0.084295,0.09975,0.221465,0.2769875,0.231475,0.392441,-0.083020076,0.005370384,45,20,0,1,2025,10.613247,58.77979,0.13044623,-9999.0,13.22382429389546,0,0.2440351273398846,52
-8239348,2020,9.0,36.13922388012835,-118.53270173957088,0.0158612499999999,0.0313025,0.03178375,0.1438875,0.09316375,0.0649349999999999,0.59317124,0.20466572,0.3606865,96,21,1,1,2127,7.9028435,35.28238,0.08792739,0.008,20.649277899000424,1,2.820901670069857,28
-8239348,2022,7.0,37.52262941767241,-119.91610727711492,0.0405287499999999,0.06316125,0.0657187499999999,0.253035,0.21111125,0.11821625,0.6131409,0.11083817,0.40711227,51,16,0,1,906,15.9471035,270.0,0.071992256,0.004,26.134651335849583,1,0.4098263397616775,52
-8239348,2024,8.0,36.372785853999424,-118.76626371344194,0.0475825,0.0834975,0.0680974999999999,0.24319,0.19061,0.1100074999999999,0.5624784,0.14537118,0.3873383,98,24,0,1,1776,26.749323,106.80121,0.0954518,0.004,22.48306203452489,1,4.350034989278625,56
-8239348,2026,5.0,36.01345974035162,-118.40693759979412,0.0291712499999999,0.05667125,0.0585825,0.26960375,0.1592599999999999,0.08653625,0.6436897,0.26041597,0.5138174,95,2,0,1,2701,19.674944,302.90698,0.117666066,-9999.0,11.565006879580949,0,0.3105840786546469,52
-8239347,2020,9.0,36.15719018581074,-118.55066804525326,0.0511437499999999,0.08307125,0.0741612499999999,0.1452625,0.1109837499999999,0.1091275,0.26825535,0.1216806,0.188989,99,20,0,1,2329,20.362001,229.13782,0.08792739,0.008,18.99103137122262,1,0.437022197060287,28
-8239347,2020,11.0,36.15719018581074,-118.55066804525326,0.0102512499999999,0.02037125,0.0284974999999999,0.0429487499999999,0.0819024999999999,0.1012075,0.2033603,-0.29354867,-0.38363558,99,20,0,1,2329,20.362001,229.13782,0.14356276,0.043,5.012008815341574,1,0.147122392007573,14
-8239347,2026,5.0,36.15719018581074,-118.55066804525326,0.0395524999999999,0.0621025,0.0672999999999999,0.209805,0.2200349999999999,0.1710025,0.5364485,0.00074832246,0.120074205,99,20,0,1,2329,20.362001,229.13782,0.13044623,-9999.0,11.507951478035238,0,0.2879482135921716,52
-8237552,2022,7.0,37.52262941767241,-119.89814097143254,0.04299,0.0680974999999999,0.06323,0.315515,0.218495,0.1133899999999999,0.67912173,0.18121456,0.48045224,97,16,0,1,1034,10.833217,32.228504,0.071992256,0.004,26.134651335849583,1,0.450989693403244,52
-8237552,2024,8.0,36.40871846536421,-118.78423001912434,0.0310824999999999,0.0530275,0.0460974999999999,0.3209325,0.198585,0.0962299999999999,0.7669391,0.2826982,0.5735856,91,24,0,1,1584,14.583709,68.0801,0.10579433,0.004,22.48306203452489,1,2.117581731191388,56
-8237552,2026,5.0,36.40871846536421,-118.78423001912434,0.0419724999999999,0.0705587499999999,0.06417875,0.32336625,0.2389,0.15586375,0.6801244,0.18527353,0.3816752,91,24,0,1,1584,14.583709,68.0801,0.15419221,-9999.0,14.0415405027328,0,0.3137534455955028,52
-8237551,2020,9.0,36.10329126876357,-118.47880282252368,0.0270124999999999,0.0515424999999999,0.0462624999999999,0.2188525,0.1454825,0.076925,0.6840964,0.25795057,0.52449757,90,20,0,1,2056,27.714718,202.41928,0.0959783,0.008,20.649277899000424,1,1.7806812717020513,28
-8237551,2020,11.0,36.175156491493134,-118.55066804525326,0.0705587499999999,0.0872787499999999,0.0947587499999999,0.10916875,0.03758625,0.03142625,0.12869048,0.42476323,0.48717147,91,20,0,1,2406,8.592946,344.60803,0.1433844,0.043,5.012008815341574,1,0.1820060200989246,14
-8237551,2026,5.0,36.10329126876357,-118.47880282252368,0.0452724999999999,0.06983,0.078025,0.2019125,0.2073575,0.16157,0.41906244,-0.013304176,0.11098884,90,20,0,1,2056,27.714718,202.41928,0.12326035,-9999.0,13.22382429389546,0,0.3149873957175899,52
-8235755,2020,9.0,36.12125757444596,-118.47880282252368,0.03397,0.04871,0.0500849999999999,0.15145,0.12814375,0.1203887499999999,0.42137304,0.10393548,0.19585675,98,20,0,1,1834,15.54101,8.286538,0.0959783,0.008,20.649277899000424,1,2.791879030615091,28
-8235755,2022,7.0,37.52262941767241,-119.88017466575016,0.0484074999999999,0.0756049999999999,0.08666,0.2516325,0.2407699999999999,0.1437775,0.48766232,0.019384438,0.2938235,40,23,1,1,936,7.421152,231.58167,0.071992256,0.004,26.134651335849583,1,0.4955746077001094,52
-8235755,2024,8.0,36.40871846536421,-118.76626371344194,0.0247024999999999,0.0422199999999999,0.0390299999999999,0.212995,0.1386899999999999,0.0680425,0.72635883,0.27816087,0.56698674,91,24,0,1,1450,18.173618,281.37604,0.10579433,0.004,22.48306203452489,1,11.58824535466444,56
-8235755,2024,9.0,36.4266847710466,-118.78423001912434,0.0221999999999999,0.0331724999999999,0.03408,0.138305,0.114435,0.067025,0.59718925,0.12645824,0.3691237,95,24,0,1,1592,18.934853,328.14264,0.1069819,0.008,20.204938867357043,1,1.3383419530000538,49
-8235755,2026,5.0,36.01345974035162,-118.37100498842936,0.04646875,0.07405125,0.09313625,0.24966625,0.2834775,0.21243125,0.4450512,-0.051365897,0.09220073,36,3,0,1,2695,10.642597,198.63245,0.11480348,-9999.0,11.565006879580949,0,0.2643030841046801,52
-8235754,2020,9.0,36.13922388012835,-118.49676912820608,0.023025,0.03874125,0.0402675,0.12124125,0.09354875,0.08689375,0.4232167,0.15687837,0.2257785,98,20,0,1,1755,4.3550577,31.762917,0.08792739,0.008,20.649277899000424,1,6.563384829805448,28
-8235754,2026,5.0,36.13922388012835,-118.49676912820608,0.0369262499999999,0.05818375,0.06505875,0.1924525,0.21001125,0.155685,0.5110916,-0.018300815,0.13009909,98,20,0,1,1755,4.3550577,31.762917,0.13044623,-9999.0,13.22382429389546,0,0.2860517623275518,52
-8233958,2020,9.0,36.2470217142227,-118.58660065661805,0.058445,0.091775,0.0982374999999999,0.14287,0.1773825,0.21305,0.121271074,-0.10776653,-0.19717914,100,20,0,1,2494,25.870222,150.21782,0.09875464,0.008,18.99103137122262,1,0.3562696158885955,28
-8233958,2020,10.0,36.372785853999424,-118.71236479639477,0.0677125,0.0761275,0.0851199999999999,0.1042325,0.1476825,0.1814525,0.09896058,-0.21465841,-0.29216927,97,20,0,1,2287,27.619143,209.96889,0.099979,0.014,13.408839531355056,1,1.129406777676195,28
-8233958,2021,10.0,36.534482605140944,-118.87406154753629,0.0740925,0.08215,0.0867425,0.1069275,0.176585,0.1913524999999999,0.12158282,-0.24678305,-0.2841049,70,21,0,1,1144,16.907345,248.11223,0.18908435,0.055000003,15.15301288891868,1,1.2861293760177337,25
-8233958,2022,7.0,37.52262941767241,-119.86220836006775,0.0305324999999999,0.0467025,0.0375175,0.2078525,0.1449599999999999,0.0732399999999999,0.7255256,0.26179853,0.55021954,99,22,0,1,1267,19.068636,289.13608,0.071992256,0.004,26.134651335849583,1,0.5163127200579957,52
-8233958,2024,8.0,36.40871846536421,-118.74829740775957,0.0161637499999999,0.0366512499999999,0.03439625,0.21058875,0.12443125,0.0675612499999999,0.71641845,0.2539217,0.5156228,98,19,0,1,1803,19.36079,283.31717,0.10579433,0.004,17.91256314759613,1,10.08100887822608,56
-8233958,2026,5.0,36.01345974035162,-118.35303868274696,0.0315499999999999,0.0570424999999999,0.071865,0.19798,0.198365,0.1411925,0.47882032,0.010928565,0.16943476,99,3,0,1,2583,13.466315,221.95915,0.11480348,-9999.0,11.565006879580949,0,0.2059417386353016,52
-8233957,2020,9.0,36.15719018581074,-118.49676912820608,0.06918375,0.08848875,0.1055249999999999,0.15036375,0.22673125,0.27927,0.13609815,-0.2059527,-0.30288884,58,20,0,1,1821,6.355964,115.847435,0.08792739,0.008,20.16925674014624,1,3.847474337272022,28
-8233957,2026,5.0,36.15719018581074,-118.49676912820608,0.0488749999999999,0.079235,0.090895,0.24273625,0.262715,0.2070825,0.48176256,-0.026248949,0.09290438,58,20,0,1,1821,6.355964,115.847435,0.13044623,-9999.0,12.450308038855155,0,0.2507213101220819,52
-8232162,2020,9.0,36.21108910285791,-118.53270173957088,0.12278125,0.13303875,0.14164625,0.18938625,0.30945125,0.35936375,0.14425534,-0.2494529,-0.31604248,95,14,0,1,2132,19.707188,122.84129,0.09610006,0.008,20.16925674014624,1,1.8764360480755569,28
-8232162,2022,7.0,37.52262941767241,-119.84424205438536,0.0415875,0.0581975,0.0495899999999999,0.2389,0.180105,0.1002449999999999,0.6786116,0.17510346,0.467997,90,23,1,1,1022,7.219214,75.19148,0.071992256,0.004,25.25800273033883,1,0.3179474129445023,52
-8232162,2024,7.0,36.01345974035162,-118.33507237706458,0.0424674999999999,0.0691149999999999,0.0857525,0.19765,0.222895,0.1816725,0.42681685,-0.077706605,0.080453515,89,24,0,1,2557,4.9352307,292.02032,0.111453995,0.010000001,20.63410718774287,1,0.5775708953983018,56
-8232162,2026,5.0,36.01345974035162,-118.33507237706458,0.0514874999999999,0.0781349999999999,0.1014825,0.184945,0.2598275,0.2189075,0.29136488,-0.16157351,-0.07828567,89,24,0,1,2557,4.9352307,292.02032,0.11480348,-9999.0,10.0747121257167,0,0.2702842877747921,52
-8232161,2020,9.0,36.10329126876357,-118.42490390547653,0.0454099999999999,0.0618825,0.0778187499999999,0.10760125,0.1773549999999999,0.20195375,0.15966116,-0.24214487,-0.29564744,95,2,0,1,2126,25.921894,2.3624773,0.0959783,0.008,19.45991971757678,1,0.8746022560101535,28
-8232161,2020,10.0,36.372785853999424,-118.6943984907124,0.084735,0.0998049999999999,0.1155074999999999,0.1485075,0.2398624999999999,0.3071824999999999,0.1249929,-0.25930035,-0.35693988,94,20,0,1,2516,24.718336,169.93907,0.099979,0.015000001,13.408839531355056,1,1.724450683221221,28
-8232161,2021,9.0,36.480583688093766,-118.80219632480672,0.0356199999999999,0.0528075,0.06356,0.1741375,0.180105,0.1079999999999999,0.46520263,-0.016845806,0.23441584,75,22,1,1,1166,17.00722,279.13562,0.10417274,0.009000001,21.355735884772457,1,4.10438691591844,24
-8232161,2022,7.0,37.5585620290372,-119.88017466575016,0.059325,0.0942224999999999,0.112895,0.25639,0.2048275,0.1662175,0.39637414,0.029459482,0.23034982,90,14,0,1,1290,4.669616,90.0,0.073530674,0.004,25.708121912966533,1,0.3596737285455068,52
-8232161,2026,5.0,36.10329126876357,-118.42490390547653,0.0289925,0.0608925,0.0538525,0.3206024999999999,0.1578025,0.0914725,0.73197377,0.36835897,0.5812957,95,2,0,1,2126,25.921894,2.3624773,0.12326035,-9999.0,11.869166720810767,0,0.3329033731984404,52
-8230365,2020,8.0,36.12125757444596,-118.42490390547653,0.05147375,0.0758524999999999,0.0862612499999999,0.20607875,0.2203925,0.16518625,0.41814852,-0.033603653,0.10670007,85,2,0,1,1882,21.572786,294.16867,0.11307034,0.0050000004,21.572526324692603,1,2.0060938518770315,28
-8230365,2020,9.0,37.03753916424788,-119.34118549527844,0.1580775,0.19425375,0.20214625,0.21760125,0.2093375,0.21674875,0.063028574,-0.016046027,-0.032612864,53,20,0,1,1169,14.359744,198.47281,0.09675279,0.012,23.35737251705598,1,1.0810227337479592,28
-8230365,2021,9.0,36.480583688093766,-118.78423001912434,0.14428625,0.1789775,0.1785787499999999,0.223445,0.13339625,0.08703125,0.28237197,0.23984116,0.44040367,100,17,0,1,1703,29.420584,271.64487,0.10417274,0.009000001,21.355735884772457,1,7.425999227635287,24
-8230365,2021,10.0,36.62431413355289,-118.92796046458344,0.0731574999999999,0.100575,0.1109975,0.156785,0.168995,0.1754575,0.18056986,-0.033448104,-0.058215976,92,22,1,1,1247,21.571274,75.77835,0.18467844,0.066,11.762500771143152,1,4.87109673150668,25
-8230365,2022,7.0,37.57652833471958,-119.88017466575016,0.0368849999999999,0.0552412499999999,0.0419587499999999,0.2571187499999999,0.1683625,0.08221875,0.7621999,0.29739377,0.5817422,98,16,0,1,1191,10.109406,223.42038,0.073530674,0.004,25.708121912966533,1,0.3010238005469243,52
-8230365,2024,7.0,36.01345974035162,-118.31710607138218,0.03035375,0.0581562499999999,0.0526699999999999,0.2061475,0.14425875,0.1107775,0.5859061,0.17380571,0.29493627,89,24,0,1,2650,13.621579,262.32208,0.11612503,0.010000001,20.63410718774287,1,0.214930153705857,56
-8230365,2024,9.0,36.4266847710466,-118.73033110207716,0.02053625,0.0296662499999999,0.0367337499999999,0.0827824999999999,0.0998874999999999,0.0750549999999999,0.38596717,-0.067236856,0.09123097,100,24,0,1,1371,33.681583,302.30106,0.1069819,0.008,15.553720876905686,1,4.200400149294485,49
-8230365,2026,5.0,36.01345974035162,-118.31710607138218,0.0233275,0.0459324999999999,0.0498649999999999,0.1944325,0.151615,0.1076424999999999,0.5961807,0.123733014,0.28731275,89,24,0,1,2650,13.621579,262.32208,0.11563582,-9999.0,10.0747121257167,0,0.2800370351566623,52
-8230364,2020,9.0,37.07347177561265,-119.37711810664322,0.1681012499999999,0.20869125,0.20748125,0.1989975,0.17076875,0.1754575,0.0040644156,0.021557469,0.0031264431,60,20,0,1,1131,10.749892,39.880905,0.10040657,0.012,22.784290377298987,1,1.1471910117349278,28
-8230364,2021,10.0,36.642280439235286,-118.94592677026584,0.0649624999999999,0.1230425,0.14166,0.2543,0.2696175,0.1864299999999999,0.28447318,-0.029236473,0.15399452,87,21,0,1,1484,9.322155,37.916264,0.18467844,0.066,11.762500771143152,1,1.8436046356335285,25
-8230364,2022,7.0,37.5585620290372,-119.86220836006775,0.0503324999999999,0.073405,0.0756874999999999,0.23674125,0.17973375,0.13394625,0.6115137,0.1335563,0.4019935,94,17,0,1,1196,10.664415,18.985033,0.073530674,0.004,25.708121912966533,1,0.4164670832041237,52
-8230364,2026,5.0,36.642280439235286,-118.94592677026584,0.0439524999999999,0.07592125,0.0748075,0.34176375,0.2282575,0.1403812499999999,0.6399785,0.19956355,0.41775373,87,21,0,1,1484,9.322155,37.916264,0.1514894,-9999.0,14.05449045652989,0,0.4226353644579649,52
-8228569,2021,9.0,36.49854999377616,-118.78423001912434,0.0355649999999999,0.0512124999999999,0.0602599999999999,0.1845325,0.1780425,0.0982649999999999,0.5076647,0.017899744,0.30505043,60,21,0,1,1023,29.724106,44.861706,0.11038716,0.009000001,21.355735884772457,1,2.57871589730852,24
-8228569,2026,5.0,36.49854999377616,-118.78423001912434,0.0291299999999999,0.0520924999999999,0.036335,0.34362,0.1505975,0.0733225,0.8121967,0.39204752,0.64828485,60,21,0,1,1023,29.724106,44.861706,0.16248465,-9999.0,14.527222836402188,0,0.310376357368153,52
-8228568,2020,9.0,36.21108910285791,-118.49676912820608,0.0445024999999999,0.0621025,0.0617724999999999,0.079345,0.10864625,0.1305087499999999,0.12478423,-0.155453,-0.23333526,41,20,0,1,1899,8.2891,-0.0,0.09610006,0.008,20.16925674014624,1,2.0053526147234217,28
-8228568,2021,9.0,36.57041521650572,-118.8560952418539,0.2374975,0.29786,0.313865,0.3155699999999999,0.1745499999999999,0.085065,0.0027087785,0.28772545,0.57534915,76,21,0,1,1112,24.217829,229.62328,0.11754622,0.009000001,20.76942132314048,1,3.911892855181717,24
-8228568,2021,10.0,36.642280439235286,-118.92796046458344,0.0713424999999999,0.14111,0.1418525,0.22757,0.1906925,0.11075,0.23203108,0.088168316,0.3452944,89,21,0,1,1373,16.878756,221.67583,0.18467844,0.066,11.762500771143152,1,1.82967987023294,25
-8228568,2022,7.0,37.540595723354805,-119.82627574870298,0.0256925,0.0472387499999999,0.0362799999999999,0.23201125,0.1345925,0.06893625,0.7435968,0.2701561,0.567183,97,22,0,1,1242,26.975746,222.98923,0.08668581,0.004,25.25800273033883,1,0.4210392489201492,52
-8228568,2022,9.0,37.21720222107178,-119.50288224641994,0.0464,0.060535,0.0636974999999999,0.18649875,0.1836525,0.14120625,0.44029406,-0.025279945,0.12865417,74,22,0,1,789,6.871631,57.499664,0.10859367,0.024,22.540112919277647,1,1.2548108355452616,53
-8228568,2026,5.0,36.06735865739879,-118.35303868274696,0.0258575,0.052615,0.05773,0.179995,0.1893175,0.1283225,0.5451958,0.010484152,0.20900881,92,17,0,1,2486,21.447775,314.46613,0.11480348,-9999.0,11.869166720810767,0,0.3232639647275209,52
-8226772,2020,9.0,37.00160655288309,-119.26932027254888,0.0519549999999999,0.0919674999999999,0.073625,0.1415225,0.1393775,0.10503,0.31558582,0.0076361694,0.14801107,76,16,0,1,908,8.367816,172.07933,0.10686065,0.011000001,23.35737251705598,1,4.3618291440204935,28
-8226772,2021,9.0,36.46261738241138,-118.73033110207716,0.0133175,0.0226399999999999,0.018295,0.1103925,0.0501674999999999,0.0246474999999999,0.7156678,0.37509343,0.63496,100,23,0,1,1880,24.63917,292.84424,0.10417274,0.009000001,16.78428406185577,1,3.6023184835910795,24
-8226772,2021,10.0,36.66024674491767,-118.92796046458344,0.1173225,0.149855,0.1426775,0.19633,0.0993375,0.0514324999999999,0.15826346,0.32804587,0.5848242,99,22,1,1,1605,17.043608,260.88525,0.1997049,0.066,8.330668508878318,1,0.7393739274702966,25
-8226772,2022,7.0,37.57652833471958,-119.84424205438536,0.0464275,0.06763,0.0569875,0.31777,0.20766,0.1142425,0.6946318,0.20787552,0.4822857,100,16,0,1,1201,18.60722,256.08957,0.073530674,0.004,24.878889092066004,1,1.5339164857409502,52
-8226772,2026,5.0,36.12125757444596,-118.38897129411174,0.0635875,0.0911425,0.1065424999999999,0.216735,0.2835325,0.2173675,0.37926048,-0.09225695,0.038612213,50,17,0,1,1612,8.782951,65.22276,0.124546096,-9999.0,11.869166720810767,0,0.3015653608987729,52
-8226771,2020,9.0,37.01957285856548,-119.28728657823126,0.1816175,0.23088375,0.2427087499999999,0.2583425,0.22714375,0.22112125,0.07447414,0.025414422,0.036548827,41,20,0,1,1318,9.265743,7.138871,0.09675279,0.011000001,23.35737251705598,1,0.848845981378955,28
-8226771,2021,8.0,36.28295432558748,-118.55066804525326,0.04497,0.0688949999999999,0.09271,0.1738075,0.239395,0.2496249999999999,0.23376207,-0.19268665,-0.21362968,64,11,0,1,2394,15.315547,126.23475,0.106969446,0.003,17.451466968495367,1,10.493815117670843,28
-8226771,2021,9.0,36.57041521650572,-118.8381289361715,0.2002625,0.2798475,0.3067975,0.3138375,0.195175,0.1171849999999999,0.011343221,0.23312296,0.4562465,78,21,0,1,1260,30.387468,204.35995,0.11754622,0.009000001,18.23889831966824,1,2.529638876207173,24
-8226771,2021,10.0,36.642280439235286,-118.90999415890109,0.0466474999999999,0.0621025,0.0713149999999999,0.16862375,0.1719375,0.1241424999999999,0.40560737,-0.009724077,0.15194488,92,22,1,1,1683,35.039772,78.0089,0.18467844,0.066,11.762500771143152,1,1.1187129052769806,25
-8226771,2022,7.0,37.5585620290372,-119.82627574870298,0.0374487499999999,0.06334,0.05859625,0.24605,0.18842375,0.10091875,0.6316258,0.15454128,0.4249836,89,19,0,1,1242,21.038496,72.86631,0.08668581,0.004,24.878889092066004,1,0.2942083639403184,52
-8226771,2026,5.0,36.03142604603401,-118.2991397656998,0.0343825,0.0616625,0.0623774999999999,0.269315,0.18159,0.1092099999999999,0.6272564,0.1992341,0.42297074,72,2,0,1,2384,18.280695,75.817375,0.11563582,-9999.0,10.0747121257167,0,0.2752069110194078,52
-8224975,2020,9.0,36.12125757444596,-118.37100498842936,0.0259262499999999,0.0533575,0.0693487499999999,0.16944875,0.18864375,0.13083875,0.4083243,-0.039088957,0.13937612,70,2,0,1,1805,25.198124,296.56726,0.10382284,0.008,19.45991971757678,1,1.4908943194206117,28
-8224975,2021,9.0,36.51651629945855,-118.76626371344194,0.04508,0.0650999999999999,0.0798674999999999,0.2051299999999999,0.2378275,0.1402025,0.4395214,-0.07381634,0.18801445,63,21,0,1,1083,27.460012,44.238827,0.11038716,0.010000001,21.355735884772457,1,1.9169198588095608,24
-8224975,2021,10.0,36.6063478278705,-118.8560952418539,0.0680425,0.0789325,0.0954599999999999,0.152275,0.2170375,0.2142325,0.2293378,-0.17623548,-0.165162,94,8,0,1,1788,25.04436,142.82834,0.20065793,0.053000003,11.762500771143152,1,2.13330677136158,25
-8224975,2022,7.0,37.57652833471958,-119.82627574870298,0.0436362499999999,0.0651412499999999,0.06940375,0.23987625,0.18886375,0.1228225,0.50743234,0.088036366,0.30008405,37,19,0,1,1176,25.285244,72.03626,0.08668581,0.004,24.878889092066004,1,2.801227674074471,52
-8224975,2024,7.0,36.01345974035162,-118.263207154335,0.0521475,0.0748625,0.0853399999999999,0.2036175,0.18918,0.1592875,0.40278327,0.03675558,0.12215318,71,2,0,1,2410,13.466315,221.95915,0.11612503,0.010000001,20.63410718774287,1,0.8482560905395076,56
-8224975,2026,5.0,36.01345974035162,-118.263207154335,0.0479674999999999,0.0775299999999999,0.0929575,0.27465,0.2136549999999999,0.14606,0.49440807,0.12510876,0.30284777,71,2,0,1,2410,13.466315,221.95915,0.11563582,-9999.0,10.0747121257167,0,0.3862504832860496,52
-8224974,2020,9.0,37.127370692659824,-119.37711810664322,0.1505425,0.195065,0.1891662499999999,0.19444625,0.18281375,0.170315,0.042566217,0.008552801,0.04223823,44,20,0,1,936,11.791727,283.4518,0.10040657,0.016,22.784290377298987,1,1.3020153124989182,28
-8224974,2021,10.0,36.642280439235286,-118.89202785321868,0.0564374999999999,0.0702562499999999,0.08543625,0.12220375,0.1630825,0.16441625,0.17708015,-0.14328818,-0.14726621,98,16,0,1,1521,6.0039783,202.55956,0.18467844,0.053000003,11.762500771143152,1,1.0515356874093411,25
-8224974,2026,5.0,36.0493923517164,-118.2991397656998,0.0284425,0.0530275,0.05641,0.245445,0.1537049999999999,0.0932325,0.6281727,0.2298384,0.449432,85,2,0,1,2447,15.730987,347.68735,0.11563582,-9999.0,10.0747121257167,0,0.3113892238417809,52
-8223179,2021,9.0,36.55244891082333,-118.78423001912434,0.0234375,0.0372975,0.03133,0.1730375,0.114215,0.05685,0.6933955,0.20477629,0.50541025,100,22,1,1,1767,27.481699,284.4163,0.11038716,0.010000001,18.23889831966824,1,1.9366679649489624,24
-8223179,2026,5.0,36.55244891082333,-118.78423001912434,0.02834625,0.050525,0.03192125,0.3306125,0.13716375,0.067795,0.8240237,0.40371907,0.6393669,100,22,0,1,1767,27.481699,284.4163,0.16248465,-9999.0,11.483012381933063,0,0.3215979093220085,52
-8223178,2020,9.0,37.10940438697744,-119.34118549527844,0.1251325,0.13295625,0.1263149999999999,0.1324199999999999,0.1697924999999999,0.1958625,0.02230086,-0.13185598,-0.20109685,96,20,0,1,1524,24.286697,261.74976,0.10040657,0.016,20.561943372090692,1,0.7663408403319342,28
-8223178,2021,9.0,36.57041521650572,-118.80219632480672,0.142925,0.1939374999999999,0.21416375,0.28558125,0.15193125,0.13466125,0.35191107,0.30918172,0.4282868,100,23,0,1,1605,18.92935,241.8347,0.11754622,0.009000001,18.23889831966824,1,13.190986238109568,24
-8223178,2021,10.0,36.6063478278705,-118.8381289361715,0.2983,0.346755,0.3421625,0.29148,0.1445475,0.1069275,-0.079985954,0.3369799,0.46322545,96,23,0,1,2053,20.666553,189.22903,0.20065793,0.053000003,9.237874070034252,1,1.3670951454744984,25
-8223178,2026,5.0,36.51651629945855,-118.74829740775957,0.0401575,0.05432,0.0530962499999999,0.1721987499999999,0.149745,0.10259625,0.52200544,0.059655435,0.24497287,98,22,0,1,1260,26.53985,331.057,0.16248465,-9999.0,9.986674491308063,0,0.3669766171369701,52
-8221382,2020,8.0,36.21108910285791,-118.42490390547653,0.05245,0.07207125,0.07757125,0.2112899999999999,0.199685,0.150295,0.4948639,0.020738026,0.20867363,33,20,0,1,1934,15.713867,86.701584,0.124536105,0.0050000004,22.466361905169776,1,0.5690167500051083,28
-8221382,2020,9.0,37.145336998342216,-119.35915180096084,0.13341,0.16949,0.16392125,0.17037,0.19945125,0.22508125,0.027635617,-0.08690841,-0.1461381,45,20,0,1,1230,12.719836,261.75363,0.10040657,0.016,22.784290377298987,1,1.6343660132790154,28
-8221382,2021,10.0,36.69617935628246,-118.90999415890109,0.13430375,0.15094125,0.1433512499999999,0.1828275,0.133905,0.09981875,0.18106811,0.12414743,0.2575222,97,23,0,1,1776,16.337017,159.85625,0.1997049,0.066,8.330668508878318,1,3.740858817767156,25
-8221382,2026,5.0,36.06735865739879,-118.2811734600174,0.0365,0.0636149999999999,0.0707924999999999,0.25353,0.1985299999999999,0.1249675,0.5634438,0.15648966,0.3602216,85,2,0,1,2424,4.5799193,270.0,0.11563582,-9999.0,10.454715695945197,0,0.4039393569498012,52
-8221381,2020,8.0,36.193122797175526,-118.40693759979412,0.04237125,0.0649349999999999,0.0743125,0.1919025,0.18014625,0.12888625,0.47259453,0.049359385,0.22672011,73,20,0,1,2040,17.822996,290.63705,0.124536105,0.0050000004,22.466361905169776,1,0.7011024477958147,28
-8221381,2020,9.0,36.13922388012835,-118.35303868274696,0.04811875,0.0738862499999999,0.07594875,0.14453375,0.1809575,0.17252875,0.2667761,-0.15143222,-0.10002842,87,20,0,1,1949,26.723648,264.46475,0.10382284,0.008,19.45991971757678,1,0.6284009171994748,28
-8221381,2021,10.0,36.642280439235286,-118.8560952418539,0.2054875,0.2721475,0.2910675,0.29874,0.1546675,0.0927925,0.013008482,0.317755,0.5260036,95,23,0,1,1733,19.842075,160.39998,0.20065793,0.053000003,11.762500771143152,1,1.9128252689383527,25
-8221381,2026,5.0,36.13922388012835,-118.35303868274696,0.0476925,0.0764574999999999,0.08166875,0.25034,0.2067525,0.15792625,0.5069952,0.095644146,0.22569261,87,20,0,1,1949,26.723648,264.46475,0.124546096,-9999.0,11.869166720810767,0,0.2199946768055467,52
-8219585,2020,9.0,37.145336998342216,-119.34118549527844,0.1257375,0.1414675,0.13097625,0.134785,0.15827,0.17456375,0.014985416,-0.09059894,-0.14008325,98,17,0,1,1681,11.453751,323.03043,0.10040657,0.016,20.561943372090692,1,1.1031785598024726,28
-8219585,2021,9.0,36.58838152218812,-118.78423001912434,0.0324575,0.054265,0.05201,0.2187974999999999,0.16597,0.0926549999999999,0.6158895,0.1372972,0.4050136,91,21,0,1,1768,34.988503,133.93582,0.11754622,0.010000001,18.23889831966824,1,1.2120003125816583,24
-8219585,2021,10.0,36.69617935628246,-118.89202785321868,0.14170125,0.171195,0.1660662499999999,0.1814525,0.08061,0.0502087499999999,0.1837609,0.3120449,0.45633677,100,23,0,1,1937,22.014837,319.52502,0.1997049,0.053000003,8.330668508878318,1,1.4937405208235277,25
-8219585,2024,7.0,36.89380871878875,-119.08965721572496,0.0363349999999999,0.05851375,0.0521475,0.2854575,0.15129875,0.0780799999999999,0.6992776,0.306629,0.5793643,59,16,0,1,1252,19.074583,339.43805,0.13686112,0.0050000004,26.355692369194458,1,0.1251016701054242,56
-8219585,2025,8.0,36.89380871878875,-119.08965721572496,0.0354137499999999,0.05694625,0.0718512499999999,0.23443125,0.1681975,0.0923799999999999,0.51639634,0.16887832,0.4425181,59,16,0,1,1252,19.074583,339.43805,0.12247206,0.008,23.643352762858115,1,2.394052956874172,52
-8219585,2026,5.0,36.13922388012835,-118.33507237706458,0.0475275,0.07182375,0.0859725,0.19996,0.20986,0.15352625,0.3979627,-0.028877312,0.1266419,85,2,0,1,2294,35.876,273.85013,0.124546096,-9999.0,10.454715695945197,0,0.3576354045096946,52
-8219584,2020,9.0,37.127370692659824,-119.32321918959605,0.107725,0.1021699999999999,0.095515,0.1174875,0.1846425,0.193965,0.10315607,-0.22227187,-0.2455511,89,16,0,1,1933,19.042433,90.0,0.10040657,0.016,20.561943372090692,1,0.7208891323319188,28
-8219584,2026,5.0,36.786010884694406,-118.98185938163064,0.052945,0.073845,0.0811049999999999,0.276575,0.250175,0.1707825,0.54239696,0.047393717,0.22593732,52,16,0,1,2005,10.804149,211.97719,0.14871648,-9999.0,13.31248146795457,0,0.4130165684223175,52
-8217789,2020,9.0,37.181269609707,-119.35915180096084,0.13792,0.1750725,0.16482875,0.18490375,0.142045,0.0920225,0.13739105,0.11335117,0.3204768,60,21,1,1,604,40.80893,306.86487,0.10040657,0.016,21.476789834764304,1,0.6812292544636875,28
-8217789,2021,9.0,36.6063478278705,-118.78423001912434,0.024565,0.0416425,0.04211,0.1942674999999999,0.10371,0.0570149999999999,0.6437055,0.3039072,0.54620796,96,22,1,1,2063,12.350784,163.96149,0.11754622,0.011000001,18.23889831966824,1,0.4794274903833866,24
-8217789,2026,5.0,36.6063478278705,-118.78423001912434,0.05262875,0.0735425,0.0808849999999999,0.2321625,0.25186625,0.18372125,0.48330903,-0.030670417,0.119196214,96,22,0,1,2063,12.350784,163.96149,0.17841646,-9999.0,11.483012381933063,0,0.2877379514276981,52
-8217788,2020,8.0,36.229055408540304,-118.40693759979412,0.0322099999999999,0.05298625,0.05771625,0.18583875,0.1403675,0.09574875,0.5623998,0.13539721,0.34781727,70,20,0,1,2346,15.425396,184.17076,0.124536105,0.0050000004,22.466361905169776,1,0.312385829595419,28
-8217788,2020,9.0,37.145336998342216,-119.32321918959605,0.1177624999999999,0.13501875,0.1272775,0.1331075,0.20288875,0.2453075,0.039347246,-0.21742278,-0.30500534,73,20,0,1,1705,22.413376,110.68539,0.10040657,0.016,20.561943372090692,1,0.8582700872793794,28
-8217788,2021,10.0,36.51651629945855,-118.6943984907124,0.0270124999999999,0.0583075,0.052065,0.1316225,0.0795512499999999,0.0624325,0.4303311,0.21077777,0.28450352,99,22,1,1,1824,23.287365,34.164463,0.17852402,0.05,7.863693122453583,1,0.7022663416340947,25
-8217788,2025,9.0,37.00160655288309,-119.17948874413692,0.0568362499999999,0.0914174999999999,0.0940437499999999,0.20613375,0.208595,0.1741512499999999,0.36790717,-0.0128724845,0.095611125,85,16,0,1,1572,10.063739,34.824257,0.17292279,0.028,18.78905932108563,1,1.2390162980272657,51
-8217788,2026,5.0,36.229055408540304,-118.40693759979412,0.0404599999999999,0.067795,0.0792899999999999,0.2250125,0.20249,0.1602225,0.4749448,0.04895939,0.1577306,70,20,0,1,2346,15.425396,184.17076,0.12721187,-9999.0,12.598779666039263,0,0.2942017667138806,52
-8215992,2020,8.0,36.229055408540304,-118.38897129411174,0.0405424999999999,0.06505875,0.0690875,0.26058375,0.21468625,0.1350875,0.58787364,0.10726592,0.3241302,83,10,0,1,2385,24.249712,20.878857,0.1260086,0.006,22.466361905169776,1,0.2615692366659641,28
-8215992,2020,9.0,37.145336998342216,-119.30525288391364,0.1198662499999999,0.144355,0.14090375,0.17035625,0.19758125,0.1987775,0.11295444,-0.08279565,-0.085846685,56,16,0,1,1626,18.458536,194.08516,0.10040657,0.016,20.561943372090692,1,0.7864716749776293,28
-8215992,2020,11.0,37.25313483243656,-119.413050718008,0.09304,0.1241424999999999,0.1351425,0.212555,0.0819575,0.052725,0.22264324,0.44343618,0.6024955,94,21,1,1,1921,4.7414684,101.25441,0.21165994,0.081,5.314200655619345,1,0.167389184443487,14
-8215992,2021,10.0,36.51651629945855,-118.67643218503,0.0217325,0.0378612499999999,0.0354962499999999,0.09478625,0.05641,0.04223375,0.45797652,0.28956234,0.4548334,99,22,1,1,1767,12.247394,291.89233,0.17852402,0.05,7.863693122453583,1,0.7509634099900723,25
-8215992,2025,8.0,36.89380871878875,-119.05372460436018,0.02572,0.0488612499999999,0.0559699999999999,0.23594375,0.1534025,0.080665,0.62333083,0.20767619,0.49045298,85,15,0,1,1228,31.491745,262.4077,0.12247206,0.008,23.643352762858115,1,0.4829050492802101,52
-8215992,2026,5.0,36.229055408540304,-118.38897129411174,0.0377099999999999,0.07049,0.0677125,0.299015,0.1982275,0.1295049999999999,0.6426645,0.22733243,0.40286306,83,10,0,1,2385,24.249712,20.878857,0.13034411,-9999.0,12.598779666039263,0,0.2751102613768092,52
-8215991,2020,9.0,37.16330330402461,-119.32321918959605,0.10757375,0.13787875,0.129505,0.1355549999999999,0.1524675,0.16861,0.029683838,-0.0706605,-0.120688245,95,20,0,1,1490,26.101385,264.31128,0.10040657,0.016,18.91290637122262,1,0.5771896035596729,28
-8215991,2026,5.0,36.82194349605919,-118.98185938163064,0.0265175,0.0479675,0.03623875,0.30315375,0.1342075,0.06808375,0.79250246,0.39813048,0.6427417,85,16,0,1,1253,24.860641,286.22983,0.1828979,-9999.0,13.31248146795457,0,0.2323138451633545,52
-8214195,2020,9.0,36.193122797175526,-118.33507237706458,0.05531,0.06893625,0.07588,0.09959875,0.16821125,0.1982275,0.13583933,-0.2568039,-0.33127597,89,20,0,1,2475,32.421875,258.23544,0.11058148,0.008,17.357282998826804,1,0.3525041046690333,28
-8214195,2021,2.0,37.82805661427305,-119.9700061941621,0.0123,0.0238224999999999,0.0332274999999999,0.11119,0.09832,0.0639724999999999,0.5398411,0.06142905,0.26956397,100,14,0,1,1180,11.228963,348.08484,0.30198961,0.095000006,5.051909087953163,1,0.1638868098859401,27
-8214195,2021,10.0,36.62431413355289,-118.76626371344194,0.3057249999999999,0.3406775,0.3254975,0.2689025,0.085285,0.0881175,-0.04368295,0.24053976,0.24377453,96,22,1,1,2480,6.9612665,82.38131,0.20065793,0.048,9.237874070034252,1,1.504615687886658,25
-8214195,2025,8.0,36.89380871878875,-119.0357582986778,0.05012625,0.08056875,0.0916512499999999,0.27796375,0.23099375,0.1511337499999999,0.52498114,0.118127406,0.31626037,49,16,0,1,1646,22.132263,185.71237,0.15125887,0.008,21.605579220351387,1,1.290693701654673,52
-8214195,2025,9.0,36.96567394151831,-119.10762352140736,0.0280024999999999,0.0584175,0.0418075,0.1089899999999999,0.1396525,0.0739549999999999,0.52469075,-0.086573094,0.020398702,98,15,0,1,1456,24.197178,244.38702,0.19782613,0.029000001,16.426361295912045,1,3.1815142141316426,51
-8214195,2026,5.0,36.193122797175526,-118.33507237706458,0.0636424999999999,0.0907987499999999,0.1064874999999999,0.2138749999999999,0.2464075,0.221025,0.33420357,-0.069762945,-0.013233871,89,20,0,1,2475,32.421875,258.23544,0.13034411,-9999.0,9.863800877396784,0,0.3557563540883935,52
-8212399,2020,9.0,37.181269609707,-119.30525288391364,0.108,0.136215,0.12516,0.12154375,0.1208424999999999,0.1220525,0.018130967,-0.043845806,-0.05336094,99,21,1,1,1638,26.032503,311.517,0.10040657,0.016,18.91290637122262,1,1.7365983937365503,28
-8212399,2025,8.0,36.89380871878875,-119.0177919929954,0.0437599999999999,0.0800325,0.0840199999999999,0.3123525,0.2336475,0.13528,0.57605535,0.14414835,0.4082937,84,15,0,1,1755,20.155794,138.5674,0.15125887,0.008,21.605579220351387,1,5.525123358797282,52
-8212399,2026,3.0,37.181269609707,-119.30525288391364,0.0262975,0.03936,0.0355375,0.1480949999999999,0.108495,0.0649899999999999,0.6118625,0.20479141,0.39042187,99,21,0,1,1638,26.032503,311.517,0.20232518,-9999.0,9.369257473689288,1,0.1948382194257444,56
-8212399,2026,5.0,36.89380871878875,-119.0177919929954,0.0770075,0.1082199999999999,0.1249124999999999,0.2702225,0.3232425,0.298685,0.36565673,-0.09060391,-0.054099467,84,15,0,1,1755,20.155794,138.5674,0.20167266,-9999.0,12.660397609587676,0,0.3298754835873842,52
-8212398,2020,9.0,37.127370692659824,-119.25135396686647,0.1239774999999999,0.154915,0.150405,0.1888912499999999,0.12069125,0.09126625,0.22751366,0.19311522,0.31715503,100,5,0,1,1812,15.040204,294.94266,0.13372609,0.014,20.561943372090692,1,1.4216438738540524,28
-8212398,2021,2.0,37.82805661427305,-119.95203988847972,0.0221174999999999,0.03914,0.04552,0.1442175,0.142815,0.0958725,0.5201792,0.0048862062,0.20136198,91,14,0,1,1329,16.600487,254.24672,0.30198961,0.095000006,5.051909087953163,1,0.1413173518247074,27
-8212398,2026,5.0,36.82194349605919,-118.94592677026584,0.0412162499999999,0.0664337499999999,0.06329875,0.27400375,0.18836875,0.11728125,0.6387161,0.18832503,0.407073,98,16,0,1,2156,16.34003,20.174168,0.20213422,-9999.0,10.736341094970726,0,0.3160729783121496,52
-8210602,2020,8.0,36.21108910285791,-118.31710607138218,0.0520375,0.085285,0.0981274999999999,0.2595525,0.2228125,0.1686099999999999,0.45099252,0.061103303,0.19824108,47,2,0,1,2453,28.213852,228.40997,0.12962545,0.006,19.319995662730264,1,0.5107286984899214,28
-8210602,2020,9.0,36.318886936952254,-118.42490390547653,0.06514125,0.08494125,0.08532625,0.185825,0.1805725,0.147765,0.36553934,0.057393808,0.11551421,99,11,0,1,2607,19.033298,98.09254,0.10340137,0.009000001,19.36357368893096,1,4.00396857065735,28
-8210602,2021,2.0,37.917888142685,-120.02390511120927,0.0387825,0.0653475,0.0865225,0.1806275,0.25936,0.205735,0.35225528,-0.17894259,-0.06498431,100,13,0,1,1247,5.968294,231.73042,0.32038975,0.102000006,3.664478261130228,1,0.1165576544072893,27
-8210602,2025,8.0,36.91177502447114,-119.0177919929954,0.03483625,0.0574549999999999,0.0573174999999999,0.19100875,0.15937,0.103765,0.51035196,0.094874285,0.29765278,96,16,0,1,1452,26.384695,348.22546,0.15125887,0.009000001,21.605579220351387,1,1.0889747759792954,52
-8210602,2026,5.0,36.21108910285791,-118.31710607138218,0.05102,0.0852024999999999,0.09775625,0.2580537499999999,0.21938875,0.17343625,0.4487422,0.08324006,0.19816263,47,2,0,1,2453,28.213852,228.40997,0.13607162,-9999.0,9.863800877396784,0,0.248344509758883,52
-8210601,2020,9.0,37.127370692659824,-119.2333876611841,0.1288862499999999,0.16040125,0.15930125,0.1929475,0.13114125,0.10947125,0.18102002,0.17199245,0.25540277,99,21,1,1,1983,6.9455404,270.0,0.13372609,0.014,17.92018176184763,1,0.8015642289072276,28
-8210601,2025,9.0,37.01957285856548,-119.12558982708975,0.0512949999999999,0.0958999999999999,0.0643024999999999,0.2316949999999999,0.14738,0.0866049999999999,0.56552,0.222423,0.45582783,98,16,0,1,1769,18.056131,95.69947,0.17292279,0.028,16.426361295912045,1,1.6128195186978893,51
-8210601,2026,5.0,36.193122797175526,-118.2991397656998,0.05469125,0.0821224999999999,0.1020187499999999,0.23140625,0.3235725,0.25909875,0.39790168,-0.16986658,-0.05822972,78,10,0,1,2617,12.205009,68.02521,0.13607162,-9999.0,9.863800877396784,0,0.3635298939278492,52
-8208806,2020,9.0,37.181269609707,-119.26932027254888,0.14386,0.17153875,0.16601125,0.1593425,0.12945,0.12514625,0.012065562,0.029551016,0.034462783,100,21,1,1,1774,28.781755,335.9933,0.13372609,0.014,18.91290637122262,1,0.690510879456997,28
-8208806,2022,7.0,37.52262941767241,-119.6106800805143,0.0268749999999999,0.0416425,0.04035,0.14227875,0.0906199999999999,0.0558462499999999,0.523919,0.21410441,0.38137877,100,23,1,1,1611,24.569496,324.5241,0.11105084,0.006,20.2769590685445,1,1.3766501090592809,52
-8208806,2026,3.0,37.181269609707,-119.26932027254888,0.0244274999999999,0.033805,0.028085,0.1524674999999999,0.1055249999999999,0.0582524999999999,0.6289472,0.24198024,0.44405997,100,21,0,1,1774,28.781755,335.9933,0.26774788,-9999.0,9.369257473689288,1,0.2438076756110316,56
-8208806,2026,5.0,37.181269609707,-119.26932027254888,0.0318525,0.0562725,0.0340524999999999,0.3461774999999999,0.144795,0.0699949999999999,0.8147301,0.41017064,0.66362506,100,21,0,1,1774,28.781755,335.9933,0.21601163,-9999.0,11.209792770877982,0,0.442695025432234,52
-8208805,2020,9.0,36.229055408540304,-118.31710607138218,0.0595725,0.0727449999999999,0.08293375,0.10745,0.170205,0.192205,0.1311943,-0.22892982,-0.2856689,85,2,0,1,1994,26.76493,323.35782,0.11449808,0.008,17.357282998826804,1,0.3394194142548022,28
-8208805,2021,2.0,37.846022919955445,-119.93407358279732,0.0315225,0.0494799999999999,0.0656775,0.1302749999999999,0.2025725,0.1638525,0.329659,-0.21720909,-0.11415967,100,13,0,1,1229,11.724562,261.02527,0.2729915,0.095000006,2.8713380314055144,1,0.0998997574582544,27
-8208805,2026,5.0,36.229055408540304,-118.31710607138218,0.049095,0.0765125,0.0929575,0.23960125,0.21537375,0.17401375,0.43340304,0.0438011,0.15306142,85,2,0,1,1994,26.76493,323.35782,0.13607162,-9999.0,9.863800877396784,0,0.2016551631192366,52
-8207009,2020,9.0,37.145336998342216,-119.2154213555017,0.09500625,0.11180875,0.108055,0.1226025,0.11029625,0.1062124999999999,0.09690752,0.018396989,0.029992634,96,21,1,1,2301,15.198961,333.35184,0.13372609,0.014,17.92018176184763,1,0.5063120791316033,28
-8207009,2021,2.0,37.86398922563783,-119.93407358279732,0.037215,0.0600125,0.07687,0.2084849999999999,0.2458024999999999,0.17092,0.4612325,-0.08214512,0.09901029,40,14,0,1,1283,2.9909172,51.710033,0.2729915,0.095000006,2.235156972067728,1,0.111050164559856,27
-8207009,2022,7.0,37.52262941767241,-119.5927137748319,0.0430724999999999,0.0639724999999999,0.0652924999999999,0.149635,0.1385525,0.1032699999999999,0.34194273,0.021913774,0.08744643,100,23,1,1,1788,12.361953,343.77673,0.12634331,0.007,20.2769590685445,1,0.7738975423442966,52
-8207009,2026,5.0,36.8039771903768,-118.87406154753629,0.0369812499999999,0.0598337499999999,0.05229875,0.26151875,0.20121125,0.12582,0.6580957,0.1296912,0.35033637,57,16,0,1,1736,25.713787,24.823544,0.18896273,-9999.0,10.736341094970726,0,0.2579631969008756,52
-8207008,2020,9.0,36.2470217142227,-118.31710607138218,0.0405699999999999,0.0542099999999999,0.06211625,0.0947312499999999,0.13284625,0.1360775,0.20922656,-0.1680533,-0.17975639,88,20,0,1,2532,34.34189,267.28394,0.11449808,0.008,17.357282998826804,1,2.78518853496228,28
-8207008,2025,9.0,36.92974133015353,-118.99982568731302,0.0373525,0.0384249999999999,0.0440075,0.0774199999999999,0.1351425,0.1226849999999999,0.23535898,-0.27155542,-0.22620624,86,16,0,1,1420,19.074306,264.62747,0.19913723,0.032,17.539631695217565,1,1.5050532234211762,51
-8207008,2026,5.0,36.15719018581074,-118.22727454297024,0.027755,0.051515,0.05634125,0.2099425,0.16722125,0.1128674999999999,0.57680726,0.11320698,0.300688,87,9,0,1,2644,13.925591,297.19412,0.12647131,-9999.0,8.697373101019139,0,0.286931230276823,52
-8205212,2020,9.0,37.181269609707,-119.2333876611841,0.14315875,0.15982375,0.15894375,0.16169375,0.17862,0.1750725,0.04266603,-0.08392307,-0.07464076,75,20,0,1,2327,11.520321,265.4447,0.13372609,0.014,15.88660700056289,1,1.116228318056808,28
-8205212,2020,11.0,37.235168526754165,-119.28728657823126,0.0070199999999999,0.0241524999999999,0.0263525,0.0444199999999999,0.0760175,0.0835799999999999,0.25528982,-0.26235598,-0.3059375,89,17,0,1,1844,23.136292,272.17117,0.21165994,0.080000006,4.156740803188768,1,0.1544301563229125,14
-8205212,2021,2.0,37.935854448367394,-119.98797249984447,0.0531375,0.079455,0.0943875,0.2472599999999999,0.28631,0.1968524999999999,0.4474568,-0.07318627,0.113501646,31,13,0,1,1297,15.020493,147.62715,0.22239345,0.091000006,3.664478261130228,1,0.1134708841434783,27
-8205212,2022,1.0,37.917888142685,-119.9700061941621,0.0317149999999999,0.049425,0.05762,0.1776849999999999,0.18478,0.1278,0.5015823,-0.019574303,0.18102774,37,14,0,1,1099,9.825451,200.82086,0.32147902,0.083000004,3.740285656016397,1,0.2171434909881403,53
-8205212,2022,7.0,37.52262941767241,-119.57474746914951,0.0385899999999999,0.0492874999999999,0.0532199999999999,0.1106674999999999,0.1067624999999999,0.103325,0.30619237,-0.047921456,0.012580918,100,22,0,1,1893,13.8324375,350.457,0.12634331,0.007,20.2769590685445,1,9.949028866365552,52
-8205212,2026,5.0,36.76804457901201,-118.82016263048912,0.0410237499999999,0.06489375,0.06731375,0.2626325,0.20601,0.13218625,0.59203094,0.12082341,0.33040363,98,16,0,1,2137,15.965734,113.3326,0.18896273,-9999.0,9.249367178640057,0,0.3020579868555069,52
-8205211,2020,9.0,37.27110113811895,-119.32321918959605,0.1372324999999999,0.15464,0.1385799999999999,0.1468025,0.2464075,0.29236,0.028812207,-0.25331247,-0.33144337,51,14,0,1,919,19.88591,237.51822,0.10832068,0.022000002,19.233574231465692,1,1.2870513517409563,28
-8205211,2025,8.0,36.92974133015353,-118.98185938163064,0.0533575,0.0712599999999999,0.0837175,0.20656,0.2132425,0.1504049999999999,0.4232098,-0.021982288,0.16249248,85,16,0,1,2115,18.863827,216.34827,0.15125887,0.012,21.605579220351387,1,1.3987364773811013,52
-8205211,2026,5.0,36.2470217142227,-118.2991397656998,0.0511024999999999,0.0827825,0.08975375,0.28860625,0.24633875,0.1857975,0.51685214,0.054987907,0.19323656,45,2,0,1,2347,32.312317,79.679146,0.13607162,-9999.0,9.863800877396784,0,0.282956466350394,52
-8203416,2020,9.0,37.235168526754165,-119.26932027254888,0.0691149999999999,0.0928199999999999,0.07946875,0.1013999999999999,0.13367125,0.1411649999999999,0.115538575,-0.14186482,-0.16891514,98,20,0,1,2356,8.00338,313.69318,0.12880318,0.019000001,18.91290637122262,1,0.4952410496413134,28
-8203416,2026,5.0,37.235168526754165,-119.26932027254888,0.06158,0.0784375,0.0852299999999999,0.2098875,0.224765,0.1820574999999999,0.41096097,-0.058182776,0.041341074,98,20,0,1,2356,8.00338,313.69318,0.19672641,-9999.0,11.209792770877982,0,0.329576096855677,52
-8203415,2020,9.0,37.19923591538939,-119.2333876611841,0.1588475,0.1937999999999999,0.18885,0.18880875,0.1328049999999999,0.10784875,0.108121976,0.0593457,0.13352083,99,21,1,1,1657,34.554478,289.2127,0.13372609,0.014,15.88660700056289,1,2.8721454238984734,28
-8203415,2022,1.0,37.917888142685,-119.95203988847972,0.041945,0.06928,0.0841299999999999,0.2467099999999999,0.1919024999999999,0.12164,0.4914158,0.12495654,0.3395412,60,13,0,1,1370,25.783909,219.58046,0.32147902,0.083000004,3.740285656016397,1,0.22338815460292,53
-8203415,2026,5.0,36.76804457901201,-118.80219632480672,0.02994125,0.0493425,0.0400062499999999,0.23162625,0.14241625,0.0790425,0.7149524,0.25196415,0.50544196,100,16,0,1,1739,25.167896,2.46484,0.18896273,-9999.0,9.249367178640057,0,0.3073891052247389,52
-8201619,2020,9.0,37.235168526754165,-119.25135396686647,0.0931362499999999,0.11733625,0.11010375,0.1352662499999999,0.19692125,0.22766625,0.102724545,-0.18770336,-0.25651458,99,20,0,1,2311,9.6343,106.62353,0.12880318,0.019000001,18.91290637122262,1,0.35070126511467,28
-8201619,2021,2.0,37.86398922563783,-119.88017466575016,0.0337774999999999,0.0562449999999999,0.0660075,0.18555,0.1853575,0.1357475,0.47520944,0.0005189973,0.15500432,95,14,0,1,1341,4.7788615,281.1648,0.2729915,0.098000005,2.235156972067728,1,0.1046831500442589,27
-8201619,2026,5.0,36.76804457901201,-118.78423001912434,0.0345612499999999,0.05887125,0.04985125,0.27702875,0.17156625,0.0961475,0.6963914,0.23082215,0.48069113,98,16,0,1,1848,24.941319,271.99475,0.18896273,-9999.0,9.249367178640057,0,0.2535946920514106,52
-8201618,2020,9.0,37.21720222107178,-119.2333876611841,0.16366,0.18388625,0.1827724999999999,0.200675,0.20024875,0.20555625,0.091408916,-0.030041328,-0.042874835,41,21,1,1,2045,26.782621,104.86628,0.12880318,0.019000001,15.88660700056289,1,2.3321163591674785,28
-8201618,2022,1.0,37.935854448367394,-119.95203988847972,0.5623,0.58530375,0.6000987500000001,0.64913125,0.154475,0.105195,0.21466875,0.50361246,0.604736,75,13,0,1,1437,15.173833,100.31535,0.26059344,0.083000004,3.740285656016397,1,0.3289201341738755,53
-8201618,2026,5.0,36.2470217142227,-118.263207154335,0.04475,0.06841375,0.08296125,0.20187125,0.24972125,0.18982625,0.41715318,-0.10623525,0.030599456,85,2,0,1,2702,10.817853,227.33374,0.13607162,-9999.0,9.863800877396784,0,0.2556364672631025,52
-8199822,2020,9.0,37.27110113811895,-119.26932027254888,0.1261225,0.13072875,0.1221212499999999,0.11868375,0.13886875,0.152055,-0.0025502946,-0.107129455,-0.15259288,93,20,0,1,2457,14.220068,320.0453,0.12880318,0.019000001,19.233574231465692,1,0.5069261689742024,28
-8199822,2020,11.0,37.27110113811895,-119.26932027254888,0.0414225,0.12296,0.1412749999999999,0.1541725,0.006635,0.0211824999999999,0.043654118,0.917479,0.7584044,93,20,0,1,2457,14.220068,320.0453,0.22822054,0.080000006,4.079730712042931,1,0.1986330663068936,14
-8199822,2021,8.0,38.60060775861584,-120.59882689304575,0.0290887499999999,0.0629962499999999,0.0480637499999999,0.28233625,0.1766262499999999,0.0830162499999999,0.7056916,0.22814198,0.54263186,64,22,1,1,961,35.572388,72.88801,0.15559267,0.004,24.183951847527624,1,2.395599679090082,28
-8199822,2021,10.0,37.27110113811895,-119.26932027254888,0.1006024999999999,0.0966974999999999,0.0871549999999999,0.1368475,0.1480675,0.1273325,0.22183904,-0.039380167,0.03601711,93,20,0,1,2457,14.220068,320.0453,0.26712257,0.09,8.800767845235896,1,0.4394370214641094,25
-8199822,2026,5.0,36.786010884694406,-118.78423001912434,0.034355,0.05212,0.0426324999999999,0.2253425,0.14331,0.0880624999999999,0.6697266,0.21750686,0.40380645,99,16,0,1,1801,21.423084,317.95618,0.18896273,-9999.0,9.249367178640057,0,0.3988900285912677,52
-8199821,2026,5.0,37.95382075404979,-119.95203988847972,0.02372625,0.04044625,0.03742125,0.23151625,0.12954625,0.0738725,0.6973881,0.2598072,0.4877606,95,4,0,1,1742,11.518196,342.4085,0.21470775,-9999.0,12.597236067248955,0,0.3038850818639216,52
-8198026,2020,9.0,37.37889897221329,-119.35915180096084,0.23126875,0.26091375,0.264035,0.2495562499999999,0.21622625,0.22471,-0.014827935,-0.009505009,-0.027284853,32,20,0,1,1347,8.149252,205.2633,0.13234802,0.020000001,18.83216635386151,1,0.8374004852026701,28
-8198026,2026,5.0,37.37889897221329,-119.35915180096084,0.066805,0.0877049999999999,0.0966425,0.2557575,0.2441525,0.193635,0.45823207,0.007856717,0.11987083,32,20,0,1,1347,8.149252,205.2633,0.20781532,-9999.0,11.156877259285238,0,0.2041480480895742,52
-8198025,2020,9.0,37.19923591538939,-119.17948874413692,0.142155,0.16848625,0.1696137499999999,0.1969625,0.1740275,0.15355375,0.12145276,0.04543092,0.11216673,96,22,0,1,2322,6.010429,202.7082,0.1348195,0.013,15.88660700056289,1,2.9286741601193653,28
-8198025,2021,8.0,38.61857406429823,-120.59882689304575,0.0314949999999999,0.07218125,0.0562587499999999,0.260845,0.18841,0.0982374999999999,0.64479786,0.16045679,0.4516923,34,21,0,1,963,8.437657,236.93193,0.15559267,0.004,24.183951847527624,1,3.81474749012185,28
-8198025,2025,4.0,37.25313483243656,-119.2333876611841,0.1886025,0.1746599999999999,0.2015549999999999,0.3034699999999999,0.2134349999999999,0.1936075,0.2018019,0.17418094,0.22101684,71,20,0,1,2491,12.148744,121.76113,0.24127425,0.07700001,4.097212664286303,1,0.2672316794368354,51
-8198025,2026,5.0,36.87584241310636,-118.8560952418539,0.0551174999999999,0.0836075,0.0837999999999999,0.309575,0.234555,0.1508999999999999,0.57394344,0.13787146,0.34458983,72,15,0,1,1848,16.984606,147.99261,0.2161225,-9999.0,10.10202962403656,0,0.2739014621500087,52
-8196229,2020,9.0,37.235168526754165,-119.19745504981933,0.08787,0.1121525,0.0918575,0.0931362499999999,0.09233875,0.08763625,0.28791678,-0.12558554,-0.10709694,100,23,0,1,2282,18.899498,353.1786,0.13923958,0.014,15.88660700056289,1,1.0893584370302658,28
-8196229,2020,11.0,37.25313483243656,-119.2154213555017,-0.0061799999999999,0.0180474999999999,0.0287175,0.060645,0.1255175,0.14133,0.35728073,-0.34847245,-0.39948013,89,20,0,1,2365,19.631886,176.73163,0.22822054,0.080000006,2.6894909116957137,1,0.1927859435001244,14
-8196229,2021,8.0,38.60060775861584,-120.56289428168098,0.01492625,0.0507725,0.0281674999999999,0.1751275,0.09187125,0.054485,0.7053045,0.2967596,0.5082524,97,22,1,1,1090,8.300559,276.3704,0.15559267,0.004,24.183951847527624,1,1.5857634825259448,28
-8196229,2025,4.0,37.25313483243656,-119.2154213555017,0.073405,0.0916374999999999,0.1012899999999999,0.1918475,0.2460224999999999,0.2253975,0.308925,-0.13082598,-0.08757645,89,20,0,1,2365,19.631886,176.73163,0.24127425,0.07700001,4.097212664286303,1,0.3148413541388105,51
-8196229,2026,5.0,36.96567394151831,-118.92796046458344,0.0426325,0.0568225,0.0652374999999999,0.20800375,0.2108775,0.1414675,0.52209663,-0.0069958423,0.19035032,100,16,0,1,2500,7.467608,188.89163,0.20140424,-9999.0,8.274230144869932,0,0.2763727624745418,52
-8196228,2026,5.0,36.87584241310636,-118.8381289361715,0.04024,0.0660899999999999,0.047885,0.362705,0.1961925,0.1010975,0.7697135,0.29423678,0.56404936,96,16,0,1,1762,32.925526,90.0,0.2161225,-9999.0,9.701281976187149,0,0.2437839596718549,52
-8194433,2026,5.0,36.83990980174158,-118.78423001912434,0.0421924999999999,0.065155,0.066365,0.2081825,0.1559875,0.1112175,0.51654994,0.16255204,0.30754372,85,16,0,1,2582,25.676159,143.91238,0.2161225,-9999.0,9.249367178640057,0,0.3284823939514656,52
-8194432,2020,9.0,37.25313483243656,-119.19745504981933,0.118505,0.14005125,0.129175,0.1651175,0.1006712499999999,0.0701875,0.20186085,0.23228157,0.39423367,98,23,0,1,2208,11.051592,185.97676,0.13923958,0.014,17.82796984778514,1,0.7740572491741698,28
-8194432,2021,8.0,38.58264145293345,-120.5269616703162,0.03354375,0.0580325,0.0465374999999999,0.17189625,0.12511875,0.0784237499999999,0.5393796,0.1321129,0.3461358,90,21,0,1,1081,34.531223,228.79732,0.17086446,0.003,23.1137994827763,1,1.134102249231476,28
-8194432,2026,5.0,36.85787610742397,-118.80219632480672,0.045355,0.0642475,0.064385,0.24902,0.1907475,0.1278,0.5891259,0.13250752,0.32169205,87,16,0,1,2203,20.618841,18.821934,0.2161225,-9999.0,9.701281976187149,0,0.2214504971634596,52
-8192636,2021,8.0,38.60060775861584,-120.5269616703162,0.0321962499999999,0.0539487499999999,0.0431,0.13600875,0.09778375,0.07017375,0.5014942,0.14398189,0.3075048,58,21,0,1,1229,9.26882,352.70825,0.17086446,0.004,23.1137994827763,1,1.0226241702643724,28
-8192636,2023,2.0,38.60060775861584,-120.5269616703162,0.0280024999999999,0.033805,0.0381499999999999,0.0878975,0.11185,0.0807474999999999,0.39467263,-0.11991389,0.04239675,58,21,0,1,1229,9.26882,352.70825,0.48754796,0.22600001,2.2222494897388287,1,1.477061666646286,42
-8192636,2026,5.0,36.83990980174158,-118.76626371344194,0.0413949999999999,0.061415,0.0700775,0.214535,0.1920125,0.140945,0.5075585,0.06817719,0.2177435,91,16,0,1,2574,20.89415,211.99532,0.2161225,-9999.0,9.249367178640057,0,0.3270813351566041,52
-8192635,2020,9.0,37.450764194942856,-119.37711810664322,0.1204299999999999,0.1202375,0.1099525,0.12538,0.2074125,0.2455275,0.06555618,-0.24649744,-0.32392848,75,16,0,1,1640,3.883614,162.52022,0.14305186,0.026,16.44934842851427,1,2.427123502207299,28
-8192635,2021,8.0,38.56467514725106,-120.49102905895144,0.02130625,0.0467162499999999,0.03469875,0.17800125,0.0979624999999999,0.0551312499999999,0.6726073,0.2893346,0.5260098,100,22,1,1,1291,6.5764294,327.40253,0.17086446,0.004,23.1137994827763,1,0.7439782881626377,28
-8192635,2024,11.0,36.82194349605919,-118.74829740775957,0.04508,0.0496999999999999,0.06477,0.0983749999999999,0.1834325,0.2005374999999999,0.17609143,-0.30182838,-0.33907035,89,15,0,1,2001,27.77885,273.52365,0.17468037,0.087000005,1.6868620554606082,1,1.5368223228802285,47
-8192635,2026,5.0,36.82194349605919,-118.74829740775957,0.0474175,0.0728825,0.0755775,0.261725,0.2102725,0.1486175,0.5573526,0.11475217,0.272904,89,15,0,1,2001,27.77885,273.52365,0.2161225,-9999.0,8.994660252396784,0,0.2938820913340896,52
-8190839,2020,9.0,37.43279788926046,-119.34118549527844,0.1887125,0.21078125,0.21056125,0.19848875,0.19452875,0.2203925,-0.016133258,-0.04722421,-0.10430599,87,17,0,1,1801,9.266519,187.17772,0.13234802,0.026,19.69589248233376,1,2.135823874101043,28
-8190839,2021,8.0,38.60060775861584,-120.50899536463382,0.0420412499999999,0.0664062499999999,0.054045,0.18572875,0.1202237499999999,0.1019362499999999,0.47192997,0.15347141,0.24852458,33,21,0,1,1200,17.420925,191.4221,0.17086446,0.004,23.1137994827763,1,0.813103290203099,28
-8190839,2023,2.0,38.60060775861584,-120.50899536463382,0.0595724999999999,0.0753025,0.0987325,0.1630275,0.22977,0.1800775,0.24562576,-0.1699158,-0.04969324,33,21,0,1,1200,17.420925,191.4221,0.48754796,0.22600001,2.2222494897388287,1,1.32676288321176,42
-8190839,2024,10.0,36.82194349605919,-118.73033110207716,0.0249224999999999,0.0355649999999999,0.0386725,0.0727999999999999,0.0959275,0.0791525,0.25717118,-0.13847429,-0.13819382,100,16,0,1,1969,28.759783,302.0663,0.14588101,0.015000001,12.00655769840364,1,4.401202834139649,50
-8190839,2026,5.0,36.82194349605919,-118.73033110207716,0.0374349999999999,0.0580324999999999,0.0578124999999999,0.2497625,0.1706174999999999,0.1162774999999999,0.6251596,0.18656246,0.368481,100,16,0,1,1969,28.759783,302.0663,0.2161225,-9999.0,8.994660252396784,0,0.2526792691399653,52
-8190838,2020,9.0,37.41483158357807,-119.32321918959605,0.18922125,0.21749125,0.2220012499999999,0.21338,0.18396875,0.19147625,0.12025577,-0.09142309,-0.10931142,53,20,0,1,1558,2.9798439,128.45856,0.13234802,0.026,19.69589248233376,1,1.3411958461254836,28
-8190838,2021,8.0,38.58264145293345,-120.49102905895144,0.0217325,0.0456299999999999,0.0289237499999999,0.17318875,0.08755375,0.0467987499999999,0.6878321,0.30750677,0.5493798,97,22,1,1,1353,2.5461173,111.34832,0.17086446,0.004,23.1137994827763,1,0.925555525849072,28
-8190838,2026,5.0,37.32500005516612,-119.2333876611841,0.0356749999999999,0.0583624999999999,0.05014,0.2755025,0.1474625,0.0843499999999999,0.67837334,0.29213122,0.5156698,98,14,0,1,2084,22.115698,336.37534,0.19793867,-9999.0,10.128113293391436,0,0.2660788206849247,52
-8189043,2026,5.0,37.86398922563783,-119.7544105259734,0.030065,0.0623225,0.067245,0.289665,0.227955,0.1381125,0.60848796,0.08447639,0.32957715,92,13,0,1,2141,13.23105,308.28998,0.21491593,-9999.0,11.429380199473428,0,0.2637071187567452,52
-8189042,2020,9.0,37.46873050062524,-119.35915180096084,0.1685825,0.19683875,0.19523,0.18971625,0.1134175,0.085945,0.018155634,0.10961795,0.20009072,99,21,1,1,2043,22.193747,315.57993,0.14305186,0.026,16.44934842851427,1,1.7690333839661132,28
-8189042,2021,8.0,38.58264145293345,-120.47306275326903,0.0504837499999999,0.05927,0.04739,0.16892625,0.1081649999999999,0.08886,0.4936753,0.16901824,0.27925998,85,21,0,1,1303,15.585568,158.21024,0.17086446,0.004,23.1137994827763,1,1.3362034251913428,28
-8189042,2023,2.0,38.60060775861584,-120.49102905895144,0.150735,0.174605,0.18852,0.179225,0.0369124999999999,0.041835,-0.025275666,0.65843505,0.6215055,100,21,0,1,1379,13.113985,257.96802,0.48754796,0.21000001,2.2222494897388287,1,1.031681291200221,42
-8189042,2026,5.0,37.34296636084851,-119.2333876611841,0.0664474999999999,0.0926549999999999,0.1026099999999999,0.2636225,0.2759975,0.2129125,0.4395535,-0.032546915,0.09173452,79,13,0,1,1751,2.1902747,147.83353,0.19793867,-9999.0,10.128113293391436,0,0.2994527771899646,52
-8187246,2020,9.0,37.37889897221329,-119.25135396686647,0.17492125,0.2128712499999999,0.215635,0.2207087499999999,0.1443275,0.1125787499999999,0.056187257,0.1577023,0.26505503,45,21,1,1,1605,11.522591,315.61423,0.1402074,0.020000001,19.69589248233376,1,2.272657038271427,28
-8187246,2021,8.0,38.60060775861584,-120.47306275326903,0.0596137499999999,0.0634499999999999,0.05169375,0.1443275,0.1069962499999999,0.09227,0.40939817,0.1003387,0.20424451,98,21,0,1,1338,14.994748,218.2178,0.17086446,0.004,23.1137994827763,1,0.5576090219244361,28
-8187246,2024,10.0,36.83990980174158,-118.71236479639477,0.0667774999999999,0.091335,0.1018675,0.19061,0.2415125,0.20568,0.26408926,-0.096816994,-0.098754704,79,16,0,1,2228,4.366015,211.99532,0.16386655,0.015000001,12.00655769840364,1,15.78615369796753,50
-8187246,2024,11.0,36.8039771903768,-118.67643218503,0.0474999999999999,0.0635875,0.077695,0.119055,0.228505,0.2245174999999999,0.21211217,-0.31518057,-0.3398647,45,15,0,1,1821,5.7753787,143.15384,0.15934347,0.09200001,1.6868620554606082,1,1.6857784055173397,47
-8187246,2026,5.0,36.8039771903768,-118.67643218503,0.05157,0.0789874999999999,0.0800325,0.2928,0.247205,0.1769425,0.57071936,0.08214671,0.2407477,45,15,0,1,1821,5.7753787,143.15384,0.19598785,-9999.0,8.994660252396784,0,0.1783847781674315,52
-8187245,2020,9.0,37.3609326665309,-119.2333876611841,0.13793375,0.1717725,0.17728625,0.21325625,0.17426125,0.1440525,0.13991351,0.05551238,0.14526393,73,20,0,1,1717,11.757034,231.5214,0.13334306,0.020000001,20.303585624694847,1,9.526855547291538,28
-8187245,2021,8.0,38.58264145293345,-120.45509644758664,0.0383287499999999,0.0629412499999999,0.05422375,0.16306875,0.10993875,0.09500625,0.4779069,0.17494665,0.2797051,98,21,0,1,1437,13.866736,49.02347,0.17086446,0.004,23.1137994827763,1,1.4050337728802804,28
-8187245,2023,2.0,38.63654036998062,-120.50899536463382,0.0577575,0.0672174999999999,0.0863025,0.152495,0.227185,0.1895375,0.27719092,-0.19671829,-0.10830111,91,21,0,1,1220,17.28021,152.20432,0.48754796,0.22600001,2.2222494897388287,1,1.1059242592138403,42
-8187245,2026,5.0,37.3609326665309,-119.2333876611841,0.0652924999999999,0.0891899999999999,0.101125,0.2259749999999999,0.2513575,0.205295,0.38168755,-0.05317572,0.04575088,73,20,0,1,1717,11.757034,231.5214,0.19793867,-9999.0,12.559092376052718,0,0.3148104626199473,52
-8185449,2020,9.0,37.450764194942856,-119.30525288391364,0.1435025,0.1916,0.200675,0.2287112499999999,0.174,0.180875,0.14440571,0.097704135,0.1006279,45,21,1,1,2108,23.547068,79.29635,0.14305186,0.026,18.123683823479556,1,1.195945066710313,28
-8185449,2021,8.0,38.60060775861584,-120.45509644758664,0.0494112499999999,0.0548149999999999,0.041505,0.1316224999999999,0.0694449999999999,0.0458775,0.47198665,0.26136276,0.42877632,100,21,0,1,1325,27.16287,336.1915,0.17086446,0.004,23.1137994827763,1,1.1898428672510717,28
-8185449,2024,8.0,38.83416973248691,-120.68865842145772,0.0151049999999999,0.0286899999999999,0.0336812499999999,0.070325,0.09588625,0.08752625,0.3098793,-0.1897849,-0.14257006,100,24,0,1,989,8.476251,77.45268,0.16780253,0.009000001,23.466510350217103,1,1.7634647717842689,56
-8185449,2026,5.0,37.450764194942856,-119.30525288391364,0.0475825,0.06961,0.06323,0.267445,0.19655,0.12747,0.6175701,0.1666991,0.38114488,45,21,0,1,2108,23.547068,79.29635,0.20709796,-9999.0,10.263301570441172,0,0.2645421836238641,52
-8185448,2020,9.0,37.46873050062524,-119.32321918959605,0.0668599999999999,0.066145,0.0659799999999999,0.077145,0.134345,0.16476,0.07800873,-0.27046195,-0.36218762,46,21,1,1,2076,7.882452,117.88432,0.14305186,0.026,18.123683823479556,1,1.3409644282924442,28
-8185448,2021,8.0,38.63654036998062,-120.49102905895144,0.0246887499999999,0.0489712499999999,0.0307112499999999,0.1756775,0.0879387499999999,0.0451212499999999,0.6788021,0.3148641,0.5700813,100,22,1,1,1328,2.5477748,111.33373,0.17086446,0.004,23.1137994827763,1,0.3364026307314634,28
-8185448,2026,5.0,37.46873050062524,-119.32321918959605,0.0925449999999999,0.11035125,0.12872125,0.1927275,0.307925,0.2853475,0.19862863,-0.23073795,-0.19440041,46,21,0,1,2076,7.882452,117.88432,0.20709796,-9999.0,10.263301570441172,0,0.2125273624864908,52
-8183653,2021,8.0,38.60060775861584,-120.43713014190423,0.032705,0.059875,0.04613875,0.16014,0.099475,0.06390375,0.54265994,0.22214481,0.420249,100,21,0,1,1457,10.163242,353.36493,0.17086446,0.004,22.161372777467136,1,2.1081075476109983,28
-8183653,2026,5.0,36.83990980174158,-118.67643218503,0.0373525,0.0610025,0.0639175,0.2545475,0.188135,0.11295,0.59099406,0.15465567,0.38407782,80,16,0,1,2093,8.2891,180.0,0.21921335,-9999.0,8.994660252396784,0,0.2692210387438535,52
-8183652,2020,9.0,37.39686527789568,-119.2333876611841,0.07456,0.1001349999999999,0.0864674999999999,0.0964499999999999,0.1148474999999999,0.1234549999999999,0.05457378,-0.087069176,-0.122803025,98,16,0,1,2032,13.678521,329.8453,0.1402074,0.020000001,20.303585624694847,1,1.3613354834643276,28
-8183652,2021,8.0,38.58264145293345,-120.41916383622186,0.02105875,0.0477475,0.0314949999999999,0.1834599999999999,0.0968899999999999,0.0536187499999999,0.7069569,0.30865464,0.54769903,100,21,0,1,1445,5.082218,291.34833,0.17086446,0.004,22.161372777467136,1,1.0145646002143622,28
-8183652,2022,9.0,37.64839355744915,-119.48491594073757,0.02495,0.045465,0.0434849999999999,0.12384,0.1400925,0.13726,0.36527044,-0.23098744,-0.24431148,95,1,0,1,2447,7.428776,308.3712,0.20277943,0.037,13.830331018235997,1,37.92170841515892,53
-8183652,2023,10.0,38.07958489382652,-119.91610727711492,0.0213474999999999,0.03560625,0.028855,0.09118375,0.061305,0.04360875,0.5204042,0.20170856,0.3439345,100,24,1,1,2019,28.659428,281.96542,0.15047121,0.026,9.081300805204704,1,1.8568912443837948,53
-8183652,2026,5.0,37.39686527789568,-119.2333876611841,0.0369124999999999,0.0595724999999999,0.0516524999999999,0.27443,0.157225,0.097495,0.66709423,0.27152473,0.47572765,98,16,0,1,2032,13.678521,329.8453,0.20886281,-9999.0,12.559092376052718,0,0.2640320764305374,52
-8181856,2020,9.0,37.37889897221329,-119.19745504981933,0.1153975,0.1751825,0.163935,0.19208125,0.1617762499999999,0.1375074999999999,0.08250525,0.03308455,0.112350255,78,20,0,1,2149,33.60885,258.76398,0.14485113,0.017,20.303585624694847,1,1.5448348474545548,28
-8181856,2021,8.0,38.61857406429823,-120.43713014190423,0.0430312499999999,0.0720575,0.0605212499999999,0.166465,0.11516375,0.097275,0.4265129,0.14634562,0.25271687,98,21,0,1,1541,5.0844254,291.33853,0.17086446,0.004,22.161372777467136,1,1.2421391914012256,28
-8181856,2026,5.0,36.8039771903768,-118.62253326798282,0.0492324999999999,0.07423,0.0732674999999999,0.2829825,0.22405,0.1290925,0.5953791,0.14543572,0.38897243,99,5,0,1,2321,21.119873,109.58874,0.18323933,-9999.0,8.679834353539263,0,0.2532915456865269,52
-8181855,2020,9.0,37.46873050062524,-119.28728657823126,0.0844599999999999,0.0843499999999999,0.08743,0.1111075,0.181095,0.19754,0.11925959,-0.23951712,-0.2800363,73,20,0,1,2141,6.107103,107.613266,0.14305186,0.020000001,18.123683823479556,1,1.0266537487041203,28
-8181855,2021,8.0,38.58264145293345,-120.40119753053948,0.0185287499999999,0.0397862499999999,0.0247712499999999,0.1637975,0.06522375,0.0337912499999999,0.73530376,0.4297324,0.65748715,100,21,0,1,1547,17.277557,332.22208,0.17086446,0.004,22.161372777467136,1,1.291470364081087,28
-8181855,2022,9.0,39.01383278931082,-120.83238886691684,0.0404049999999999,0.0517349999999999,0.0603974999999999,0.1667675,0.15552,0.0996675,0.43313602,0.08393262,0.22557883,36,23,1,1,859,23.703947,185.44579,0.296006,0.019000001,22.25285163455544,1,4.633154874498194,53
-8181855,2026,5.0,37.46873050062524,-119.28728657823126,0.0700224999999999,0.09172,0.1054975,0.239395,0.2913975,0.2545475,0.38184875,-0.1109151,-0.030676648,73,20,0,1,2141,6.107103,107.613266,0.20709796,-9999.0,10.263301570441172,0,0.2382552703881325,52
-8180059,2020,9.0,37.43279788926046,-119.2333876611841,0.0418625,0.0789325,0.05674,0.08589,0.0995575,0.0853674999999999,0.20437495,-0.0737001,0.0030509613,98,16,0,1,1528,16.524698,310.90082,0.1402074,0.020000001,20.303585624694847,1,3.402840218547246,28
-8180059,2021,8.0,38.60060775861584,-120.40119753053948,0.0208249999999999,0.0490949999999999,0.0260499999999999,0.20011125,0.07482125,0.03739375,0.76506644,0.45341185,0.6814675,100,22,1,1,1600,17.278446,332.21613,0.17086446,0.004,22.161372777467136,1,0.5256920329740514,28
-8180059,2022,8.0,37.66635986313154,-119.46694963505516,0.048765,0.06761625,0.08765,0.20033125,0.24840125,0.23494,0.365787,-0.13550352,-0.065755785,95,1,0,1,2413,9.468187,258.80606,0.22326873,0.030000001,17.800165861396408,1,16.496669266954996,52
-8180059,2022,9.0,39.01383278931082,-120.81442256123444,0.0395524999999999,0.058555,0.0683999999999999,0.2306225,0.190775,0.13534875,0.46816745,0.11931363,0.22554345,60,23,1,1,846,25.835564,205.4858,0.296006,0.019000001,22.25285163455544,1,1.57126612637354,53
-8180059,2026,5.0,37.43279788926046,-119.2333876611841,0.043375,0.06389,0.0616349999999999,0.2759425,0.1843675,0.114655,0.6152502,0.16787119,0.38590288,98,16,0,1,1528,16.524698,310.90082,0.20886281,-9999.0,12.559092376052718,0,0.2899375916035338,52
-8180058,2026,5.0,37.32500005516612,-119.12558982708975,0.0533849999999999,0.0719475,0.083635,0.186485,0.2414025,0.18853375,0.37977186,-0.12917224,-0.0064930916,97,21,0,1,2421,28.4095,48.82284,0.20019738,-9999.0,8.021484219130684,0,0.2394607655704021,52
-8178263,2020,9.0,37.486696806307634,-119.26932027254888,0.071755,0.0706824999999999,0.0734874999999999,0.0923249999999999,0.1355275,0.1593425,0.113607235,-0.1896073,-0.26629382,99,20,0,1,2079,8.178505,276.46722,0.14646074,0.020000001,18.123683823479556,1,1.480376701258744,28
-8178263,2021,8.0,38.60060775861584,-120.38323122485708,0.0202474999999999,0.0480224999999999,0.0292812499999999,0.24391875,0.1023625,0.0489437499999999,0.7837764,0.40793517,0.66433334,90,22,1,1,1735,15.791571,30.842745,0.17398493,0.004,22.161372777467136,1,2.5062886834144598,28
-8178263,2026,5.0,37.486696806307634,-119.26932027254888,0.0664474999999999,0.0810225,0.09139,0.17565,0.2600475,0.2162125,0.31564766,-0.19353497,-0.10323561,99,20,0,1,2079,8.178505,276.46722,0.20799866,-9999.0,10.263301570441172,0,0.2164729485369247,52
-8178262,2020,9.0,37.34296636084851,-119.12558982708975,0.09646375,0.1150125,0.0991862499999999,0.15011625,0.0870449999999999,0.05760625,0.3190711,0.26517949,0.44839093,95,21,1,1,2202,14.505534,59.963722,0.14236832,0.017,16.053856892055933,1,1.1980529570871072,28
-8178262,2020,11.0,37.39686527789568,-119.17948874413692,-0.0082425,0.109705,0.1044525,0.1361325,0.0568775,0.0619649999999999,0.13167903,0.41062638,0.37439898,78,20,0,1,2229,15.945964,266.75217,0.20851006,0.055000003,4.321408229404028,1,0.1374173794562617,14
-8178262,2021,8.0,38.61857406429823,-120.40119753053948,0.11114875,0.13127875,0.11893125,0.2382125,0.1147925,0.06497625,0.41759095,0.34947422,0.57345927,72,1,0,1,1581,13.224428,195.33693,0.17086446,0.004,22.161372777467136,1,1.372187465912214,28
-8178262,2026,5.0,37.34296636084851,-119.12558982708975,0.0473625,0.06382125,0.07181,0.1896475,0.19518875,0.1474625,0.45054156,-0.014305847,0.12515973,95,21,0,1,2202,14.505534,59.963722,0.20019738,-9999.0,8.021484219130684,0,0.2386108238995075,52
-8176466,2020,9.0,37.50466311199003,-119.26932027254888,0.1185325,0.13320375,0.1249674999999999,0.172185,0.1629175,0.15349875,0.1441007,0.002345482,0.06675345,82,20,0,1,2162,1.8543341,180.0,0.14646074,0.022000002,18.123683823479556,1,0.9184431844235708,28
-8176466,2021,8.0,38.6724729813454,-120.43713014190423,0.04629,0.073075,0.0620199999999999,0.175925,0.1163875,0.10094625,0.42556578,0.15927227,0.25325742,78,21,0,1,1574,11.52844,162.24426,0.16887635,0.004,22.149065989832764,1,0.4694658259216409,28
-8176466,2022,9.0,38.94196756658126,-120.70662472714012,0.0274799999999999,0.0400337499999999,0.03293875,0.173615,0.0930537499999999,0.05438875,0.5563862,0.21653067,0.34812245,95,2,0,1,1290,9.525403,330.2552,0.34289837,0.019000001,21.427962854173472,1,0.3765561295052369,53
-8176466,2026,5.0,37.50466311199003,-119.26932027254888,0.0465649999999999,0.0685375,0.06412375,0.2605975,0.18696625,0.1196049999999999,0.60449195,0.16353221,0.36972225,82,20,0,1,2162,1.8543341,180.0,0.20799866,-9999.0,10.263301570441172,0,0.2401985269195089,52
-8176465,2021,8.0,38.63654036998062,-120.40119753053948,0.10127625,0.11623625,0.1064187499999999,0.19466625,0.1199899999999999,0.10369625,0.3768773,0.2477872,0.35077745,95,21,0,1,1700,5.6716123,347.95554,0.17086446,0.004,22.161372777467136,1,0.5232876795530319,28
-8176465,2022,9.0,39.01383278931082,-120.77848994986968,0.03104125,0.04442,0.05009875,0.2227025,0.15941125,0.08425375,0.58464205,0.1737568,0.4278213,51,23,1,1,616,19.782558,119.67428,0.3515032,0.019000001,22.25285163455544,1,1.7812249616465785,53
-8176465,2026,5.0,38.24128164496803,-120.00593880552688,0.0315774999999999,0.0585137499999999,0.05694625,0.26363625,0.19340125,0.11411875,0.63476044,0.1499879,0.3938274,78,17,0,1,1704,28.392138,188.77322,0.25463712,-9999.0,10.669485941240907,0,0.3114593913778662,52
-8174670,2020,9.0,37.52262941767241,-119.26932027254888,0.0508825,0.0621849999999999,0.061415,0.12462375,0.14419,0.139185,0.3184058,-0.086291276,-0.019890921,95,20,0,1,2135,3.6239903,104.80852,0.14646074,0.022000002,18.123683823479556,1,0.7224084641068027,28
-8174670,2026,5.0,37.52262941767241,-119.26932027254888,0.06096125,0.07611375,0.0816824999999999,0.1846425,0.24320375,0.19727875,0.38503456,-0.13924426,-0.035711158,95,20,0,1,2135,3.6239903,104.80852,0.20799866,-9999.0,10.263301570441172,0,0.2245555835931251,52
-8174669,2020,9.0,37.39686527789568,-119.14355613277216,0.0581425,0.0923112499999999,0.0744499999999999,0.1356375,0.15820125,0.13991375,0.29130825,-0.07980701,-0.008594319,31,21,1,1,2016,3.7047918,-0.0,0.14485113,0.017,18.042043198479572,1,1.2382322391090186,28
-8174669,2021,8.0,38.61857406429823,-120.36526491917468,0.03040875,0.05562625,0.04424125,0.23066375,0.13001375,0.0712325,0.67768985,0.27957323,0.5283748,78,21,0,1,1763,20.486397,150.06021,0.17398493,0.004,22.161372777467136,1,2.303022631444037,28
-8174669,2022,9.0,38.92400126089887,-120.67069211577532,0.0260362499999999,0.0355237499999999,0.03596375,0.12731875,0.0882274999999999,0.08785625,0.32807755,-0.033652965,-0.12078462,100,22,0,1,1220,8.988382,307.88214,0.34289837,0.020000001,21.427962854173472,1,0.4047574826649257,53
-8174669,2026,5.0,37.39686527789568,-119.14355613277216,0.0777224999999999,0.0997224999999999,0.1109425,0.2241325,0.268435,0.2220975,0.33780497,-0.089941986,-0.0011030395,31,21,0,1,2016,3.7047918,-0.0,0.19977567,-9999.0,9.98969605968847,0,0.2449995945005313,52
-8172873,2020,9.0,37.52262941767241,-119.25135396686647,0.04442,0.0679462499999999,0.074835,0.157555,0.20104625,0.1524675,0.35405162,-0.1236725,0.011954501,95,21,1,1,2109,5.826995,270.0,0.14646074,0.022000002,18.123683823479556,1,0.6371665915231342,28
-8172873,2021,8.0,38.654506675663015,-120.38323122485708,0.0543199999999999,0.081655,0.0887362499999999,0.19391,0.24078375,0.2052675,0.34143677,-0.14068726,-0.06774113,45,16,0,1,1658,22.354584,135.11577,0.17226075,0.004,22.149065989832764,1,0.8670736712475235,28
-8172873,2022,9.0,38.94196756658126,-120.67069211577532,0.0534399999999999,0.0522849999999999,0.05773,0.1496624999999999,0.127965,0.1230425,0.31592995,0.07815328,0.09761464,99,9,0,1,1127,14.699079,189.13014,0.34289837,0.020000001,21.427962854173472,1,0.9686669503387652,53
-8172873,2026,5.0,37.52262941767241,-119.25135396686647,0.0734737499999999,0.09638125,0.1113275,0.20392,0.28547125,0.2267175,0.2939858,-0.1673353,-0.053670693,95,21,0,1,2109,5.826995,270.0,0.20799866,-9999.0,10.263301570441172,0,0.265895692165941,52
-8172872,2021,8.0,38.6724729813454,-120.40119753053948,0.0502499999999999,0.080225,0.064495,0.17676375,0.14186625,0.12043,0.42427275,0.07904011,0.18386982,95,8,0,1,1675,11.926569,23.120089,0.16887635,0.004,22.149065989832764,1,0.4810737837105989,28
-8172872,2022,9.0,38.92400126089887,-120.65272581009292,0.0213199999999999,0.031935,0.0328287499999999,0.16036,0.0790424999999999,0.04575375,0.51029354,0.22593094,0.408851,95,3,0,1,1253,10.362821,346.84573,0.34289837,0.020000001,21.427962854173472,1,0.5748272010165713,53
-8172872,2026,5.0,37.46873050062524,-119.19745504981933,0.0397174999999999,0.0522024999999999,0.04915,0.184945,0.1540349999999999,0.1026099999999999,0.580085,0.091185324,0.29737028,98,21,0,1,1596,8.016276,226.396,0.20853448,-9999.0,10.675851973666964,0,0.2489012880250811,52
-8171076,2020,9.0,37.52262941767241,-119.2333876611841,0.0231899999999999,0.04228875,0.0401575,0.1141325,0.1002175,0.08551875,0.4353018,0.031222599,0.11652851,98,21,1,1,2263,12.860125,321.25772,0.14646074,0.022000002,18.65535971323652,1,0.5625698139580587,28
-8171076,2020,10.0,37.30703374948373,-119.0177919929954,0.0279337499999999,0.0370775,0.04176625,0.09616125,0.0903175,0.07465625,0.39442495,0.031477287,0.12646228,92,21,1,1,2255,13.53941,19.758709,0.14585412,0.019000001,10.646577371576823,1,0.5200786274616365,28
-8171076,2021,8.0,37.989753365414565,-119.70051160892623,0.0812975,0.08881875,0.0973574999999999,0.14780625,0.22592,0.23324875,0.20291683,-0.20307632,-0.21751101,60,21,0,1,2321,26.171026,131.20831,0.13848838,0.004,19.46572425596179,1,0.8146551026200707,28
-8171076,2022,9.0,38.94196756658126,-120.65272581009292,0.0213062499999999,0.0282637499999999,0.0259537499999999,0.1169787499999999,0.0838275,0.0703387499999999,0.41208622,0.0087038735,0.06042891,99,23,1,1,940,29.35042,321.0091,0.34289837,0.020000001,21.427962854173472,1,1.43864553574134,53
-8171076,2026,5.0,37.30703374948373,-119.0177919929954,0.05469125,0.07003625,0.0723325,0.1812325,0.19274125,0.14645875,0.428265,-0.031599846,0.10527253,92,21,0,1,2255,13.53941,19.758709,0.19659469,-9999.0,6.023382215602453,0,0.224636497364069,52
-8171075,2021,8.0,38.63654036998062,-120.3472986134923,0.04151875,0.06334,0.0541137499999999,0.190225,0.56802,0.7887625,0.5581054,-0.2366594,-0.15958437,95,22,1,1,1767,9.587954,281.0497,0.17398493,0.004,20.970313049644574,1,1.219725834375078,28
-8171075,2022,9.0,38.97790017794604,-120.68865842145772,0.042385,0.0467575,0.04888875,0.1365587499999999,0.1290375,0.11612625,0.2761301,-0.018560624,0.03299524,52,22,0,1,894,32.207684,82.61763,0.36178192,0.020000001,21.016116608513755,1,1.3550434747622129,53
-8171075,2026,5.0,37.75619139154349,-119.46694963505516,0.039855,0.0699675,0.0782175,0.25298,0.2152224999999999,0.1443825,0.49553967,0.07885811,0.27163234,75,14,0,1,2428,14.256837,220.13821,0.19924137,-9999.0,7.80361890075028,0,0.2666229949547694,52
-8169280,2021,8.0,38.69043928702779,-120.38323122485708,0.068455,0.08161375,0.07119125,0.16870625,0.11667625,0.0971924999999999,0.38888258,0.15192351,0.26145747,93,21,0,1,1687,6.6111274,134.29446,0.17226075,0.004,22.149065989832764,1,0.628269108980894,28
-8169280,2022,9.0,39.03179909499321,-120.7245910328225,0.0504012499999999,0.0622675,0.075715,0.142485,0.16234,0.15710125,0.17704701,-0.09113623,-0.10578162,90,22,0,1,938,21.465786,25.08542,0.3515032,0.019000001,21.016116608513755,1,2.120344333117828,53
-8169280,2026,5.0,37.37889897221329,-119.07169091004258,0.0597787499999999,0.07878125,0.0898087499999999,0.2120874999999999,0.22906875,0.1757324999999999,0.40493244,-0.03853995,0.09374213,34,21,0,1,2233,21.575191,101.81118,0.19357254,-9999.0,9.98969605968847,0,0.1914430999103933,52
-8169279,2020,9.0,37.5585620290372,-119.25135396686647,0.04503875,0.0557775,0.0612499999999999,0.1366275,0.15443375,0.1546125,0.34696415,-0.07867929,-0.040944256,78,20,0,1,2298,3.884119,197.5035,0.14679974,0.022000002,14.720482868618433,1,0.706392643628297,28
-8169279,2020,10.0,37.43279788926046,-119.12558982708975,0.0483937499999999,0.06266625,0.0598475,0.13319,0.13765875,0.12153,0.3727753,-0.020575237,0.06826552,78,20,0,1,2237,10.662564,198.95541,0.12740612,0.021000002,13.409031168619832,1,1.8536279023004076,28
-8169279,2020,11.0,37.5585620290372,-119.25135396686647,0.055255,0.1072299999999999,0.130935,0.140065,0.05575,0.065925,0.033690035,0.430585,0.35992038,78,20,0,1,2298,3.884119,197.5035,0.16778949,0.074,-1.148662842644569,1,0.128004664913393,14
-8169279,2021,8.0,38.654506675663015,-120.3472986134923,0.0403087499999999,0.0658012499999999,0.0555574999999999,0.16158375,0.10823375,0.0863574999999999,0.4833915,0.19118877,0.3110341,96,21,0,1,1808,8.2891,180.0,0.17226075,0.004,20.861796479584086,1,0.835664857533716,28
-8169279,2022,9.0,38.94196756658126,-120.63475950441055,0.0098112499999999,0.0206462499999999,0.0132349999999999,0.12668625,0.05741375,0.0266962499999999,0.77504116,0.31515157,0.6160103,100,23,1,1,738,31.912815,332.1028,0.32831702,0.020000001,20.563656213548484,1,1.2251557663437866,53
-8169279,2026,5.0,37.43279788926046,-119.12558982708975,0.0614425,0.077805,0.0868525,0.2077149999999999,0.2403025,0.205735,0.41030493,-0.07034043,0.027268624,78,20,0,1,2237,10.662564,198.95541,0.19977567,-9999.0,9.98969605968847,0,0.3362526962688814,52
-8167483,2020,9.0,37.540595723354805,-119.2154213555017,0.04080375,0.0543749999999999,0.0559149999999999,0.15778875,0.13066,0.12264375,0.46035045,0.09354323,0.166734,100,20,0,1,2093,19.932953,57.611595,0.14679974,0.022000002,18.65535971323652,1,1.137261433601379,28
-8167483,2020,10.0,37.486696806307634,-119.16152243845453,0.0604799999999999,0.08292,0.0652237499999999,0.1320212499999999,0.12393625,0.12649375,0.35551247,0.08712224,0.13823691,99,20,0,1,2344,12.361505,196.21588,0.13008672,0.021000002,13.841115447013635,1,0.5238844839856028,28
-8167483,2021,8.0,38.654506675663015,-120.3293323078099,0.0436499999999999,0.06563625,0.0705725,0.2123075,0.189455,0.12176375,0.5007544,0.058626365,0.2723599,92,19,0,1,1913,2.548331,248.67116,0.17226075,0.004,20.861796479584086,1,2.074576184330952,28
-8167483,2022,9.0,38.99586648362843,-120.67069211577532,0.0480912499999999,0.05900875,0.063725,0.18295125,0.17868875,0.16139125,0.25856867,-0.022432428,0.07858765,45,22,0,1,882,36.613686,229.18799,0.36178192,0.020000001,21.016116608513755,1,1.678611664899758,53
-8167483,2026,5.0,37.486696806307634,-119.16152243845453,0.0479674999999999,0.0663925,0.06257,0.269975,0.1789224999999999,0.1214474999999999,0.5921151,0.18961821,0.37418252,99,20,0,1,2344,12.361505,196.21588,0.20853448,-9999.0,10.675851973666964,0,0.1790002815735837,52
-8167482,2020,9.0,37.5585620290372,-119.2333876611841,0.04651,0.0581287499999999,0.06813875,0.13760375,0.1622299999999999,0.147875,0.32052273,-0.09361659,-0.024821134,89,20,0,1,2367,10.5705185,80.009155,0.14679974,0.022000002,14.599549166361498,1,0.6294973859632457,28
-8167482,2020,10.0,37.41483158357807,-119.08965721572496,0.047335,0.06481125,0.05746875,0.1378925,0.12594375,0.1183537499999999,0.38478768,0.028376801,0.09315104,99,20,0,1,2414,18.571915,256.0606,0.1292809,0.019000001,13.409031168619832,1,0.8474170470779593,28
-8167482,2021,8.0,38.63654036998062,-120.31136600212751,0.0183775,0.03648625,0.02902,0.17049375,0.0839925,0.047775,0.7094846,0.3427976,0.56439984,96,21,0,1,1812,14.565205,355.42535,0.16899085,0.004,20.970313049644574,1,1.0057689109614685,28
-8167482,2022,9.0,38.95993387226365,-120.63475950441055,0.03672,0.0485174999999999,0.048325,0.186595,0.1455375,0.0878424999999999,0.572312,0.12457907,0.37607387,40,23,1,1,1307,9.843259,158.9029,0.32831702,0.020000001,20.19572001563182,1,0.8150103418599992,53
-8167482,2026,5.0,37.41483158357807,-119.08965721572496,0.05751,0.0707375,0.0749175,0.1921775,0.1941574999999999,0.163715,0.44326162,-0.00730925,0.0852058,99,20,0,1,2414,18.571915,256.0606,0.19357254,-9999.0,9.98969605968847,0,0.2449921118453718,52
-8165686,2020,10.0,37.39686527789568,-119.05372460436018,0.0609062499999999,0.0908124999999999,0.07619625,0.16102,0.1460325,0.11697875,0.36999822,0.04861444,0.16069809,37,21,1,1,2738,28.656475,231.53471,0.1292809,0.019000001,13.409031168619832,1,0.6200051981140859,28
-8165686,2021,8.0,38.654506675663015,-120.31136600212751,0.0291299999999999,0.0508825,0.05037375,0.19153125,0.13416625,0.0839925,0.5837917,0.17657098,0.390746,85,21,0,1,1983,8.4405775,236.94502,0.15962264,0.004,20.861796479584086,1,1.1023033970878238,28
-8165686,2022,9.0,38.94196756658126,-120.59882689304575,0.0182674999999999,0.0393874999999999,0.0297624999999999,0.1890012499999999,0.09121125,0.0438837499999999,0.72042686,0.33476594,0.6173552,97,23,1,1,1119,17.734686,139.39879,0.32831702,0.021000002,20.563656213548484,1,1.4700185741697038,53
-8165686,2026,5.0,37.37889897221329,-119.0357582986778,0.04105125,0.05667125,0.0647012499999999,0.17415125,0.1761174999999999,0.13059125,0.45821404,-0.005562287,0.14301832,89,21,0,1,2359,13.677733,210.14879,0.17784984,-9999.0,5.577539431664263,0,0.2203172381222248,52
-8165685,2021,8.0,38.63654036998062,-120.29339969644514,0.0120249999999999,0.02842875,0.0161912499999999,0.14343375,0.0391124999999999,0.0206737499999999,0.79733247,0.5724995,0.7485379,100,21,0,1,1992,31.852118,306.8177,0.16899085,0.004,20.970313049644574,1,9.341785352332172,28
-8165685,2022,5.0,38.63654036998062,-120.29339969644514,0.0292125,0.03397,0.0421374999999999,0.0639175,0.1026374999999999,0.114875,0.20536514,-0.31432787,-0.3463382,100,21,0,1,1992,31.852118,306.8177,0.26586288,0.033,9.79570346545148,1,0.2772957591906838,56
-8165685,2026,5.0,38.63654036998062,-120.29339969644514,0.04842125,0.06008125,0.0702424999999999,0.1245825,0.18003625,0.15102375,0.27556184,-0.17928667,-0.095166795,100,21,0,1,1992,31.852118,306.8177,0.30303565,-9999.0,11.539175226355155,0,0.2725501601369335,52
-8163890,2020,10.0,37.52262941767241,-119.16152243845453,0.0236849999999999,0.0398962499999999,0.0260499999999999,0.1087699999999999,0.0585549999999999,0.0360324999999999,0.60438406,0.29211646,0.4930711,98,21,1,1,2063,8.603637,344.34763,0.13008672,0.021000002,13.841115447013635,1,1.9396413851367391,28
-8163890,2021,8.0,38.69043928702779,-120.3293323078099,0.0945525,0.100355,0.08439125,0.1997675,0.1113825,0.0671625,0.450376,0.28387076,0.49686423,99,7,0,1,1831,16.21448,86.808914,0.17226075,0.004,20.861796479584086,1,2.2058501789685,28
-8163890,2022,9.0,38.94196756658126,-120.58086058736338,0.0449974999999999,0.0634775,0.0681112499999999,0.18533,0.18295125,0.124885,0.45228255,-0.005309798,0.17358601,82,16,0,1,1317,19.105804,212.73515,0.32831702,0.021000002,20.563656213548484,1,1.3752051308751103,53
-8163890,2026,5.0,37.52262941767241,-119.16152243845453,0.0487374999999999,0.065815,0.0767875,0.1957525,0.2216575,0.160965,0.4503285,-0.062061284,0.10185329,98,21,0,1,2063,8.603637,344.34763,0.20853448,-9999.0,10.675851973666964,0,0.2866178084488796,52
-8163889,2020,9.0,37.594494640401976,-119.2333876611841,0.02364375,0.04231625,0.0338187499999999,0.20929625,0.11329375,0.0558187499999999,0.7198279,0.29447436,0.5752023,94,20,0,1,2019,23.744236,282.75586,0.14679974,0.022000002,14.599549166361498,1,1.325747414380312,28
-8163889,2021,8.0,38.63654036998062,-120.27543339076274,0.02862125,0.0480224999999999,0.04410375,0.20992875,0.15464,0.09055125,0.65057504,0.15032607,0.39546254,85,21,0,1,2131,8.439105,56.93842,0.16899085,0.004,20.970313049644574,1,0.599796587601304,28
-8163889,2022,9.0,38.95993387226365,-120.59882689304575,0.0413675,0.070655,0.0642749999999999,0.1242249999999999,0.12571,0.10987,0.3946296,-0.027766706,0.0317292,87,22,0,1,1291,23.228827,235.5458,0.32831702,0.021000002,20.19572001563182,1,2.432433240470432,53
-8163889,2022,10.0,38.99586648362843,-120.63475950441055,0.0111999999999999,0.0161224999999999,0.0211824999999999,0.0934249999999999,0.058885,0.0376549999999999,0.6303471,0.16706432,0.39396596,95,3,0,1,1234,30.475859,20.728542,0.19737469,0.042000003,15.06430499579318,1,0.3135527673487862,56
-8163889,2026,5.0,37.32500005516612,-118.96389307594823,0.05279375,0.074505,0.0791249999999999,0.24070125,0.20231125,0.1446575,0.5052038,0.086640745,0.24926156,40,12,0,1,2352,24.651451,212.16026,0.19659469,-9999.0,6.023382215602453,0,0.2049984910453741,52
-8162093,2021,8.0,38.654506675663015,-120.27543339076274,0.0242624999999999,0.0404599999999999,0.0384937499999999,0.1509825,0.1076975,0.0680425,0.59384155,0.16828339,0.37962717,100,21,0,1,1999,11.537832,322.4643,0.15962264,0.004,20.861796479584086,1,0.60050604644197,28
-8162093,2022,9.0,38.99586648362843,-120.61679319872816,0.02121,0.0464825,0.0426324999999999,0.176475,0.1058549999999999,0.060425,0.5085166,0.25013283,0.41170117,90,10,0,1,1373,7.356045,255.47609,0.33929068,0.020000001,20.19572001563182,1,1.958028835337609,53
-8162093,2026,5.0,38.654506675663015,-120.27543339076274,0.0535499999999999,0.0705312499999999,0.078465,0.19219125,0.20764625,0.1670424999999999,0.40805858,-0.048492577,0.05343479,100,21,0,1,1999,11.537832,322.4643,0.28557742,-9999.0,11.406430980723428,0,0.3058303947059008,52
-8162092,2021,8.0,38.63654036998062,-120.25746708508036,0.0237399999999999,0.04030875,0.0384112499999999,0.18412,0.1045899999999999,0.0669974999999999,0.65482223,0.27586132,0.46665776,71,21,0,1,2247,14.948088,111.33373,0.16899085,0.004,20.970313049644574,1,0.3093721556856676,28
-8162092,2022,9.0,38.97790017794604,-120.59882689304575,0.0199587499999999,0.02878625,0.0216225,0.09126625,0.0475687499999999,0.0261049999999999,0.5188552,0.24056315,0.52709264,100,23,1,1,1031,38.659977,352.52203,0.33929068,0.021000002,20.19572001563182,1,1.7010255556391634,53
-8162092,2026,5.0,37.5585620290372,-119.17948874413692,0.0420824999999999,0.0560249999999999,0.0520375,0.1962749999999999,0.1619,0.1076699999999999,0.58087087,0.09597264,0.29151654,99,18,0,1,2130,17.38395,281.93628,0.18551145,-9999.0,5.868515679144139,0,0.2875426261149266,52
-8160296,2021,8.0,38.654506675663015,-120.25746708508036,0.0344374999999999,0.0555025,0.0619924999999999,0.1997675,0.159865,0.1086737499999999,0.5265741,0.1109527,0.29533294,54,21,0,1,2095,16.766525,254.41608,0.15962264,0.004,20.861796479584086,1,0.5020583762228489,28
-8160296,2022,9.0,38.99586648362843,-120.59882689304575,0.0293775,0.0546499999999999,0.0390024999999999,0.1451799999999999,0.0947724999999999,0.11174,0.25615337,0.16849169,0.17212452,100,22,0,1,1411,7.3731637,208.87401,0.33929068,0.021000002,20.19572001563182,1,1.2952263664454222,53
-8160296,2026,5.0,37.57652833471958,-119.17948874413692,0.045135,0.0697749999999999,0.0667499999999999,0.2976125,0.203755,0.1345374999999999,0.63521105,0.19342162,0.38733342,53,10,0,1,2484,15.161517,131.08165,0.18551145,-9999.0,5.868515679144139,0,0.2532365126940219,52
-8158500,2021,8.0,38.69043928702779,-120.27543339076274,0.0400475,0.0646874999999999,0.06527875,0.23800625,0.2047725,0.1329837499999999,0.56756616,0.074583404,0.28133202,96,13,0,1,1936,20.750755,260.1598,0.15962264,0.004,20.861796479584086,1,1.8545537973227708,28
-8158500,2022,9.0,38.99586648362843,-120.58086058736338,0.02430375,0.05058,0.0341625,0.20084,0.11931625,0.059985,0.74687666,0.25368178,0.5456635,89,23,1,1,1262,19.602388,180.0,0.33929068,0.021000002,20.19572001563182,1,2.800644621507011,53
-8158500,2026,5.0,37.52262941767241,-119.10762352140736,0.0567949999999999,0.072745,0.0893275,0.2046075,0.266235,0.19578,0.40031824,-0.1175386,0.034697246,98,21,0,1,2535,11.021642,109.417244,0.18743849,-9999.0,8.544800961402188,0,0.2454546051255116,52
-8158499,2020,11.0,37.5585620290372,-119.14355613277216,0.1918475,0.2312,0.2694525,0.3215925,0.1010975,0.0732674999999999,0.08821663,0.5216471,0.6288938,95,18,0,1,2222,8.338051,257.23816,0.1682223,0.056,-1.0047907723320575,1,0.1836334424666487,14
-8158499,2021,8.0,38.63654036998062,-120.22153447371556,0.0297899999999999,0.0486962499999999,0.0487374999999999,0.16697375,0.1217912499999999,0.07878125,0.54767025,0.1583387,0.36068964,93,21,0,1,2091,13.695975,4.8782063,0.15944041,0.004,19.527851482104268,1,0.5098992690577039,28
-8158499,2022,9.0,39.0497654006756,-120.63475950441055,0.0519275,0.07368,0.0756324999999999,0.16608,0.2022975,0.2226199999999999,0.22154662,-0.10928764,-0.15336579,95,6,0,1,1251,29.601065,175.7917,0.34831023,0.022000002,20.19572001563182,1,5.848795744792922,53
-8158499,2026,5.0,37.39686527789568,-118.98185938163064,0.0553374999999999,0.0694175,0.0818749999999999,0.17664,0.218385,0.163825,0.37859985,-0.10368012,0.048565302,98,21,0,1,2501,16.3541,159.6846,0.17784984,-9999.0,5.577539431664263,0,0.2657227903977036,52
-8156703,2021,8.0,38.654506675663015,-120.22153447371556,0.0296112499999999,0.04792625,0.0457537499999999,0.2135312499999999,0.1175287499999999,0.0677812499999999,0.6471613,0.28998896,0.51812786,87,22,1,1,2033,14.221765,101.047005,0.15433863,0.004,19.06922412995374,1,0.5769148177156845,28
-8156703,2026,5.0,37.39686527789568,-118.96389307594823,0.0801425,0.1042049999999999,0.121915,0.2395875,0.2794075,0.2217124999999999,0.32851052,-0.058156155,0.05432219,67,21,0,1,2585,9.477491,150.77567,0.17784984,-9999.0,5.577539431664263,0,0.2324305596202611,52
-8156702,2020,11.0,37.5585620290372,-119.12558982708975,0.0583075,0.078795,0.10646,0.2167075,0.27817,0.1874475,0.34114662,-0.1241974,0.07239797,91,18,0,1,2397,25.230682,175.02792,0.1682223,0.056,-1.0047907723320575,1,0.3512599416650258,14
-8156702,2021,8.0,38.63654036998062,-120.20356816803316,0.02738375,0.04363625,0.0399925,0.18636125,0.09836125,0.05575,0.6470328,0.30917025,0.5394335,91,21,0,1,2184,3.6531339,220.4798,0.15944041,0.004,19.527851482104268,1,0.4211769654149456,28
-8156702,2022,9.0,39.06773170635799,-120.63475950441055,0.015545,0.02935,0.0174837499999999,0.137425,0.07834125,0.0397862499999999,0.7598134,0.32527456,0.58939666,99,23,1,1,1268,6.464861,-0.0,0.34831023,0.022000002,19.78720222049293,1,7.685119396369417,53
-8156702,2026,5.0,37.5585620290372,-119.12558982708975,0.0608374999999999,0.08864,0.0905099999999999,0.3091075,0.2685175,0.17257,0.55375296,0.0702705,0.2834625,91,18,0,1,2397,25.230682,175.02792,0.18551145,-9999.0,5.55952027843847,0,0.2457908511331135,52
-8154907,2021,8.0,38.69043928702779,-120.23950077939796,0.0183224999999999,0.04237125,0.0277275,0.254465,0.09629875,0.0447225,0.8028127,0.45064765,0.70065516,78,21,0,1,1932,16.805267,335.66858,0.15433863,0.004,19.06922412995374,1,2.1459526995844813,28
-8154907,2026,5.0,38.69043928702779,-120.23950077939796,0.0295012499999999,0.0535912499999999,0.0431687499999999,0.29295125,0.13886875,0.07396875,0.7427751,0.35952005,0.5962051,78,21,0,1,1932,16.805267,335.66858,0.26212463,-9999.0,9.790731950985505,0,0.1958843099722719,52
-8154906,2021,8.0,38.654506675663015,-120.20356816803316,0.031605,0.049095,0.0502637499999999,0.18066875,0.15107875,0.10009375,0.56519026,0.08974725,0.28748432,93,21,0,1,1969,4.7760324,345.63498,0.15433863,0.004,19.06922412995374,1,0.4333272847533226,28
-8154906,2022,9.0,39.06773170635799,-120.61679319872816,0.0346849999999999,0.05245,0.05718,0.1694625,0.135005,0.10107,0.45651072,0.113173,0.15750109,95,1,0,1,1477,3.6624904,319.34854,0.34831023,0.022000002,19.78720222049293,1,2.643062099907547,53
-8154906,2026,5.0,37.540595723354805,-119.08965721572496,0.0402674999999999,0.0554474999999999,0.0591875,0.18181,0.16674,0.1152874999999999,0.5065712,0.043236263,0.22390798,91,21,0,1,2283,21.034315,287.13754,0.17091158,-9999.0,8.544800961402188,0,0.2620530435410531,52
-8153110,2021,8.0,38.654506675663015,-120.18560186235078,0.0327325,0.0496312499999999,0.0492325,0.18619625,0.13649,0.0854087499999999,0.5815706,0.15391211,0.37111035,91,21,0,1,2120,17.900097,303.45612,0.15433863,0.004,19.06922412995374,1,1.201483120396733,28
-8153110,2026,5.0,37.86398922563783,-119.3950844123256,0.0379849999999999,0.0530275,0.0658012499999999,0.14656875,0.1697924999999999,0.12572375,0.38036388,-0.07300726,0.07656626,97,16,0,1,2787,8.158862,25.407875,0.1737792,-9999.0,5.008746903942495,0,0.2700914760679007,52
-8153109,2021,8.0,38.6724729813454,-120.20356816803316,0.0177587499999999,0.0344374999999999,0.02512875,0.19303,0.07548125,0.0393875,0.7695866,0.43840644,0.6614183,90,21,0,1,1889,1.5068129,232.01976,0.15433863,0.004,19.06922412995374,1,0.8232898916273067,28
-8153109,2022,9.0,39.12163062340516,-120.65272581009292,0.0601774999999999,0.0836075,0.0937137499999999,0.26000625,0.24463375,0.174055,0.45420703,0.011187894,0.20225997,90,14,0,1,1343,13.716166,223.15054,0.3519287,0.021000002,20.711160553826232,1,4.083354278890924,53
-8153109,2026,5.0,37.935854448367394,-119.46694963505516,0.0508,0.0770624999999999,0.06818,0.2840275,0.19061,0.128735,0.6126907,0.1929991,0.38036987,99,9,0,1,2007,22.863474,147.62715,0.18179132,-9999.0,7.324294724002982,0,0.2744745715366055,52
-8151313,2021,8.0,38.6724729813454,-120.18560186235078,0.03126125,0.0492049999999999,0.0460425,0.1979525,0.135005,0.0857387499999999,0.6226776,0.18929456,0.39582694,91,21,0,1,1973,12.449498,48.70646,0.15433863,0.004,19.06922412995374,1,1.3516417460945935,28
-8151313,2026,5.0,38.349079479062375,-119.86220836006775,0.068125,0.0992687499999999,0.1019087499999999,0.30821375,0.26046,0.18812125,0.50815964,0.1031634,0.26529843,90,18,0,1,2024,25.905668,42.84145,0.23309053,-9999.0,9.355400339762411,0,0.244620838726405,52
-8151312,2021,8.0,38.78027081543974,-120.29339969644514,0.0454374999999999,0.066585,0.067575,0.263485,0.2203925,0.13594,0.5917658,0.08905663,0.3193215,85,4,0,1,1413,21.132746,164.418,0.15962264,0.004,20.902859357608293,1,7.408769484409796,28
-8151312,2022,9.0,39.12163062340516,-120.63475950441055,0.06142875,0.0858625,0.098815,0.265795,0.25062875,0.1686375,0.33855927,0.048606526,0.24173266,43,13,0,1,1275,37.837517,151.08289,0.34831023,0.021000002,19.78720222049293,1,2.65591715335846,53
-8151312,2026,5.0,38.43891100747432,-119.95203988847972,0.0333374999999999,0.0575649999999999,0.05058,0.249405,0.15132625,0.0913625,0.6627824,0.24372996,0.46312842,78,4,0,1,2223,12.287129,238.64975,0.22891144,-9999.0,10.233049134285238,0,0.1765513452903732,52
-8149517,2021,8.0,38.69043928702779,-120.18560186235078,0.0242899999999999,0.0406112499999999,0.0362249999999999,0.16636875,0.1032974999999999,0.063725,0.6423952,0.23440549,0.44640726,99,22,1,1,1822,16.38761,339.35284,0.15433863,0.004,19.06922412995374,1,2.1136806091914573,28
-8149517,2026,5.0,38.69043928702779,-120.18560186235078,0.0498237499999999,0.0642062499999999,0.06851,0.17101625,0.1860175,0.14090375,0.41764593,-0.04473837,0.09582944,99,22,0,1,1822,16.38761,339.35284,0.26212463,-9999.0,9.790731950985505,0,0.4131812851546388,52
-8149516,2021,8.0,38.6724729813454,-120.1676355566684,0.04440625,0.0640275,0.063285,0.19598625,0.17945875,0.1231937499999999,0.5115023,0.04383344,0.22792555,52,21,0,1,2034,17.472996,261.12515,0.15433863,0.004,19.06922412995374,1,0.4159363700697819,28
-8149516,2026,5.0,38.33111317337998,-119.82627574870298,0.0518724999999999,0.0710949999999999,0.0769525,0.2145075,0.20891125,0.15332,0.46739298,0.008817859,0.15958633,91,19,0,1,2013,21.34022,353.93604,0.20907488,-9999.0,6.7725237856629406,0,0.2487241396835694,52
-8147720,2021,8.0,38.708405592710186,-120.18560186235078,0.02955625,0.05108875,0.0453274999999999,0.20789375,0.1163599999999999,0.07066875,0.642222,0.2830651,0.4936228,52,22,1,1,1975,14.69792,350.8993,0.15433863,0.004,19.06922412995374,1,3.317637401744318,28
-8147720,2026,5.0,37.05550546993026,-118.53270173957088,0.05606625,0.0826724999999999,0.09282,0.252045,0.2518249999999999,0.1744812499999999,0.45482507,-0.012289017,0.17297806,70,5,0,1,2692,20.224047,202.66951,0.13689959,-9999.0,2.679456329345726,0,0.2856234561248649,52
-8147719,2020,9.0,38.97790017794604,-120.45509644758664,0.020605,0.03513875,0.0284975,0.1707412499999999,0.10122125,0.05403125,0.7100859,0.25301945,0.5160862,100,14,0,1,1402,24.745945,288.4263,0.20145196,0.009000001,20.13288521236848,1,0.6997647185011634,28
-8147719,2021,8.0,38.72637189839257,-120.20356816803316,0.0244962499999999,0.0449287499999999,0.0356062499999999,0.214645,0.09517125,0.05620375,0.71542996,0.38575804,0.5851305,82,22,1,1,1896,13.838564,189.69865,0.15433863,0.004,19.06922412995374,1,0.7217871900647879,28
-8147719,2026,5.0,38.33111317337998,-119.8083094430206,0.05576375,0.07759875,0.08912125,0.228395,0.25051875,0.1736975,0.4339236,-0.044157572,0.13737166,100,18,0,1,1984,14.38425,341.22476,0.20907488,-9999.0,6.7725237856629406,0,0.2433115126138242,52
-8145923,2021,8.0,38.69043928702779,-120.149669250986,0.0308212499999999,0.0469224999999999,0.0427012499999999,0.19100875,0.114105,0.0682212499999999,0.6351771,0.25205132,0.47374964,74,21,0,1,2025,12.257917,252.66087,0.14862163,0.004,17.589569182037053,1,0.2427000990853859,28
-8145923,2021,9.0,38.72637189839257,-120.18560186235078,0.0436774999999999,0.0568087499999999,0.0652787499999999,0.1054837499999999,0.134345,0.1337675,0.24282716,-0.13040036,-0.12610197,84,21,0,1,1983,12.030052,283.17258,0.18476346,0.011000001,15.80057637956412,1,0.425732878753199,24
-8145923,2026,5.0,37.630427251766754,-119.08965721572496,0.0649075,0.0838962499999999,0.1004925,0.2528424999999999,0.274375,0.1892075,0.4311751,-0.04017191,0.1445391,95,6,0,1,2389,19.333813,97.95603,0.16171034,-9999.0,5.55952027843847,0,0.2685013584649333,52
-8144127,2021,8.0,38.69043928702779,-120.13170294530362,0.02389125,0.0416837499999999,0.0388787499999999,0.19496875,0.1161262499999999,0.0686887499999999,0.66743124,0.25350705,0.47915706,96,21,0,1,2189,11.5287,197.75987,0.14862163,0.004,17.589569182037053,1,0.4481050353497267,28
-8144127,2026,5.0,38.69043928702779,-120.13170294530362,0.04509375,0.0664475,0.0628999999999999,0.27254625,0.18831375,0.12395,0.6259915,0.1823814,0.3743298,96,21,0,1,2189,11.5287,197.75987,0.22377093,-9999.0,8.255817216442495,0,0.2908758545375388,52
-8144126,2021,8.0,38.72637189839257,-120.1676355566684,0.0278374999999999,0.0482149999999999,0.0454512499999999,0.2007024999999999,0.1445475,0.0906749999999999,0.6309472,0.16290423,0.3777042,67,22,1,1,2047,11.5420265,217.56354,0.15433863,0.004,19.06922412995374,1,1.0250534488941017,28
-8144126,2026,5.0,38.72637189839257,-120.1676355566684,0.0441175,0.0632987499999999,0.0676025,0.21083625,0.1929475,0.13059125,0.5128741,0.040886432,0.23713222,67,22,0,1,2047,11.5420265,217.56354,0.26212463,-9999.0,9.790731950985505,0,0.2228048624237999,52
-8142330,2021,8.0,38.76230450975736,-120.18560186235078,0.0404874999999999,0.0584999999999999,0.0547325,0.24103125,0.1685825,0.101565,0.62869954,0.17600438,0.40615332,45,22,1,1,2171,5.547545,180.0,0.15433863,0.004,18.989114502937586,1,0.435759673403068,28
-8142330,2026,5.0,38.33111317337998,-119.7544105259734,0.049425,0.0830024999999999,0.0840475,0.254355,0.2024075,0.150625,0.50459754,0.12384643,0.2624795,87,18,0,1,1964,27.235807,233.30586,0.1846631,-9999.0,6.7725237856629406,0,0.2698276888113469,52
-8142329,2021,8.0,38.78027081543974,-120.20356816803316,0.0328974999999999,0.04025375,0.02496375,0.1709062499999999,0.06742375,0.035015,0.74621934,0.4344932,0.6600215,100,23,0,1,1837,26.726923,355.26895,0.15433863,0.004,18.989114502937586,1,1.3559043100879835,28
-8142329,2026,5.0,38.78027081543974,-120.20356816803316,0.03313125,0.0454374999999999,0.0432375,0.1697925,0.13312125,0.084735,0.5995311,0.10011613,0.320604,100,23,0,1,1837,26.726923,355.26895,0.26212463,-9999.0,9.663534685360505,0,0.2285896979949691,52
-8140534,2026,5.0,39.03179909499321,-120.43713014190423,0.0404599999999999,0.0631749999999999,0.047665,0.342905,0.19472125,0.09987375,0.7557461,0.2752888,0.54854405,99,14,0,1,1270,22.615862,108.11145,0.3307983,-9999.0,11.14848459715489,0,0.2133563504155193,52
-8140533,2021,8.0,38.76230450975736,-120.1676355566684,0.0131112499999999,0.03111,0.0199449999999999,0.15772,0.0591049999999999,0.0316187499999999,0.7751383,0.45579314,0.666258,99,22,1,1,2116,10.850813,40.529575,0.15433863,0.004,18.989114502937586,1,0.1923281802307991,28
-8140533,2026,5.0,38.402978396109546,-119.8083094430206,0.0592012499999999,0.0836212499999999,0.0811325,0.3027825,0.23113125,0.1539525,0.58223087,0.13571693,0.32144713,89,18,0,1,2032,26.016361,111.39674,0.20907488,-9999.0,6.88728563042099,0,0.1673122117451081,52
-8138737,2021,8.0,38.798237121122135,-120.18560186235078,0.041285,0.05823875,0.0495899999999999,0.24583,0.1534025,0.08831,0.6640604,0.23052894,0.47020367,43,21,0,1,1897,24.361708,227.21608,0.15433863,0.004,18.989114502937586,1,1.5486824369917696,28
-8138737,2026,5.0,38.349079479062375,-119.73644422029102,0.08620625,0.11735,0.12731875,0.29055875,0.27993,0.2190312499999999,0.38954854,0.017420704,0.13665956,48,18,0,1,2549,25.837954,140.25325,0.1846631,-9999.0,5.268777670911561,0,0.3048779712019798,52
-8138736,2021,8.0,38.76230450975736,-120.149669250986,0.0309724999999999,0.0463037499999999,0.04061125,0.20550125,0.09302625,0.05535125,0.66965795,0.37635636,0.57513237,46,21,0,1,2202,5.1337795,136.11417,0.14862163,0.004,17.21716022286364,1,1.5401679347627435,28
-8138736,2021,9.0,38.72637189839257,-120.11373663962122,0.06406875,0.0816549999999999,0.0825075,0.1942675,0.1976362499999999,0.18669125,0.37243384,-0.027090056,0.04993956,53,21,0,1,2158,31.956867,189.57343,0.17560199,0.011000001,14.40458028581412,1,140.3804145257175,24
-8138736,2026,5.0,38.72637189839257,-120.11373663962122,0.0622399999999999,0.0931087499999999,0.0933425,0.28940375,0.19986375,0.15475,0.512228,0.18296735,0.3032809,53,21,0,1,2158,31.956867,189.57343,0.22377093,-9999.0,8.255817216442495,0,0.2542433892154977,52
-8136940,2021,8.0,38.798237121122135,-120.1676355566684,0.0298999999999999,0.04105125,0.0261049999999999,0.22318375,0.0603424999999999,0.03183875,0.7908665,0.5745567,0.75031394,98,21,0,1,2164,22.032898,180.0,0.15433863,0.004,18.989114502937586,1,1.5911917708069083,28
-8136940,2021,9.0,38.72637189839257,-120.09577033393884,0.07619625,0.10482375,0.1007675,0.1653099999999999,0.1606075,0.15211,0.24623162,0.010097579,0.041248374,62,22,1,1,2368,30.622263,190.09462,0.17560199,0.010000001,14.40458028581412,1,1.1333112789487296,24
-8136940,2026,5.0,38.402978396109546,-119.7723768316558,0.0364174999999999,0.0520924999999999,0.0443649999999999,0.24572,0.1461974999999999,0.0871,0.6945006,0.24018496,0.47691175,100,20,0,1,2028,25.913427,317.13727,0.20907488,-9999.0,6.88728563042099,0,0.225128803635016,52
-8136939,2021,8.0,38.78027081543974,-120.149669250986,0.0151874999999999,0.0359224999999999,0.0229837499999999,0.1840375,0.0660625,0.03450625,0.7778784,0.4719614,0.6842106,98,21,0,1,1862,20.450352,356.80774,0.14862163,0.004,17.21716022286364,1,0.926594792632386,28
-8136939,2026,5.0,38.43891100747432,-119.8083094430206,0.047555,0.07963375,0.0720025,0.32608875,0.2118125,0.13572,0.6476034,0.2266546,0.43525836,62,18,0,1,2168,25.918598,137.1231,0.214516,-9999.0,6.88728563042099,0,0.2575522294112791,52
-8135144,2026,5.0,38.74433820407496,-120.09577033393884,0.0712875,0.0944837499999999,0.10199125,0.2032875,0.21278875,0.16966875,0.3361277,-0.020338275,0.088208,95,22,0,1,2303,32.91029,239.98328,0.22377093,-9999.0,8.255817216442495,0,0.3139402201480191,52
-8135143,2021,8.0,38.798237121122135,-120.149669250986,0.0219937499999999,0.0444612499999999,0.03095875,0.24969375,0.0936037499999999,0.04954875,0.77925235,0.45455518,0.6687535,95,21,0,1,1860,19.680925,140.29903,0.14862163,0.004,17.21716022286364,1,1.1196526248008012,28
-8135143,2021,9.0,38.708405592710186,-120.05983772257406,0.0461524999999999,0.0515424999999999,0.04981,0.123235,0.0882687499999999,0.13364375,0.45532715,0.17040044,0.081323385,75,23,0,1,2379,18.428709,43.221287,0.15019025,0.010000001,14.40458028581412,1,0.5628670841785303,24
-8135143,2026,5.0,38.42094470179194,-119.7723768316558,0.05760625,0.0776262499999999,0.085395,0.2401925,0.2408525,0.17723125,0.4713409,-0.0066072866,0.14416759,67,19,0,1,2519,24.582973,172.21284,0.214516,-9999.0,6.88728563042099,0,0.1996366867097094,52
-8133347,2021,8.0,38.798237121122135,-120.13170294530362,0.0173187499999999,0.03802625,0.0266824999999999,0.1955325,0.07335,0.0391125,0.75990415,0.45443487,0.6662858,99,21,0,1,2058,12.275454,41.929348,0.14862163,0.004,17.21716022286364,1,0.3324574052315691,28
-8133347,2026,5.0,38.42094470179194,-119.7544105259734,0.0501674999999999,0.07273125,0.0713425,0.26404875,0.1989425,0.13688875,0.56184095,0.13411237,0.30919832,76,18,0,1,2073,14.696518,189.06497,0.19209465,-9999.0,6.88728563042099,0,0.2649864585989195,52
-8133346,2021,8.0,38.81620342680453,-120.149669250986,0.0408312499999999,0.08534,0.0743674999999999,0.24573375,0.2175325,0.13397375,0.53467095,0.060346756,0.29362738,45,21,0,1,2391,13.570752,159.86229,0.1525705,0.004,17.21716022286364,1,0.2204597422480583,28
-8133346,2026,5.0,38.24128164496803,-119.57474746914951,0.0468399999999999,0.0586375,0.0651824999999999,0.1783725,0.214755,0.1529625,0.41559008,-0.10889546,0.06469619,55,13,0,1,2589,8.060085,313.30423,0.16203699,-9999.0,4.865441607403511,0,0.3429990821303083,52
-8131550,2021,8.0,38.798237121122135,-120.11373663962122,0.0231625,0.0387275,0.03153625,0.165585,0.0793175,0.0467574999999999,0.6797553,0.35237226,0.5596154,99,21,0,1,2069,10.683478,340.71313,0.14862163,0.004,17.21716022286364,1,0.6321965099957126,28
-8131550,2026,5.0,37.64839355744915,-118.96389307594823,0.0348499999999999,0.055365,0.0564649999999999,0.1769975,0.132585,0.095185,0.5162821,0.14381392,0.30427694,87,15,0,1,2390,3.6325665,139.90283,0.14484286,-9999.0,6.084740267517759,0,24.11409526182195,52
-8129753,2021,8.0,38.81620342680453,-120.11373663962122,0.0354275,0.0559425,0.0512674999999999,0.190445,0.13974875,0.087485,0.5759382,0.15354899,0.3704657,82,22,1,1,2122,42.236637,259.72943,0.1525705,0.004,17.21716022286364,1,0.4367057165274253,28
-8129753,2021,9.0,38.78027081543974,-120.07780402825644,0.0557362499999999,0.07900125,0.07658125,0.13539,0.1483699999999999,0.1374525,0.27761102,-0.043233275,-0.003022895,62,22,1,1,2469,28.842766,236.04956,0.15019025,0.010000001,14.033293935987729,1,1.1632197219878435,24
-8129753,2026,5.0,38.78027081543974,-120.07780402825644,0.0588162499999999,0.0876499999999999,0.10421875,0.21551125,0.221795,0.1670974999999999,0.34641847,-0.01680827,0.1245079,62,22,0,1,2469,28.842766,236.04956,0.19677751,-9999.0,7.913742073633386,0,0.2728298138827085,52
-8127956,2026,5.0,39.49892304273536,-120.77848994986968,0.0334475,0.0493562499999999,0.0546087499999999,0.19672875,0.1442725,0.0951025,0.5574469,0.10448786,0.32189894,100,18,0,1,1760,3.0281684,156.63652,0.3520001,-9999.0,13.296097794399486,0,0.23207273409322,52
-8126160,2021,8.0,38.81620342680453,-120.07780402825644,0.03353,0.04993375,0.04710125,0.173835,0.1466925,0.10262375,0.5753374,0.08482932,0.2577804,82,22,1,1,2112,11.648401,30.258327,0.14041981,0.0050000004,17.21716022286364,1,0.2539648827910423,28
-8126160,2026,5.0,38.81620342680453,-120.07780402825644,0.0761137499999999,0.09898,0.11436625,0.2117025,0.30622,0.24253,0.29136553,-0.18252233,-0.07250648,82,22,0,1,2112,11.648401,30.258327,0.20156819,-9999.0,7.913742073633386,0,0.2609751674213579,52
-8124364,2026,5.0,39.13959692908755,-120.38323122485708,0.0432925,0.06371125,0.06389,0.2669225,0.20673875,0.12186,0.6130062,0.12746935,0.3719076,90,20,0,1,1822,12.108739,11.219294,0.2778993,-9999.0,10.63833569762528,0,0.3058762764963119,52
-8124363,2026,5.0,38.78027081543974,-120.02390511120927,0.05817,0.0782175,0.08411625,0.21883875,0.20613375,0.15178,0.4385356,0.028802088,0.1794426,45,4,0,1,2313,5.4958916,300.31335,0.19677751,-9999.0,7.897607791039263,0,0.1877429608610414,52
-8120770,2021,9.0,38.81620342680453,-120.02390511120927,0.04677125,0.06692875,0.06277625,0.1240049999999999,0.1160712499999999,0.0981962499999999,0.32885838,0.032954592,0.118136436,86,21,0,1,2001,10.629746,85.05204,0.15012434,0.009000001,13.930757586161292,1,0.7997559185605496,24
-8120770,2026,5.0,38.81620342680453,-120.02390511120927,0.0582249999999999,0.071425,0.0814075,0.2000425,0.2150575,0.1640725,0.41281682,-0.03196606,0.10381461,86,21,0,1,2001,10.629746,85.05204,0.20156819,-9999.0,7.897607791039263,0,0.5342278226278723,52
-8118974,2026,5.0,37.7382250858611,-118.92796046458344,0.0419724999999999,0.0559974999999999,0.0607825,0.186265,0.1746599999999999,0.11779,0.52889675,0.050178453,0.22551082,51,14,0,1,2314,14.372778,18.634375,0.120733134,-9999.0,9.037369110763734,0,0.3587660801410675,52
-8118973,2021,7.0,38.63654036998062,-119.82627574870298,0.0330762499999999,0.0416975,0.03881,0.144465,0.09981875,0.08609625,0.45653167,0.08864074,0.18018037,98,21,0,1,2100,31.069351,300.69568,0.14938906,0.018000001,18.17000437090473,1,0.6817018120464954,27
-8118973,2021,9.0,38.81620342680453,-120.00593880552688,0.0372975,0.0548974999999999,0.0537975,0.10096,0.0915274999999999,0.0830299999999999,0.30475098,0.049003184,0.09745095,91,22,1,1,2379,36.79398,270.0,0.15012434,0.009000001,13.930757586161292,1,1.7403506957925856,24
-8118973,2026,5.0,38.63654036998062,-119.82627574870298,0.0396349999999999,0.05914625,0.05469125,0.2332075,0.1442999999999999,0.09569375,0.6180997,0.23545721,0.4133833,98,21,0,1,2100,31.069351,300.69568,0.1786504,-9999.0,7.597905485091701,0,0.3250261133625394,52
-8117177,2021,7.0,38.6724729813454,-119.84424205438536,0.04052875,0.0556675,0.0520375,0.18443625,0.1350325,0.10922375,0.55060357,0.14852959,0.2533686,51,21,0,1,2193,10.880528,59.648987,0.14827059,0.018000001,20.413449326381908,1,1.224580633012872,27
-8117177,2021,8.0,38.83416973248691,-120.00593880552688,0.0233825,0.0407624999999999,0.03511125,0.1924525,0.09706875,0.06004,0.69131595,0.3294301,0.524333,92,21,0,1,2235,12.27978,252.69371,0.14041981,0.0050000004,16.99022232383811,1,0.3395533939966789,28
-8117177,2026,5.0,38.51077623020389,-119.68254530324386,0.09134875,0.1324475,0.163385,0.29633375,0.32949875,0.25846625,0.28922716,-0.038904674,0.070893526,75,23,0,1,2333,24.617989,71.46097,0.17519715,-9999.0,5.846380262477453,0,0.2528963836881777,52
-8117176,2021,10.0,37.81009030859066,-118.98185938163064,0.0477612499999999,0.06346375,0.07396875,0.1956149999999999,0.16788125,0.116415,0.44936034,0.07338677,0.25035182,45,1,0,1,2447,3.635853,40.158802,0.16403565,0.065000005,4.193527106828583,1,0.226989413490114,25
-8117176,2026,5.0,37.81009030859066,-118.98185938163064,0.046125,0.0601499999999999,0.067245,0.1780425,0.1982275,0.148535,0.43268722,-0.04124197,0.094216555,45,1,0,1,2447,3.635853,40.158802,0.12175894,-9999.0,8.190988692416965,0,0.2819132754206657,52
-8115381,2021,8.0,38.83416973248691,-119.98797249984447,0.02259875,0.0397174999999999,0.0412299999999999,0.16823875,0.148205,0.09957125,0.6075227,0.06411616,0.25693923,100,21,0,1,2317,21.45603,25.024126,0.12511213,0.0050000004,16.99022232383811,1,0.3280144918423432,28
-8115381,2026,5.0,38.83416973248691,-119.98797249984447,0.05091,0.065815,0.0807474999999999,0.150075,0.22823,0.20777,0.30316588,-0.20659256,-0.1533723,100,21,0,1,2317,21.45603,25.024126,0.17554235,-9999.0,7.897607791039263,0,0.3184813071219694,52
-8115380,2021,7.0,38.654506675663015,-119.8083094430206,0.0446675,0.05700125,0.05683625,0.1540487499999999,0.12115875,0.1064325,0.40296903,0.075999945,0.15785296,50,21,0,1,1851,15.427999,355.69232,0.13710552,0.018000001,20.413449326381908,1,0.6808441296016099,27
-8115380,2021,9.0,38.852136038169306,-120.00593880552688,0.0132074999999999,0.0352899999999999,0.0222549999999999,0.12102125,0.0658837499999999,0.0406937499999999,0.69712794,0.29137057,0.49726856,91,7,0,1,1990,13.951249,293.0149,0.15012434,0.009000001,15.325744565327966,1,1.2873144773766398,24
-8115380,2026,5.0,38.654506675663015,-119.8083094430206,0.04088625,0.06690125,0.0643162499999999,0.27524125,0.161405,0.10589625,0.62184525,0.25114742,0.43940356,50,21,0,1,1851,15.427999,355.69232,0.1588816,-9999.0,9.846073117820197,0,0.2487493931231173,52
-8113584,2021,7.0,38.654506675663015,-119.7903431373382,0.0268749999999999,0.07803875,0.070875,0.15321,0.1222449999999999,0.097055,0.35192898,0.097687,0.2137077,71,22,1,1,2081,19.064724,286.32254,0.13710552,0.023000002,20.413449326381908,1,1.4660437500781631,27
-8113584,2021,8.0,38.852136038169306,-119.98797249984447,0.02114125,0.037105,0.03310375,0.17635125,0.09676625,0.0550624999999999,0.68390584,0.29157722,0.52437115,99,21,0,1,2037,13.895487,310.8695,0.12511213,0.0050000004,18.5630628606325,1,0.3853751439959384,28
-8113584,2026,5.0,38.60060775861584,-119.73644422029102,0.042605,0.0617175,0.0674924999999999,0.20602375,0.16438875,0.11838125,0.49994045,0.11749754,0.2772106,53,15,0,1,2447,11.111328,335.04758,0.15467614,-9999.0,8.789114847490907,0,0.2706465654244477,52
-8111787,2021,7.0,38.6724729813454,-119.7903431373382,0.0351937499999999,0.0514462499999999,0.0541824999999999,0.14376375,0.1655849999999999,0.14527625,0.3790959,-0.12945288,-0.047946904,66,21,0,1,2025,26.090881,46.037292,0.13710552,0.023000002,20.413449326381908,1,0.6282896903222022,27
-8111787,2021,8.0,38.852136038169306,-119.9700061941621,0.0366512499999999,0.0521062499999999,0.0524774999999999,0.17093375,0.14849375,0.10141375,0.53026295,0.070831046,0.25593525,65,21,0,1,2322,10.684346,19.300467,0.12511213,0.0050000004,18.5630628606325,1,0.2868654933516626,28
-8111787,2026,5.0,38.61857406429823,-119.73644422029102,0.0330624999999999,0.0463725,0.04882,0.170975,0.1208425,0.08182,0.5489517,0.16858685,0.35213947,98,16,0,1,1987,27.55745,334.10458,0.15467614,-9999.0,8.789114847490907,0,0.26860032831742,52
-8109990,2020,9.0,38.52874253588628,-119.62864638619668,0.021925,0.0417662499999999,0.03238875,0.15794,0.0924349999999999,0.06217125,0.5350089,0.0944487,0.25168598,90,21,1,1,2610,23.632233,2.7105844,0.10853021,0.009000001,14.800110689798998,1,3.201130681484938,28
-8109990,2021,7.0,38.6724729813454,-119.7723768316558,0.05333,0.0651275,0.06789125,0.15234375,0.15619375,0.13430375,0.33110726,-0.050074015,0.0264789,50,21,0,1,1976,10.433255,307.98026,0.13710552,0.023000002,20.413449326381908,1,0.868933069155268,27
-8109990,2021,8.0,38.852136038169306,-119.95203988847972,0.0196837499999999,0.0361837499999999,0.030395,0.1728725,0.0938787499999999,0.0562587499999999,0.70064497,0.29688573,0.5092785,100,21,0,1,2315,9.453121,299.0855,0.12511213,0.0050000004,18.5630628606325,1,1.168448945241315,28
-8109990,2026,5.0,38.52874253588628,-119.62864638619668,0.0384937499999999,0.05309625,0.06200625,0.14293875,0.20695875,0.1695725,0.37321368,-0.20740461,-0.11040979,90,21,0,1,2610,23.632233,2.7105844,0.15121639,-9999.0,7.537755010461296,0,0.2499349041997144,52
-8108194,2020,9.0,38.52874253588628,-119.6106800805143,0.0403225,0.0673549999999999,0.05333,0.10416375,0.1426637499999999,0.17299625,0.1699326,-0.24838808,-0.32885632,53,20,0,1,2484,23.143808,124.61585,0.10853021,0.009000001,14.800110689798998,1,1.0316261097111483,28
-8108194,2021,7.0,38.74433820407496,-119.82627574870298,0.0442687499999999,0.0576337499999999,0.0549662499999999,0.18281375,0.13495,0.10270625,0.5060001,0.12771063,0.25533167,39,21,0,1,1910,8.177037,25.6783,0.13710552,0.024,20.413449326381908,1,2.4336612961398294,27
-8108194,2026,5.0,38.52874253588628,-119.6106800805143,0.04468125,0.0688399999999999,0.07357,0.27262875,0.19257625,0.1329425,0.5662136,0.15589915,0.33023423,53,20,0,1,2484,23.143808,124.61585,0.15121639,-9999.0,7.537755010461296,0,0.2551159320026636,52
-8108193,2021,8.0,38.8701023438517,-119.95203988847972,0.0178549999999999,0.0341212499999999,0.02957,0.1531549999999999,0.08837875,0.0520924999999999,0.6763392,0.2685317,0.49251232,100,21,0,1,2241,22.06766,309.70874,0.12511213,0.0050000004,18.5630628606325,1,0.8955389641363312,28
-8108193,2026,5.0,38.8701023438517,-119.95203988847972,0.0432512499999999,0.0587475,0.06252875,0.18116375,0.18225,0.14909875,0.48048913,0.004572953,0.10350609,100,21,0,1,2241,22.06766,309.70874,0.17554235,-9999.0,9.344290628740907,0,0.2949642876261159,52
-8106397,2020,9.0,38.52874253588628,-119.5927137748319,0.0408587499999999,0.0558874999999999,0.0595724999999999,0.1104749999999999,0.13097625,0.12945,0.32537037,-0.10837956,-0.10525959,65,21,1,1,2168,27.364658,271.7923,0.092382446,0.007,14.800110689798998,1,1.738965567201376,28
-8106397,2026,5.0,38.52874253588628,-119.5927137748319,0.0359637499999999,0.0527249999999999,0.0579224999999999,0.18951,0.16034625,0.1144625,0.5356643,0.08695061,0.25250703,65,21,0,1,2168,27.364658,271.7923,0.12987988,-9999.0,7.537755010461296,0,0.272249670776849,52
-8104601,2020,9.0,38.51077623020389,-119.55678116346712,0.0552275,0.0765812499999999,0.083415,0.1026787499999999,0.16949,0.20583125,0.106725045,-0.25495803,-0.3427663,35,20,0,1,2599,15.120473,57.371838,0.092382446,0.007,14.800110689798998,1,3.2096330910168875,28
-8104601,2021,7.0,38.74433820407496,-119.7903431373382,0.0381225,0.0535775,0.05575,0.1804625,0.14749,0.096725,0.5279674,0.100540474,0.30209696,52,21,0,1,1894,17.670586,15.105488,0.13710552,0.025,20.413449326381908,1,0.6486142213739778,27
-8104601,2026,5.0,38.51077623020389,-119.55678116346712,0.0422612499999999,0.0678912499999999,0.0711225,0.22087375,0.246765,0.1791975,0.5109232,-0.056709215,0.10265919,35,20,0,1,2599,15.120473,57.371838,0.12987988,-9999.0,7.537755010461296,0,0.1784116725126902,52
-8104600,2020,9.0,38.52874253588628,-119.57474746914951,0.0504425,0.0574824999999999,0.0633124999999999,0.0809399999999999,0.13092125,0.15838,0.1316873,-0.26958779,-0.35350206,77,20,0,1,2365,9.574361,281.06592,0.092382446,0.007,14.800110689798998,1,1.3789676986634731,28
-8104600,2021,7.0,37.81009030859066,-118.8560952418539,0.0499199999999999,0.0634224999999999,0.06422,0.1997125,0.1679775,0.106515,0.51336044,0.08630912,0.30434072,54,21,0,1,2757,5.547545,180.0,0.13604371,0.021000002,19.501119437268983,1,5.7368156958254986,27
-8104600,2026,5.0,37.81009030859066,-118.8560952418539,0.08021125,0.10361375,0.125545,0.19829625,0.267225,0.22554875,0.224141,-0.14954053,-0.06592133,54,21,0,1,2757,5.547545,180.0,0.098613754,-9999.0,8.435557219802718,0,0.2187001341463703,52
-8102804,2020,9.0,38.47484361883911,-119.50288224641994,0.0361974999999999,0.0414775,0.0475825,0.067245,0.111575,0.12692,0.16686499,-0.26706308,-0.3181375,70,2,0,1,2216,29.482319,329.20135,0.09004295,0.009000001,15.998455958896216,1,0.8491504775094134,28
-8102804,2026,5.0,38.47484361883911,-119.50288224641994,0.03034,0.0528899999999999,0.0524224999999999,0.2368374999999999,0.14815,0.0958999999999999,0.6397151,0.21648476,0.41150752,70,2,0,1,2216,29.482319,329.20135,0.12355988,-9999.0,9.010513642013734,0,0.236834522551642,52
-8101008,2020,9.0,38.492809924521495,-119.50288224641994,0.03233375,0.03934625,0.04355375,0.0558874999999999,0.0876225,0.0999424999999999,0.1254763,-0.22988276,-0.28567192,45,2,0,1,2059,21.892374,332.40506,0.086975895,0.009000001,15.998455958896216,1,0.2669522935667863,28
-8101008,2026,5.0,38.492809924521495,-119.50288224641994,0.0381499999999999,0.06312,0.0710124999999999,0.2120325,0.15772,0.1065975,0.5179424,0.17467983,0.35391623,45,2,0,1,2059,21.892374,332.40506,0.116686925,-9999.0,9.010513642013734,0,0.319114181524268,52
-8101007,2021,7.0,38.72637189839257,-119.73644422029102,0.04858625,0.0596825,0.0609062499999999,0.12300125,0.1197699999999999,0.1093474999999999,0.29606724,-0.018273117,0.040415265,47,21,0,1,1968,15.327425,259.7942,0.12765552,0.025,21.33490692466819,1,0.3174626484809171,27
-8101007,2026,5.0,38.72637189839257,-119.73644422029102,0.0501949999999999,0.07346,0.08809,0.22009,0.17598,0.1279925,0.42832112,0.10330948,0.25866988,47,21,0,1,1968,15.327425,259.7942,0.13790284,-9999.0,10.942582169399486,0,0.2713764350861311,52
-8099211,2021,7.0,38.74433820407496,-119.73644422029102,0.04215125,0.05840375,0.0632025,0.13532125,0.13779625,0.10987,0.34594703,-0.020263044,0.08984084,57,22,1,1,1786,28.324043,43.878597,0.12765552,0.025,21.33490692466819,1,1.9784554809642332,27
-8099211,2026,5.0,38.74433820407496,-119.73644422029102,0.046125,0.0646324999999999,0.0732125,0.2014449999999999,0.1879974999999999,0.13165,0.48345056,0.05289041,0.22788517,57,22,0,1,1786,28.324043,43.878597,0.13790284,-9999.0,10.942582169399486,0,0.2897206141613423,52
-8097414,2021,7.0,38.72637189839257,-119.70051160892623,0.03962125,0.0525462499999999,0.0531099999999999,0.1432,0.13240625,0.12434875,0.37486476,-0.0057818303,0.06255029,75,21,0,1,2156,16.308466,292.78613,0.12765552,0.025,21.33490692466819,1,7.261276767433931,27
-8097414,2026,5.0,38.47484361883911,-119.44898332937278,0.0409137499999999,0.06125,0.060975,0.2281062499999999,0.17813875,0.12316625,0.5740329,0.11051681,0.2871042,45,2,0,1,2292,19.723974,353.37643,0.12355988,-9999.0,8.974160315400809,0,0.1873462438010252,52
-8095618,2026,5.0,37.77415769722588,-118.73033110207716,0.0622125,0.073405,0.0867562499999999,0.21151,0.20280625,0.1454,0.42205364,0.019412981,0.18371944,47,7,0,1,2708,17.759993,236.22435,0.098613754,-9999.0,9.369697004748955,0,0.2460457455447834,52
-8093821,2026,5.0,39.24739476318189,-120.18560186235078,0.0281537499999999,0.04145,0.0416425,0.1853025,0.12148875,0.07427125,0.6364321,0.21441326,0.43314624,91,15,0,1,2158,5.1507,44.082237,0.21508949,-9999.0,10.445887255925015,0,0.3293180052368414,52
-8092024,2021,7.0,38.74433820407496,-119.66457899756146,0.03500125,0.04520375,0.04712875,0.13732875,0.1081237499999999,0.0855875,0.48786232,0.114127606,0.2972968,71,22,1,1,1996,28.931509,307.9524,0.1195806,0.024,21.33490692466819,1,0.7814179407432675,27
-8092024,2026,5.0,38.74433820407496,-119.66457899756146,0.035455,0.0542787499999999,0.0620475,0.19573875,0.1333825,0.08994625,0.53822625,0.19243835,0.3787578,71,22,0,1,1996,28.931509,307.9524,0.124212205,-9999.0,10.942582169399486,0,0.1601425997912883,52
-8090228,2026,5.0,39.28332737454668,-120.18560186235078,0.02924,0.043045,0.0451212499999999,0.21586875,0.13622875,0.07894625,0.6414582,0.20924948,0.4470045,53,21,0,1,1962,2.2072577,327.13858,0.21508949,-9999.0,10.839087545743553,0,0.3425451721996069,52
-8090227,2026,5.0,39.26536106886429,-120.1676355566684,0.02130625,0.03601875,0.03483625,0.18141125,0.094415,0.0597375,0.6778884,0.32423422,0.5116383,98,2,0,1,2014,22.273829,322.22528,0.21508949,-9999.0,10.839087545743553,0,0.2625779383815825,52
-8088431,2021,7.0,38.708405592710186,-119.5927137748319,0.0390987499999999,0.0518725,0.055695,0.2005375,0.1505425,0.1017575,0.5612138,0.114400804,0.35256723,39,21,0,1,2418,6.611975,314.28723,0.11249504,0.022000002,22.554006072013635,1,2.5012031732046087,27
-8088431,2026,5.0,38.708405592710186,-119.5927137748319,0.0530275,0.0682074999999999,0.0769524999999999,0.1752925,0.2002074999999999,0.15431,0.39303863,-0.07176746,0.07382779,39,21,0,1,2418,6.611975,314.28723,0.11462717,-9999.0,12.19329358993042,0,0.2654970864003355,52
-8086635,2021,7.0,38.74433820407496,-119.6106800805143,0.04545125,0.0601224999999999,0.0627625,0.18479375,0.16122625,0.1140637499999999,0.52989167,0.084224895,0.2940385,40,21,0,1,2404,20.670267,19.273382,0.1195806,0.024,22.554006072013635,1,1.722760788043556,27
-8086635,2026,5.0,38.74433820407496,-119.6106800805143,0.0541274999999999,0.08149,0.0844875,0.2477275,0.174495,0.124665,0.47609508,0.15010658,0.32512638,40,21,0,1,2404,20.670267,19.273382,0.124212205,-9999.0,12.19329358993042,0,0.2279202697709912,52
-8086634,2021,7.0,38.708405592710186,-119.57474746914951,0.0478025,0.066805,0.0720025,0.19611,0.1517525,0.1155074999999999,0.51228666,0.12028079,0.3208138,41,21,0,1,2237,22.040876,50.227287,0.11249504,0.022000002,22.554006072013635,1,0.5473081734539433,27
-8086634,2026,5.0,38.708405592710186,-119.57474746914951,0.0499475,0.07665,0.0785474999999999,0.2816075,0.1834325,0.1204299999999999,0.55172235,0.19929099,0.3902172,41,21,0,1,2237,22.040876,50.227287,0.11462717,-9999.0,12.19329358993042,0,0.3111164421730098,52
-8084838,2021,7.0,38.76230450975736,-119.6106800805143,0.0443925,0.0535912499999999,0.0584999999999999,0.14475375,0.14392875,0.1123587499999999,0.42047384,0.001716816,0.17222835,35,22,1,1,2131,18.035658,333.49298,0.1195806,0.024,22.906240615024387,1,1.0024467712606897,27
-8084838,2026,5.0,38.76230450975736,-119.6106800805143,0.0414499999999999,0.0612774999999999,0.0667499999999999,0.2203375,0.1599749999999999,0.10987,0.53745866,0.16172734,0.3334321,35,22,0,1,2131,18.035658,333.49298,0.124212205,-9999.0,12.232694736603776,0,0.2298229747500858,52
-8083041,2026,5.0,39.37315890295863,-120.20356816803316,0.026545,0.0430587499999999,0.0369125,0.2415675,0.134345,0.0686199999999999,0.73100597,0.27430698,0.54727,93,12,0,1,2045,10.539576,64.212814,0.20028235,-9999.0,11.21153063210113,0,0.3057208891957998,52
-8081245,2026,5.0,39.37315890295863,-120.18560186235078,0.01979375,0.0377375,0.0328012499999999,0.23901,0.107395,0.05447125,0.75715107,0.37331766,0.6264826,83,4,0,1,1817,7.392736,75.55056,0.20028235,-9999.0,11.21153063210113,0,0.4406460026013,52
-8081244,2026,5.0,39.24739476318189,-120.05983772257406,0.0325262499999999,0.04806375,0.04594625,0.21883875,0.154695,0.0919262499999999,0.65296376,0.17028496,0.40289414,88,10,0,1,2001,12.980135,85.972916,0.14809063,-9999.0,10.891257509621257,0,0.5153089607134461,52
-8079448,2026,5.0,39.28332737454668,-120.07780402825644,0.0531375,0.0758524999999999,0.09066125,0.2258925,0.2476175,0.17675,0.42596063,-0.04876866,0.117626235,68,17,0,1,2147,9.849022,338.81442,0.14809063,-9999.0,10.552395572457272,0,0.5476760350699935,52
-8079447,2020,11.0,38.58264145293345,-119.37711810664322,0.1550524999999999,0.2047999999999999,0.2310074999999999,0.275695,0.1075875,0.0831675,0.088192776,0.43859947,0.5364938,45,6,0,1,2275,8.247968,270.0,0.11363659,0.045,2.049058511522105,1,0.1734176580996617,14
-8079447,2026,5.0,38.58264145293345,-119.37711810664322,0.0605074999999999,0.08802125,0.1062125,0.22218,0.2458575,0.19296125,0.35132685,-0.05049778,0.07308522,45,6,0,1,2275,8.247968,270.0,0.10664168,-9999.0,12.27561623357957,0,0.2165126576173034,52
-8077651,2021,7.0,38.78027081543974,-119.55678116346712,0.0404599999999999,0.0494799999999999,0.0540725,0.1278,0.1105574999999999,0.1002449999999999,0.40538013,0.07233882,0.2442325,31,22,1,1,2256,12.91175,244.933,0.11249504,0.022000002,22.906240615024387,1,0.5710902728606015,27
-8077651,2026,5.0,38.78027081543974,-119.55678116346712,0.0616625,0.0850925,0.1079175,0.189235,0.214535,0.1645125,0.29258814,-0.048743386,0.084244296,31,22,0,1,2256,12.91175,244.933,0.11462717,-9999.0,12.232694736603776,0,0.3039776622317731,52
-8075855,2026,5.0,38.83416973248691,-119.5927137748319,0.0631749999999999,0.085065,0.1109425,0.2239674999999999,0.2520175,0.180875,0.34316775,-0.04749759,0.11248473,30,12,0,1,2140,18.573694,261.69037,0.109001525,-9999.0,12.232694736603776,0,0.2853505010471532,52
-8072261,2026,5.0,39.44502412568819,-120.1676355566684,0.02988625,0.0523812499999999,0.0535087499999999,0.226305,0.1619,0.09475875,0.6127887,0.16808878,0.40326315,58,18,0,1,1935,7.168645,270.0,0.20028235,-9999.0,11.21153063210113,0,0.3148052618887864,52
-8068668,2026,5.0,39.44502412568819,-120.13170294530362,0.0353037499999999,0.05826625,0.06159375,0.23437625,0.16653375,0.101345,0.58695924,0.17097437,0.39989403,70,1,0,1,1811,10.915296,147.0781,0.16497268,-9999.0,11.065660546415645,0,0.3516457575537702,52
-8066872,2026,5.0,39.17552954045233,-119.84424205438536,0.042495,0.06013625,0.0614562499999999,0.22345875,0.17244625,0.115755,0.55768,0.13204804,0.3166323,70,4,0,1,2038,37.358982,57.987503,0.10859194,-9999.0,13.210107791039263,0,0.3437888187301509,52
-8066871,2026,5.0,39.33722629159385,-120.00593880552688,0.0320725,0.0529312499999999,0.05009875,0.21624,0.139185,0.08241125,0.6311939,0.2100956,0.43917775,85,1,0,1,2144,33.42154,293.1089,0.14641881,-9999.0,9.760098865468024,0,0.2640628525497098,52
-8065075,2026,5.0,39.17552954045233,-119.82627574870298,0.0309725,0.0493287499999999,0.05205125,0.19942375,0.14890625,0.09392,0.5895155,0.16262539,0.37244505,71,4,0,1,1756,22.13863,5.8919134,0.10099369,-9999.0,13.210107791039263,0,0.4093985667245255,52
-8063278,2026,5.0,39.35519259727624,-119.98797249984447,0.0332,0.05397625,0.054265,0.18564625,0.14463,0.094305,0.5476418,0.1227415,0.32549194,85,1,0,1,2114,34.16609,321.91046,0.11980465,-9999.0,10.326686252060767,0,0.3642955336512791,52
-8061481,2026,5.0,39.39112520864102,-120.00593880552688,0.05070375,0.07154875,0.0766225,0.23399125,0.1992037499999999,0.1424575,0.5045605,0.08024803,0.24308127,56,1,0,1,2153,10.172158,215.71072,0.1391419,-9999.0,10.326686252060767,0,0.4283783921204945,52
-8057888,2026,5.0,38.92400126089887,-119.50288224641994,0.0704624999999999,0.1000524999999999,0.1107774999999999,0.22559,0.2305125,0.17092,0.32705522,-0.026128564,0.11965527,40,13,0,1,2246,11.640658,315.0074,0.0992919,-9999.0,12.633300625380684,0,0.290057784275097,52
-8050701,2026,5.0,38.95993387226365,-119.46694963505516,0.064605,0.0891899999999999,0.1090725,0.2231699999999999,0.2269924999999999,0.1721849999999999,0.3430901,0.007213519,0.13503926,43,13,0,1,2295,20.536009,313.7421,0.0992919,-9999.0,12.553590023902188,0,0.3184460798572552,52
-8045312,2024,6.0,38.00771967109696,-118.46083651684133,0.0126025,0.0417799999999999,0.04682625,0.12712625,0.1260399999999999,0.11009,0.47390634,-0.044583313,0.011047533,40,24,0,1,2391,12.970372,10.276523,0.084149875,0.013,21.81714833577479,1,0.1357770920903594,56
-8045312,2026,5.0,38.00771967109696,-118.46083651684133,0.0533024999999999,0.06829,0.0822324999999999,0.1446575,0.202875,0.1901975,0.27751568,-0.16751671,-0.13599916,40,24,0,1,2391,12.970372,10.276523,0.088658184,-9999.0,13.90597157632152,0,0.2570312701165676,52
-8041718,2026,5.0,39.46299043137058,-119.88017466575016,0.0598475,0.0855462499999999,0.097055,0.27205125,0.23236875,0.16091,0.481125,0.08962744,0.26949993,44,7,0,1,1874,15.872721,73.46193,0.12016763,-9999.0,13.045268241308063,0,0.8407372440107994,52
