grid_id,year,month,latitude,longitude,blue,green,red,nir,swir1,swir2,ndvi,ndmi,nbr,treecover2000,lossyear,forest_loss_next_year,forested_2000,elevation,slope,aspect,soil_moisture,precipitation,temperature_c,burned_this_month,night_lights,landsat_image_count
-8244738,2026,3.0,36.175156491493134,-118.62253326798282,0.047665,0.07229125,0.09292999999999998,0.15585,0.2202,0.1855775,0.25229365,-0.17688528,-0.09310643,98,20,0,1,2126,11.649816,308.91098,0.18714154,-9999,10.303628273420486,1,0.39653966447804123,56
-8208806,2026,3.0,37.181269609706995,-119.26932027254887,0.02442749999999999,0.033805,0.028085,0.15246749999999998,0.10552499999999998,0.058252499999999985,0.6289472,0.24198024,0.44405997,100,21,0,1,1774,28.781755,335.9933,0.26774788,-9999,9.369257473689288,1,0.24380767561103167,56
-8212399,2026,3.0,37.181269609706995,-119.30525288391365,0.0262975,0.039360000000000006,0.0355375,0.14809499999999998,0.10849500000000001,0.06498999999999999,0.6118625,0.20479141,0.39042187,99,21,0,1,1638,26.032503,311.517,0.20232518,-9999,9.369257473689288,1,0.19483821942574447,56
-8207008,2026,5.0,36.15719018581074,-118.22727454297024,0.027755000000000002,0.051515000000000005,0.05634125000000001,0.2099425,0.16722125000000002,0.11286749999999998,0.57680726,0.11320698,0.300688,87,9,0,1,2644,13.925591,297.19412,0.12647131,-9999,8.697373101019139,0,0.28693123027682305,52
-8224975,2026,5.0,36.01345974035162,-118.263207154335,0.047967499999999996,0.07752999999999999,0.09295750000000003,0.27465,0.21365499999999998,0.14606000000000002,0.49440807,0.12510876,0.30284777,71,2,0,1,2410,13.466315,221.95915,0.11563582,-9999,10.074712125716701,0,0.3862504832860496,52
-8201618,2026,5.0,36.2470217142227,-118.263207154335,0.04475,0.06841375000000002,0.08296125000000001,0.20187125,0.24972125,0.18982625,0.41715318,-0.10623525,0.030599456,85,2,0,1,2702,10.817853,227.33374,0.13607162,-9999,9.863800877396784,0,0.2556364672631025,52
-8224975,2026,5.0,36.03142604603401,-118.2811734600174,0.0327875,0.05998500000000001,0.06575999999999999,0.24891000000000002,0.1815075,0.11578250000000001,0.58203834,0.17012975,0.37041396,85,2,0,1,2644,14.525908,247.98425,0.11563582,-9999,10.074712125716701,0,0.37057313571373623,52
-8221382,2026,5.0,36.06735865739879,-118.2811734600174,0.036500000000000005,0.06361499999999998,0.07079249999999998,0.25353,0.19852999999999998,0.12496750000000001,0.5634438,0.15648966,0.3602216,85,2,0,1,2424,4.5799193,270.0,0.11563582,-9999,10.454715695945197,0,0.40393935694980126,52
-8226771,2026,5.0,36.03142604603401,-118.29913976569979,0.03438250000000001,0.06166250000000001,0.062377499999999975,0.269315,0.18159000000000003,0.10920999999999997,0.6272564,0.1992341,0.42297074,72,2,0,1,2384,18.280695,75.817375,0.11563582,-9999,10.074712125716701,0,0.2752069110194078,52
-8224974,2026,5.0,36.0493923517164,-118.29913976569979,0.02844250000000001,0.053027500000000005,0.056410000000000016,0.24544500000000002,0.15370499999999998,0.0932325,0.6281727,0.2298384,0.449432,85,2,0,1,2447,15.730987,347.68735,0.11563582,-9999,10.074712125716701,0,0.31138922384178097,52
-8210601,2026,5.0,36.193122797175526,-118.29913976569979,0.05469125,0.08212249999999999,0.10201874999999999,0.23140625,0.32357250000000004,0.25909875000000004,0.39790168,-0.16986658,-0.05822972,78,10,0,1,2617,12.205009,68.02521,0.13607162,-9999,9.863800877396784,0,0.36352989392784923,52
-8207008,2026,5.0,36.229055408540304,-118.29913976569979,0.040295,0.06548499999999999,0.07594875000000001,0.23379875,0.21611625,0.15893000000000002,0.50969565,0.039233953,0.19056003,78,2,0,1,2029,14.648325,266.4493,0.13607162,-9999,9.863800877396784,0,0.1742506717145443,52
-8205211,2026,5.0,36.2470217142227,-118.29913976569979,0.05110249999999998,0.08278250000000001,0.08975375000000002,0.28860625,0.24633875000000002,0.1857975,0.51685214,0.054987907,0.19323656,45,2,0,1,2347,32.312317,79.679146,0.13607162,-9999,9.863800877396784,0,0.282956466350394,52
-8230365,2026,5.0,36.01345974035162,-118.31710607138218,0.0233275,0.04593249999999999,0.04986499999999999,0.1944325,0.151615,0.10764249999999997,0.5961807,0.123733014,0.28731275,89,24,0,1,2650,13.621579,262.32208,0.11563582,-9999,10.074712125716701,0,0.2800370351566623,52
-8226771,2026,5.0,36.0493923517164,-118.31710607138218,0.03740750000000001,0.06721749999999999,0.07522000000000001,0.2721475,0.2068625,0.1364625,0.566914,0.1545188,0.34036398,72,2,0,1,2606,23.179459,79.10372,0.11563582,-9999,10.074712125716701,0,0.31860802628099916,52
-8224975,2026,5.0,36.06735865739879,-118.31710607138218,0.03479499999999999,0.0630925,0.06402750000000001,0.279655,0.18527500000000002,0.121805,0.6274032,0.2029983,0.39318985,99,2,0,1,2129,11.866466,22.410072,0.11563582,-9999,10.454715695945197,0,0.26479501847643405,52
-8210602,2026,5.0,36.21108910285791,-118.31710607138218,0.05102000000000001,0.08520249999999999,0.09775625000000002,0.25805374999999997,0.21938875,0.17343625000000001,0.4487422,0.08324006,0.19816263,47,2,0,1,2453,28.213852,228.40997,0.13607162,-9999,9.863800877396784,0,0.24834450975888306,52
-8208805,2026,5.0,36.229055408540304,-118.31710607138218,0.049095,0.07651250000000001,0.0929575,0.23960125000000002,0.21537375,0.17401375,0.43340304,0.0438011,0.15306142,85,2,0,1,1994,26.76493,323.35782,0.13607162,-9999,9.863800877396784,0,0.20165516311923662,52
-8207008,2026,5.0,36.2470217142227,-118.31710607138218,0.05264249999999998,0.07673249999999998,0.09130749999999999,0.1971,0.2211075,0.18112250000000002,0.3644765,-0.05398433,0.05041569,88,20,0,1,2532,34.34189,267.28394,0.13607162,-9999,9.863800877396784,0,0.2679408256274958,52
-8232162,2026,5.0,36.01345974035162,-118.33507237706458,0.05148749999999999,0.07813499999999998,0.1014825,0.184945,0.2598275,0.2189075,0.29136488,-0.16157351,-0.07828567,89,24,0,1,2557,4.9352307,292.02032,0.11480348,-9999,10.074712125716701,0,0.2702842877747921,52
-8230365,2026,5.0,36.03142604603401,-118.33507237706458,0.0414225,0.07134249999999998,0.07783249999999997,0.28125,0.20994249999999998,0.1347025,0.5664924,0.15598027,0.37117365,83,2,0,1,2676,16.804253,83.845825,0.11480348,-9999,10.074712125716701,0,0.22466828287751586,52
-8219585,2026,5.0,36.13922388012835,-118.33507237706458,0.0475275,0.07182375000000002,0.08597250000000001,0.19996,0.20986,0.15352625,0.3979627,-0.028877312,0.1266419,85,2,0,1,2294,35.876,273.85013,0.124546096,-9999,10.454715695945197,0,0.35763540450969467,52
-8214195,2026,5.0,36.193122797175526,-118.33507237706458,0.06364249999999999,0.09079874999999998,0.10648749999999998,0.21387499999999998,0.2464075,0.22102500000000003,0.33420357,-0.069762945,-0.013233871,89,20,0,1,2475,32.421875,258.23544,0.13034411,-9999,9.863800877396784,0,0.35575635408839357,52
-8233958,2026,5.0,36.01345974035162,-118.35303868274696,0.031549999999999995,0.057042499999999996,0.07186500000000001,0.19798,0.198365,0.1411925,0.47882032,0.010928565,0.16943476,99,3,0,1,2583,13.466315,221.95915,0.11480348,-9999,11.565006879580949,0,0.2059417386353016,52
-8228568,2026,5.0,36.06735865739879,-118.35303868274696,0.025857500000000005,0.05261500000000002,0.057730000000000004,0.17999500000000002,0.18931750000000003,0.1283225,0.5451958,0.010484152,0.20900881,92,17,0,1,2486,21.447775,314.46613,0.11480348,-9999,11.869166720810767,0,0.32326396472752095,52
-8226771,2026,5.0,36.08532496308118,-118.35303868274696,0.05498,0.08747125,0.10371,0.2596625,0.2907375,0.22563125,0.42723784,-0.057602976,0.069142796,76,2,0,1,1982,13.050048,51.05699,0.124546096,-9999,11.869166720810767,0,0.381986396468204,52
-8221381,2026,5.0,36.13922388012835,-118.35303868274696,0.0476925,0.07645749999999998,0.08166875000000001,0.25034,0.2067525,0.15792625000000002,0.5069952,0.095644146,0.22569261,87,20,0,1,1949,26.723648,264.46475,0.124546096,-9999,11.869166720810767,0,0.21999467680554674,52
-8235755,2026,5.0,36.01345974035162,-118.37100498842935,0.04646875,0.07405125000000001,0.09313625,0.24966625,0.28347750000000005,0.21243125,0.4450512,-0.051365897,0.09220073,36,3,0,1,2695,10.642597,198.63245,0.11480348,-9999,11.565006879580949,0,0.2643030841046801,52
-8230365,2026,5.0,36.06735865739879,-118.37100498842935,0.04041875,0.06809749999999998,0.07512375000000002,0.25229250000000003,0.20761875,0.14530375,0.53251404,0.10194631,0.28321522,70,10,0,1,2579,25.851093,48.071793,0.11480348,-9999,11.869166720810767,0,0.3240465423464775,52
-8228568,2026,5.0,36.08532496308118,-118.37100498842935,0.035949999999999996,0.06122250000000001,0.06505875,0.25089,0.18986750000000002,0.12542125,0.586796,0.13723366,0.33199975,95,2,0,1,2048,22.271816,298.31396,0.124546096,-9999,11.869166720810767,0,0.3637176277115941,52
-8226771,2026,5.0,36.10329126876357,-118.37100498842935,0.042893749999999994,0.0713975,0.07300625,0.250285,0.21769750000000002,0.14414875000000002,0.5459868,0.07310918,0.27030414,85,2,0,1,1745,8.366015,7.8302746,0.124546096,-9999,11.869166720810767,0,0.32932353434929,52
-8224975,2026,5.0,36.12125757444596,-118.37100498842935,0.04144999999999999,0.07176874999999999,0.07718624999999998,0.2440975,0.22370625,0.156455,0.51888573,0.04293408,0.21804953,70,2,0,1,1805,25.198124,296.56726,0.124546096,-9999,11.869166720810767,0,0.24733725748956203,52
-8230365,2026,5.0,36.08532496308118,-118.38897129411174,0.04926000000000001,0.08081625,0.09664249999999999,0.28208875,0.25027125,0.1751,0.4846186,0.059530042,0.2288258,95,10,0,1,2400,22.246813,56.355213,0.124546096,-9999,11.869166720810767,0,0.229252308814062,52
-8228568,2026,5.0,36.10329126876357,-118.38897129411174,0.031907500000000005,0.06569125,0.0624875,0.29451875,0.19158625,0.11938499999999999,0.64875257,0.21077514,0.421688,95,2,0,1,1833,26.829672,326.31854,0.124546096,-9999,11.869166720810767,0,0.2485141627004613,52
-8226772,2026,5.0,36.12125757444596,-118.38897129411174,0.06358750000000002,0.09114250000000002,0.10654249999999998,0.216735,0.2835325,0.2173675,0.37926048,-0.09225695,0.038612213,50,17,0,1,1612,8.782951,65.22276,0.124546096,-9999,11.869166720810767,0,0.3015653608987729,52
-8215992,2026,5.0,36.229055408540304,-118.38897129411174,0.037709999999999994,0.07049,0.06771250000000001,0.29901500000000003,0.1982275,0.12950499999999998,0.6426645,0.22733243,0.40286306,83,10,0,1,2385,24.249712,20.878857,0.13034411,-9999,12.598779666039263,0,0.2751102613768092,52
-8239348,2026,5.0,36.01345974035162,-118.40693759979413,0.029171249999999996,0.056671250000000006,0.05858250000000001,0.26960375000000003,0.15925999999999998,0.08653625000000001,0.6436897,0.26041597,0.5138174,95,2,0,1,2701,19.674944,302.90698,0.117666066,-9999,11.565006879580949,0,0.3105840786546469,52
-8233958,2026,5.0,36.06735865739879,-118.40693759979413,0.0414775,0.07202999999999998,0.0812425,0.2521,0.22537000000000001,0.14974500000000002,0.5372694,0.085623324,0.2955129,95,10,0,1,2438,14.619567,266.442,0.117666066,-9999,11.869166720810767,0,0.2710156740434468,52
-8228568,2026,5.0,36.12125757444596,-118.40693759979413,0.050827500000000025,0.07931749999999999,0.09378249999999999,0.2149475,0.2399175,0.18403750000000002,0.43381733,-0.027309569,0.091114245,78,2,0,1,2036,10.848168,289.7486,0.12326035,-9999,11.869166720810767,0,0.31904502612451324,52
-8221381,2026,5.0,36.193122797175526,-118.40693759979413,0.048655000000000004,0.07197500000000001,0.08140750000000002,0.248305,0.2164875,0.16608,0.50719666,0.04896599,0.17450371,73,20,0,1,2040,17.822996,290.63705,0.12721187,-9999,12.598779666039263,0,0.35727646939456464,52
-8217788,2026,5.0,36.229055408540304,-118.40693759979413,0.040459999999999996,0.067795,0.07928999999999997,0.2250125,0.20249,0.1602225,0.4749448,0.04895939,0.1577306,70,20,0,1,2346,15.425396,184.17076,0.12721187,-9999,12.598779666039263,0,0.2942017667138806,52
-8241145,2026,5.0,36.01345974035162,-118.42490390547653,0.03476750000000001,0.061415,0.06455,0.2576,0.1592325,0.10172999999999999,0.59759796,0.23193431,0.4302915,76,2,0,1,2470,18.760622,250.51195,0.117666066,-9999,11.565006879580949,0,0.28501096754693067,52
-8233958,2026,5.0,36.08532496308118,-118.42490390547653,0.036335000000000006,0.062487499999999974,0.067685,0.2329325,0.18489,0.121585,0.5569085,0.11686048,0.31408182,99,2,0,1,2161,20.28078,282.6522,0.12326035,-9999,11.869166720810767,0,0.2812428412815699,52
-8232161,2026,5.0,36.10329126876357,-118.42490390547653,0.028992500000000004,0.060892500000000016,0.053852500000000025,0.32060249999999996,0.1578025,0.09147250000000001,0.73197377,0.36835897,0.5812957,95,2,0,1,2126,25.921894,2.3624773,0.12326035,-9999,11.869166720810767,0,0.33290337319844043,52
-8230365,2026,5.0,36.12125757444596,-118.42490390547653,0.04980999999999999,0.08201249999999999,0.09097749999999999,0.23683749999999998,0.22919250000000002,0.170865,0.4795263,0.05016634,0.18102007,85,2,0,1,1882,21.572786,294.16867,0.12326035,-9999,11.869166720810767,0,0.29144485550932586,52
-8221382,2026,5.0,36.21108910285791,-118.42490390547653,0.057083750000000016,0.08829624999999999,0.10454875,0.23593,0.27682249999999997,0.23029249999999998,0.39475307,-0.08095472,0.015581128,33,20,0,1,1934,15.713867,86.701584,0.12721187,-9999,12.598779666039263,0,0.3663396998308599,52
-8215992,2026,5.0,36.26498801990508,-118.42490390547653,0.037820000000000006,0.06747875,0.07982624999999999,0.25489125,0.24743875,0.15550625,0.51809657,0.008651859,0.22883792,51,17,0,1,2346,15.051421,103.93315,0.12721187,-9999,10.911077528102453,0,0.2592855073654881,52
-8210602,2026,5.0,36.318886936952254,-118.42490390547653,0.046729999999999994,0.07546749999999999,0.08798,0.24291500000000002,0.23707125,0.19582125,0.4614425,-0.007156408,0.09711194,99,11,0,1,2607,19.033298,98.09254,0.12721187,-9999,10.911077528102453,0,0.26785014869113055,52
-8208805,2026,5.0,36.336853242634646,-118.42490390547653,0.039703749999999996,0.06329874999999999,0.07352874999999998,0.19078875,0.19518875,0.1553275,0.43933982,-0.006098016,0.11391501,99,11,0,1,2545,23.531023,21.665247,0.13669123,-9999,10.911077528102453,0,0.2739278767590544,52
-8235755,2026,5.0,36.08532496308118,-118.44287021115892,0.0353175,0.05948999999999999,0.05891249999999998,0.21698250000000002,0.187585,0.12029250000000002,0.60041714,0.13155264,0.340854,85,2,0,1,1691,21.56535,294.17844,0.12326035,-9999,11.869166720810767,0,0.3285295587176314,52
-8219585,2026,5.0,36.2470217142227,-118.44287021115892,0.04509374999999999,0.07028374999999998,0.08598625000000001,0.2081275,0.234995,0.19227375000000002,0.41536304,-0.077490926,0.021527424,87,19,0,1,2436,18.020014,233.33464,0.12721187,-9999,12.598779666039263,0,0.2615618762345268,52
-8219585,2026,5.0,36.26498801990508,-118.46083651684131,0.053495000000000015,0.08039000000000002,0.09141749999999998,0.228945,0.2152775,0.16577750000000002,0.45662042,0.05368161,0.17698914,89,17,0,1,2745,17.072966,238.19186,0.12721187,-9999,10.617922391173693,0,0.27232317267251865,52
-8045312,2026,5.0,38.00771967109696,-118.46083651684131,0.053302499999999975,0.06829000000000002,0.08223249999999999,0.1446575,0.20287500000000003,0.19019750000000002,0.27751568,-0.16751671,-0.13599916,40,24,0,1,2391,12.970372,10.276523,0.088658184,-9999,13.90597157632152,0,0.2570312701165676,52
-8237551,2026,5.0,36.10329126876357,-118.47880282252369,0.04527249999999999,0.06983,0.07802500000000001,0.2019125,0.20735750000000003,0.16157,0.41906244,-0.013304176,0.11098884,90,20,0,1,2056,27.714718,202.41928,0.12326035,-9999,13.223824293895461,0,0.31498739571758994,52
-8235755,2026,5.0,36.12125757444596,-118.47880282252369,0.03768250000000001,0.06987125,0.07717249999999998,0.26085875000000003,0.2371125,0.17459125,0.54727143,0.06121625,0.21210654,98,20,0,1,1834,15.54101,8.286538,0.12326035,-9999,13.223824293895461,0,0.2651932011544704,52
-8219585,2026,5.0,36.282954325587475,-118.47880282252369,0.03337875,0.06219875,0.06829000000000002,0.23756625,0.17625500000000002,0.12565500000000002,0.56007075,0.1553449,0.31207114,87,11,0,1,2423,22.450777,256.40512,0.12721187,-9999,10.617922391173693,0,0.31331759549677374,52
-8217788,2026,5.0,36.30092063126987,-118.47880282252369,0.04206874999999999,0.0694175,0.08219125,0.24864875,0.20880125000000002,0.15740375,0.5080285,0.082779445,0.22365393,85,11,0,1,2535,26.409948,242.84871,0.12721187,-9999,10.617922391173693,0,0.35623479235385147,52
-8241144,2026,5.0,36.08532496308118,-118.49676912820608,0.05770249999999999,0.08429500000000001,0.09975,0.22146500000000002,0.2769875,0.231475,0.392441,-0.083020076,0.005370384,45,20,0,1,2025,10.613247,58.77979,0.13044623,-9999,13.223824293895461,0,0.24403512733988464,52
-8237551,2026,5.0,36.12125757444596,-118.49676912820608,0.044585,0.07006375000000001,0.08626125000000001,0.18451875,0.23825375000000001,0.203205,0.36403275,-0.13926026,-0.05429733,89,20,0,1,2303,26.161253,37.73038,0.13044623,-9999,13.223824293895461,0,0.2611382555961609,52
-8235754,2026,5.0,36.13922388012835,-118.49676912820608,0.036926249999999994,0.058183750000000006,0.06505875,0.1924525,0.21001125,0.15568500000000002,0.5110916,-0.018300815,0.13009909,98,20,0,1,1755,4.3550577,31.762917,0.13044623,-9999,13.223824293895461,0,0.28605176232755186,52
-8233957,2026,5.0,36.15719018581074,-118.49676912820608,0.04887499999999999,0.079235,0.090895,0.24273625000000001,0.26271500000000003,0.2070825,0.48176256,-0.026248949,0.09290438,58,20,0,1,1821,6.355964,115.847435,0.13044623,-9999,12.450308038855155,0,0.2507213101220819,52
-8228568,2026,5.0,36.21108910285791,-118.49676912820608,0.05206499999999997,0.06818000000000002,0.0778875,0.17765750000000002,0.2553725,0.2176975,0.38439196,-0.16668072,-0.08733987,41,20,0,1,1899,8.2891,-0.0,0.1327237,-9999,12.450308038855155,0,0.31223705273283564,52
-8246534,2026,5.0,36.0493923517164,-118.51473543388848,0.045685,0.08228750000000001,0.09534999999999999,0.24109999999999998,0.22820250000000003,0.17818,0.42952964,0.016053166,0.14774361,78,21,0,1,1728,25.09385,238.76813,0.1175187,-9999,12.931986991308065,0,0.2657492837309837,52
-8244738,2026,5.0,36.06735865739879,-118.51473543388848,0.0418625,0.06455,0.07169999999999999,0.22539750000000003,0.23109000000000002,0.16421000000000002,0.5330434,0.0085375765,0.17018089,52,21,0,1,1791,8.598935,138.53416,0.1175187,-9999,13.223824293895461,0,0.29777787725574206,52
-8242941,2026,5.0,36.08532496308118,-118.51473543388848,0.04224749999999999,0.0662275,0.06963750000000002,0.21024500000000002,0.2266625,0.15871000000000002,0.53072274,-0.014946906,0.12694798,36,21,0,1,2118,8.658745,148.25467,0.13044623,-9999,13.223824293895461,0,0.3550570111721754,52
-8241144,2026,5.0,36.10329126876357,-118.51473543388848,0.0628725,0.09313625,0.11109375000000002,0.23341375,0.29369375,0.245335,0.36050305,-0.121356726,-0.019912269,49,20,0,1,2275,13.119631,205.4561,0.13044623,-9999,13.223824293895461,0,0.3785506338626146,52
-8237551,2026,5.0,36.13922388012835,-118.51473543388848,0.03498749999999999,0.06071374999999998,0.06103,0.26516249999999997,0.19120125,0.12954625,0.6347257,0.17100659,0.35266688,96,20,0,1,1908,11.049899,24.240932,0.13044623,-9999,13.223824293895461,0,0.22180736161768436,52
-8235754,2026,5.0,36.15719018581074,-118.51473543388848,0.044997499999999996,0.06965125,0.075715,0.22117625000000002,0.22658,0.16849999999999998,0.48451468,-0.010477293,0.13039449,60,20,0,1,1942,15.300287,126.2787,0.13044623,-9999,12.450308038855155,0,0.33659690998494624,52
-8232161,2026,5.0,36.193122797175526,-118.51473543388848,0.03461625,0.05893999999999999,0.05555750000000001,0.26660625,0.161185,0.11519125,0.6420707,0.23987259,0.39427975,100,20,0,1,2211,25.30874,22.442465,0.1327237,-9999,12.450308038855155,0,0.2451228179782629,52
-8251925,2026,5.0,36.01345974035162,-118.53270173957087,0.03152250000000001,0.05564000000000002,0.05674000000000001,0.229605,0.174935,0.12224499999999999,0.60369486,0.11926132,0.2964357,76,21,0,1,1624,20.688013,252.53833,0.1175187,-9999,12.931986991308065,0,0.31798570823890193,52
-8248331,2026,5.0,36.0493923517164,-118.53270173957087,0.035248749999999995,0.06520999999999999,0.06965125,0.2638975,0.2361225,0.16447125,0.57450056,0.062253725,0.23343436,94,22,0,1,1728,15.15806,26.323332,0.1175187,-9999,12.931986991308065,0,0.2268417293492418,52
-8246535,2026,5.0,36.06735865739879,-118.53270173957087,0.039855,0.063945,0.07251125,0.22592,0.23440375000000002,0.1812325,0.50441074,-0.029940404,0.09591895,76,22,0,1,2184,12.689747,200.83957,0.1175187,-9999,13.223824293895461,0,0.30211599647170967,52
-8241145,2026,5.0,36.12125757444596,-118.53270173957087,0.05715250000000001,0.08670124999999998,0.10716125000000001,0.23976625,0.3212075,0.27762,0.37139282,-0.13964662,-0.06950144,99,20,0,1,2335,15.993855,163.75977,0.13044623,-9999,13.223824293895461,0,0.2844563585061293,52
-8239348,2026,5.0,36.13922388012835,-118.53270173957087,0.02781,0.04927374999999999,0.05759249999999999,0.20561125000000002,0.1972375,0.14024375,0.55399853,0.033757243,0.2051736,96,21,0,1,2127,7.9028435,35.28238,0.13044623,-9999,13.223824293895461,0,0.24354294389486314,52
-8237551,2026,5.0,36.15719018581074,-118.53270173957087,0.03966249999999999,0.061470000000000025,0.06496249999999998,0.2088425,0.206835,0.14839750000000002,0.5230608,0.008244105,0.1549832,90,20,0,1,2257,26.75105,154.05383,0.13044623,-9999,12.450308038855155,0,0.2581880228737226,52
-8235755,2026,5.0,36.175156491493134,-118.53270173957087,0.05132249999999999,0.0813525,0.09328750000000002,0.24275000000000002,0.25584,0.1891525,0.4787352,0.009123061,0.15483192,96,20,0,1,2396,19.51547,16.433891,0.1327237,-9999,12.450308038855155,0,0.2973229315959745,52
-8232162,2026,5.0,36.21108910285791,-118.53270173957087,0.04069375,0.07092999999999999,0.08359375000000002,0.29149375,0.24661375,0.19142125,0.55423796,0.0823695,0.19923125,95,14,0,1,2132,19.707188,122.84129,0.1327237,-9999,12.450308038855155,0,0.27150299172434544,52
-8219585,2026,5.0,36.336853242634646,-118.53270173957087,0.044145000000000004,0.07242875000000001,0.09028999999999998,0.21619875,0.22465500000000002,0.1871175,0.4110364,-0.026205758,0.05821312,83,5,0,1,2320,19.7279,237.20076,0.14267918,-9999,10.617922391173693,0,0.3134786041080952,52
-8147720,2026,5.0,37.05550546993026,-118.53270173957087,0.05606625000000001,0.08267249999999998,0.09282000000000001,0.252045,0.25182499999999997,0.17448124999999998,0.45482507,-0.012289017,0.17297806,70,5,0,1,2692,20.224047,202.66951,0.13689959,-9999,2.679456329345726,0,0.2856234561248649,52
-8251924,2026,5.0,36.03142604603401,-118.55066804525326,0.05013999999999999,0.08121499999999998,0.08639875,0.262,0.26156,0.20121125,0.49803272,-0.011201097,0.11361765,78,21,0,1,1935,12.706627,77.5624,0.1175187,-9999,13.310722605387411,0,0.3236678947162415,52
-8242941,2026,5.0,36.12125757444596,-118.55066804525326,0.045877500000000015,0.0683725,0.0838275,0.1622575,0.23188750000000002,0.20359,0.32501382,-0.16617401,-0.105495244,100,21,0,1,2149,18.226206,349.4802,0.13044623,-9999,12.968188058176395,0,0.3350375575873141,52
-8241144,2026,5.0,36.13922388012835,-118.55066804525326,0.027713749999999995,0.049163750000000006,0.05199625000000001,0.19278250000000002,0.1672625,0.11718500000000001,0.5762779,0.07979396,0.2518657,98,24,0,1,2253,17.546518,224.21361,0.13044623,-9999,12.968188058176395,0,0.2929736905544996,52
-8239347,2026,5.0,36.15719018581074,-118.55066804525326,0.03955249999999999,0.062102500000000005,0.06729999999999997,0.20980500000000002,0.22003499999999998,0.1710025,0.5364485,7.4832246E-4,0.120074205,99,20,0,1,2329,20.362001,229.13782,0.13044623,-9999,11.507951478035238,0,0.28794821359217165,52
-8237551,2026,5.0,36.175156491493134,-118.55066804525326,0.03622500000000001,0.06412375000000001,0.06437124999999999,0.25549625,0.22436625,0.15424125,0.589382,0.064240836,0.24802886,91,20,0,1,2406,8.592946,344.60803,0.1327237,-9999,11.507951478035238,0,0.34661844021712357,52
-8235754,2026,5.0,36.193122797175526,-118.55066804525326,0.04806374999999999,0.07297874999999998,0.08579375,0.23055375,0.25219625,0.20018000000000002,0.45246795,-0.0509423,0.06569459,83,20,0,1,2348,25.001892,142.97485,0.1327237,-9999,11.507951478035238,0,0.29226288813407775,52
-8226771,2026,5.0,36.282954325587475,-118.55066804525326,0.04083125,0.06973374999999998,0.07500000000000001,0.30146249999999997,0.2041125,0.13308,0.59943265,0.1958291,0.37574357,64,11,0,1,2394,15.315547,126.23475,0.1327237,-9999,8.295357497020461,0,0.2897153763721387,52
-8253721,2026,5.0,36.03142604603401,-118.56863435093565,0.0372425,0.06093375000000001,0.06838625000000001,0.20143125,0.20282,0.14049124999999998,0.48418894,-2.8093337E-4,0.1692635,98,22,0,1,2049,7.4655056,188.78671,0.12087949,-9999,13.310722605387411,0,0.41282247995527893,52
-8246534,2026,5.0,36.10329126876357,-118.56863435093565,0.04817374999999999,0.08021124999999998,0.09445624999999999,0.2365625,0.26641375,0.19980874999999998,0.42077225,-0.054479342,0.07819041,96,20,0,1,2282,19.420898,38.68982,0.13565047,-9999,12.968188058176395,0,0.23324087254989606,52
-8244738,2026,5.0,36.12125757444596,-118.56863435093565,0.03209999999999999,0.055365,0.05445749999999999,0.32261,0.19572499999999998,0.12175000000000002,0.71736234,0.23629332,0.4280306,100,20,0,1,1929,17.171516,114.77724,0.13565047,-9999,12.968188058176395,0,0.2908652350306511,52
-8242941,2026,5.0,36.13922388012835,-118.56863435093565,0.03344749999999999,0.0599575,0.058761250000000015,0.26794,0.20337000000000002,0.13367125,0.64242727,0.13033304,0.3225747,95,21,0,1,1770,13.546426,246.22649,0.13565047,-9999,12.968188058176395,0,0.3181652504807481,52
-8241144,2026,5.0,36.15719018581074,-118.56863435093565,0.03859,0.0649625,0.073295,0.20794875,0.21299500000000002,0.15619375000000002,0.4818806,-0.0123376995,0.13229734,100,20,0,1,2273,19.478378,214.53104,0.13565047,-9999,11.507951478035238,0,0.2834607781469822,52
-8239348,2026,5.0,36.175156491493134,-118.56863435093565,0.057785,0.07847875000000001,0.09805875,0.15451625000000002,0.264695,0.24127875000000001,0.2440463,-0.25657308,-0.21010451,57,21,0,1,2424,9.687149,124.679306,0.14467336,-9999,11.507951478035238,0,0.2589354327378365,52
-8237551,2026,5.0,36.193122797175526,-118.56863435093565,0.04252249999999999,0.06969249999999999,0.079125,0.2356275,0.25221,0.1788675,0.52660304,-0.016708443,0.1390414,91,20,0,1,2571,10.025795,42.902374,0.14467336,-9999,11.507951478035238,0,0.27127643205225466,52
-8235755,2026,5.0,36.21108910285791,-118.56863435093565,0.042027499999999995,0.06570500000000001,0.07618249999999999,0.22539750000000003,0.23356500000000002,0.18417499999999998,0.52630925,0.024857135,0.15091984,99,20,0,1,2418,11.19297,114.144196,0.14467336,-9999,11.507951478035238,0,0.3044001080647663,52
-8232161,2026,5.0,36.2470217142227,-118.56863435093565,0.0413125,0.06901875000000002,0.08470749999999999,0.247535,0.246105,0.19837875,0.4756149,-0.010682114,0.10052638,99,16,0,1,2464,22.826015,115.02813,0.14467336,-9999,11.507951478035238,0,0.3220228367243652,52
-8257315,2026,5.0,36.01345974035162,-118.58660065661803,0.03926375,0.06109874999999998,0.07134249999999998,0.198585,0.215965,0.17400000000000002,0.4616111,-0.041182127,0.064337604,98,21,0,1,2160,15.540589,171.72466,0.12087949,-9999,13.310722605387411,0,0.22514740671389377,52
-8255518,2026,5.0,36.03142604603401,-118.58660065661803,0.06151124999999999,0.1022525,0.11171249999999999,0.26319625,0.2647225,0.20442875000000002,0.40620992,0.016695317,0.15084992,92,21,0,1,2126,10.692316,140.49863,0.12087949,-9999,13.310722605387411,0,0.30491037373072827,52
-8250128,2026,5.0,36.08532496308118,-118.58660065661803,0.03135750000000001,0.05819750000000001,0.0685925,0.1928375,0.19940999999999998,0.1715525,0.42084876,-0.07766903,-7.837244E-4,98,21,0,1,2584,16.945393,226.31642,0.13565047,-9999,12.968188058176395,0,0.3011335041373968,52
-8246535,2026,5.0,36.12125757444596,-118.58660065661803,0.020962499999999995,0.03672,0.0385625,0.15582249999999997,0.10701,0.07368000000000002,0.60237765,0.17861722,0.33639103,100,24,0,1,2211,22.919899,331.70862,0.13565047,-9999,12.968188058176395,0,0.3063315898180008,52
-8244738,2026,5.0,36.13922388012835,-118.58660065661803,0.028071249999999992,0.049479999999999996,0.04759625000000001,0.217285,0.16218875000000002,0.10313249999999999,0.641654,0.13116546,0.3456546,100,23,0,1,1601,14.138147,320.46008,0.13565047,-9999,12.968188058176395,0,0.3691222629008385,52
-8242941,2026,5.0,36.15719018581074,-118.58660065661803,0.0328425,0.06375249999999999,0.06003999999999998,0.275585,0.1914075,0.12007250000000003,0.64880925,0.18175703,0.3805024,98,20,0,1,1958,26.834547,213.6996,0.13565047,-9999,11.507951478035238,0,0.2773589286953211,52
-8241145,2026,5.0,36.175156491493134,-118.58660065661803,0.05003000000000002,0.07590750000000002,0.0903175,0.169105,0.223005,0.19907999999999998,0.30055523,-0.15126377,-0.09722978,99,20,0,1,2520,15.521877,201.16309,0.14467336,-9999,11.507951478035238,0,0.20926485557109117,52
-8233958,2026,5.0,36.2470217142227,-118.58660065661803,0.04480500000000001,0.06897750000000002,0.07656750000000001,0.2508075,0.21343499999999999,0.16445749999999998,0.5539664,0.08292255,0.20287186,100,20,0,1,2494,25.870222,150.21782,0.14467336,-9999,11.507951478035238,0,0.3025752414293863,52
-8232162,2026,5.0,36.26498801990508,-118.58660065661803,0.037957500000000005,0.07024249999999999,0.07423000000000002,0.32547,0.18896000000000002,0.114655,0.63564074,0.26536167,0.47898892,98,15,0,1,2626,20.188513,134.7802,0.14467336,-9999,8.295357497020461,0,0.3137527217381987,52
-8230365,2026,5.0,36.282954325587475,-118.58660065661803,0.03933249999999999,0.07018749999999999,0.085395,0.25681625,0.24691625,0.179335,0.511708,0.021638572,0.1801773,90,10,0,1,2598,20.305218,195.74527,0.14467336,-9999,8.295357497020461,0,0.2116727302595973,52
-8259111,2026,5.0,36.01345974035162,-118.60456696230042,0.05544749999999998,0.08604124999999999,0.09794875,0.2323,0.266015,0.22740500000000002,0.41792235,-0.065359145,0.01000115,96,21,0,1,2351,14.434613,231.03139,0.12087949,-9999,13.310722605387411,0,0.36256490506231787,52
-8257314,2026,5.0,36.03142604603401,-118.60456696230042,0.020811250000000003,0.04413125,0.05260124999999999,0.1683075,0.16078625000000002,0.11860125000000002,0.49844354,0.0019535827,0.1581185,99,23,0,1,2492,17.933388,300.01233,0.12087949,-9999,13.310722605387411,0,0.28241383312986446,52
-8253721,2026,5.0,36.06735865739879,-118.60456696230042,0.04508000000000001,0.06765749999999998,0.07332250000000001,0.21978750000000002,0.22652499999999998,0.15345750000000002,0.4764216,-0.037802756,0.12246722,87,21,0,1,1995,5.6634893,191.65044,0.12087949,-9999,12.968188058176395,0,0.33377753004121286,52
-8251924,2026,5.0,36.08532496308118,-118.60456696230042,0.03377749999999999,0.05748249999999999,0.0564925,0.22787249999999998,0.16849999999999998,0.11099750000000003,0.6247456,0.15300708,0.35296696,90,22,0,1,1961,23.185266,204.89268,0.13565047,-9999,12.968188058176395,0,0.3309818167382708,52
-8246534,2026,5.0,36.13922388012835,-118.60456696230042,0.04653750000000001,0.0721675,0.08171,0.2634025,0.255455,0.1771625,0.5369916,0.0451373,0.2296828,75,21,0,1,1506,10.028176,145.47502,0.13565047,-9999,12.968188058176395,0,0.6348716381937265,52
-8242941,2026,5.0,36.175156491493134,-118.60456696230042,0.0416975,0.061387499999999984,0.06886750000000003,0.18741999999999998,0.21365499999999998,0.15794000000000002,0.44169232,-0.08510898,0.03116833,96,20,0,1,2441,19.626877,210.40495,0.14467336,-9999,11.507951478035238,0,0.2847241006302647,52
-8241144,2026,5.0,36.193122797175526,-118.60456696230042,0.024455000000000005,0.05781249999999999,0.06433,0.21822000000000003,0.19589,0.12700250000000002,0.5055236,0.007107255,0.23146378,95,20,0,1,2311,38.5941,295.2095,0.14467336,-9999,11.507951478035238,0,0.2722265116870403,52
-8260908,2026,5.0,36.01345974035162,-118.62253326798282,0.028634999999999994,0.049122499999999986,0.04901249999999999,0.19459749999999998,0.1382775,0.09587250000000003,0.60088694,0.11753074,0.29979166,99,23,0,1,2137,21.460688,188.78473,0.12087949,-9999,13.310722605387411,0,0.3558134651587655,52
-8255518,2026,5.0,36.06735865739879,-118.62253326798282,0.043155,0.06437124999999999,0.06522375,0.22618125,0.2069725,0.13897875,0.57520133,0.09589408,0.27397567,94,22,0,1,1814,25.566057,141.10263,0.12087949,-9999,12.968188058176395,0,0.2881038472801447,52
-8253721,2026,5.0,36.08532496308118,-118.62253326798282,0.04419999999999999,0.0630925,0.06741000000000003,0.19952000000000003,0.2007025,0.14639000000000002,0.50498706,-0.022975814,0.13865843,95,22,0,1,1736,16.271461,253.90076,0.13565047,-9999,12.968188058176395,0,0.3989990507811308,52
-8251924,2026,5.0,36.10329126876357,-118.62253326798282,0.028827500000000006,0.04799500000000001,0.051844999999999974,0.163605,0.16110249999999998,0.12219000000000002,0.51872826,-0.01424077,0.13201718,100,23,0,1,2159,19.827908,19.47493,0.13565047,-9999,12.968188058176395,0,0.3089966067671776,52
-8250128,2026,5.0,36.12125757444596,-118.62253326798282,0.018405000000000005,0.038122500000000004,0.03141250000000001,0.23274,0.13877250000000002,0.07241500000000001,0.72588223,0.25497276,0.52696604,97,17,0,1,1491,12.091366,349.2167,0.13565047,-9999,12.968188058176395,0,0.3731313186626022,52
-8248331,2026,5.0,36.13922388012835,-118.62253326798282,0.030120000000000008,0.05795,0.049589999999999995,0.2806725,0.17776750000000002,0.10090500000000002,0.69969344,0.23966296,0.48284143,45,1,0,1,1442,14.343714,239.57285,0.13565047,-9999,12.968188058176395,0,0.708100965814665,52
-8246534,2026,5.0,36.15719018581074,-118.62253326798282,0.042605000000000004,0.06980249999999999,0.06796000000000002,0.2376625,0.18450500000000003,0.12257499999999999,0.5786862,0.16071804,0.32900822,98,20,0,1,1858,18.84741,235.31451,0.13565047,-9999,11.507951478035238,0,0.3066796462237835,52
-8244738,2026,5.0,36.175156491493134,-118.62253326798282,0.048765,0.08063749999999997,0.10021750000000001,0.229715,0.2835875,0.2224275,0.39249694,-0.110575505,0.014082331,98,20,0,1,2126,11.649816,308.91098,0.14467336,-9999,11.507951478035238,0,0.3110876094549894,52
-8241145,2026,5.0,36.21108910285791,-118.62253326798282,0.03489125,0.05790874999999998,0.049906249999999985,0.28974750000000005,0.17591125000000002,0.10009375000000001,0.71159905,0.2569162,0.49820763,96,19,0,1,1811,31.690119,218.13013,0.14467336,-9999,11.507951478035238,0,0.324627670571208,52
-8239348,2026,5.0,36.229055408540304,-118.62253326798282,0.0322375,0.055227499999999985,0.057867500000000016,0.23177750000000003,0.17081000000000002,0.10777999999999999,0.6072486,0.14642605,0.35713196,99,16,0,1,2149,18.837088,270.0,0.14467336,-9999,11.507951478035238,0,0.6046677240385459,52
-8237551,2026,5.0,36.2470217142227,-118.62253326798282,0.047376249999999995,0.07418875,0.08330500000000002,0.232025,0.24485375,0.17471499999999998,0.4737077,-0.053905316,0.11181171,100,17,0,1,2361,24.608418,156.77007,0.14467336,-9999,11.507951478035238,0,0.42590140372825164,52
-8181856,2026,5.0,36.8039771903768,-118.62253326798282,0.049232499999999985,0.07423000000000002,0.07326749999999999,0.2829825,0.22405000000000003,0.1290925,0.5953791,0.14543572,0.38897243,99,5,0,1,2321,21.119873,109.58874,0.18323933,-9999,8.679834353539263,0,0.25329154568652695,52
-8262704,2026,5.0,36.01345974035162,-118.64049957366521,0.03512499999999999,0.05685000000000001,0.05635499999999999,0.22462749999999998,0.18425750000000002,0.1275525,0.5988718,0.0906878,0.27915323,100,23,0,1,1730,14.61003,273.56042,0.11747777,-9999,13.310722605387411,0,0.31790638975799085,52
-8255517,2026,5.0,36.08532496308118,-118.64049957366521,0.035564999999999986,0.0476375,0.046977500000000005,0.15670250000000002,0.14190750000000002,0.09801749999999998,0.55529314,0.07371251,0.26298875,100,22,0,1,1639,23.796417,272.10373,0.12699379,-9999,12.968188058176395,0,0.356687765866518,52
-8251924,2026,5.0,36.12125757444596,-118.64049957366521,0.027067500000000008,0.06159375,0.04517625,0.35900625,0.17879875,0.09033125,0.7919035,0.3524873,0.61548823,100,17,0,1,1672,24.994596,36.99988,0.12699379,-9999,12.968188058176395,0,0.32947854734957216,52
-8246534,2026,5.0,36.175156491493134,-118.64049957366521,0.044763750000000005,0.07029750000000001,0.07152125000000001,0.24661375,0.21592375,0.13763125,0.56978136,0.0924864,0.30898303,97,16,0,1,1906,24.993526,220.18628,0.13979155,-9999,11.507951478035238,0,0.3156042378395796,52
-8244737,2026,5.0,36.193122797175526,-118.64049957366521,0.03204499999999999,0.056987500000000024,0.0473625,0.2819375,0.182305,0.10876999999999998,0.7093546,0.20774499,0.42347744,100,21,0,1,1728,17.187273,308.90454,0.13979155,-9999,11.507951478035238,0,0.4383900457133467,52
-8242941,2026,5.0,36.21108910285791,-118.64049957366521,0.03377749999999999,0.062460000000000016,0.055145,0.31854,0.20903500000000003,0.11358249999999998,0.7159016,0.21175383,0.47769457,90,19,0,1,1612,24.71696,169.95947,0.13979155,-9999,11.507951478035238,0,0.3894331981786169,52
-8232161,2026,5.0,36.318886936952254,-118.64049957366521,0.04183500000000001,0.059352499999999975,0.08330500000000002,0.15315499999999999,0.2044975,0.15862749999999998,0.29194802,-0.1272592,-9.544017E-4,98,24,0,1,2844,7.4661393,351.18152,0.13979155,-9999,8.295357497020461,0,0.2976870567609484,52
-8262704,2026,5.0,36.03142604603401,-118.6584658793476,0.037215,0.06034250000000002,0.0567125,0.3043775,0.18621,0.10742249999999998,0.67290294,0.24308252,0.4648435,95,22,0,1,1260,10.158852,353.58603,0.11747777,-9999,14.662180098666965,0,0.27863824941838783,52
-8257314,2026,5.0,36.08532496308118,-118.6584658793476,0.040514999999999995,0.06444,0.06644749999999999,0.23905125,0.20023500000000002,0.12883124999999998,0.5793287,0.09698889,0.30502212,96,16,0,1,1717,23.186548,220.89873,0.12699379,-9999,14.709564381261032,0,0.3596502236276865,52
-8255517,2026,5.0,36.10329126876357,-118.6584658793476,0.055365,0.08179249999999999,0.09249000000000002,0.2587275,0.26937,0.1844225,0.50796753,0.012673192,0.18307585,47,17,0,1,2066,14.562306,175.57664,0.12699379,-9999,14.709564381261032,0,0.3219664307683706,52
-8253721,2026,5.0,36.12125757444596,-118.6584658793476,0.031549999999999995,0.06485249999999998,0.05198249999999999,0.3681775,0.19784249999999998,0.10373749999999998,0.76823944,0.33530176,0.58306783,97,17,0,1,1655,23.500998,56.053864,0.12699379,-9999,14.709564381261032,0,0.2785427952185273,52
-8248331,2026,5.0,36.175156491493134,-118.6584658793476,0.04249499999999999,0.06878499999999999,0.055584999999999996,0.35154,0.2192925,0.12142,0.73026246,0.25171036,0.50213754,80,17,0,1,1609,26.310175,103.248314,0.13979155,-9999,13.015464708882007,0,0.41948741043989474,52
-8244738,2026,5.0,36.21108910285791,-118.6584658793476,0.032979999999999995,0.05597000000000002,0.06115375000000001,0.20382375,0.19444625,0.1359125,0.5396399,0.03032322,0.20806855,96,20,0,1,1727,16.839836,221.51787,0.13979155,-9999,13.015464708882007,0,0.27392334200441837,52
-8242941,2026,5.0,36.229055408540304,-118.6584658793476,0.044942499999999996,0.07057249999999998,0.073075,0.2559775,0.2429425,0.162615,0.573201,0.037159715,0.22303912,80,20,0,1,1890,32.924614,148.2077,0.13979155,-9999,13.015464708882007,0,0.32281394780653977,52
-8232161,2026,5.0,36.336853242634646,-118.6584658793476,0.020137500000000003,0.04183500000000001,0.053385000000000016,0.15354,0.1768325,0.13033,0.48401594,-0.07050375,0.091685236,100,23,0,1,2681,7.185625,320.38898,0.1539024,-9999,10.179269942416965,0,0.24494503298774362,52
-8219585,2026,5.0,36.46261738241138,-118.6584658793476,0.027315000000000006,0.05712499999999998,0.053659999999999985,0.2971725,0.17655749999999998,0.10247250000000002,0.6952804,0.2702796,0.4983793,98,17,0,1,2016,23.535658,201.6971,0.16920738,-9999,9.986674491308065,0,0.23649033453936377,52
-8257314,2026,5.0,36.10329126876357,-118.67643218503,0.03966249999999999,0.06169000000000002,0.06389,0.22897250000000002,0.182965,0.121255,0.60301286,0.12572514,0.32142588,96,17,0,1,2134,31.148495,219.03865,0.12699379,-9999,14.709564381261032,0,0.3592969417715302,52
-8255518,2026,5.0,36.12125757444596,-118.67643218503,0.02459249999999999,0.048077499999999995,0.03691249999999999,0.30762249999999997,0.15895750000000003,0.085285,0.8047173,0.36252597,0.6107409,100,17,0,1,1892,22.097067,279.17706,0.12699379,-9999,14.709564381261032,0,0.4475009467166204,52
-8253721,2026,5.0,36.13922388012835,-118.67643218503,0.04574,0.07730999999999999,0.06471500000000002,0.33803750000000005,0.22768,0.133685,0.6850666,0.22971132,0.4560907,100,17,0,1,1707,29.66555,99.81801,0.12699379,-9999,14.709564381261032,0,0.2849027066025883,52
-8250128,2026,5.0,36.175156491493134,-118.67643218503,0.02593999999999999,0.0476375,0.0413675,0.21511249999999998,0.13890999999999998,0.07670500000000002,0.68796027,0.24390891,0.49740776,99,11,0,1,1455,40.436287,261.2589,0.13979155,-9999,13.015464708882007,0,0.4810639035959656,52
-8246535,2026,5.0,36.21108910285791,-118.67643218503,0.04070750000000001,0.0624875,0.0691425,0.21277500000000002,0.21771125000000002,0.15048750000000002,0.52914757,0.03291631,0.21166071,96,23,0,1,1961,7.905226,144.6929,0.13979155,-9999,13.015464708882007,0,0.34926345099050266,52
-8242941,2026,5.0,36.2470217142227,-118.67643218503,0.05442999999999998,0.0783275,0.08935500000000002,0.2270475,0.24781000000000003,0.18896000000000002,0.43589902,-0.057112254,0.06874166,97,23,0,1,2055,13.634754,131.86293,0.13979155,-9999,13.015464708882007,0,0.35361644092839783,52
-8233958,2026,5.0,36.336853242634646,-118.67643218503,0.023822499999999996,0.048696249999999996,0.0630375,0.17560875,0.16980625000000002,0.11960499999999999,0.46987185,-1.69452E-4,0.15880078,100,24,0,1,2713,11.921684,72.1401,0.1539024,-9999,10.179269942416965,0,0.32982556451112033,52
-8215992,2026,5.0,36.51651629945855,-118.67643218503,0.03494625,0.05128125,0.04598749999999999,0.25029875,0.15902625,0.09324625,0.6779662,0.20155632,0.4377792,99,22,0,1,1767,12.247394,291.89233,0.16403638,-9999,9.986674491308065,0,0.29954712131681543,52
-8187246,2026,5.0,36.8039771903768,-118.67643218503,0.051570000000000005,0.07898749999999999,0.0800325,0.2928,0.247205,0.1769425,0.57071936,0.08214671,0.2407477,45,15,0,1,1821,5.7753787,143.15384,0.19598785,-9999,8.994660252396784,0,0.17838477816743156,52
-8183653,2026,5.0,36.83990980174158,-118.67643218503,0.03735250000000001,0.061002500000000015,0.06391750000000002,0.2545475,0.188135,0.11295,0.59099406,0.15465567,0.38407782,80,16,0,1,2093,8.2891,180.0,0.21921335,-9999,8.994660252396784,0,0.26922103874385356,52
-8259110,2026,5.0,36.10329126876357,-118.69439849071239,0.03652749999999999,0.06155250000000001,0.05299999999999999,0.27011250000000003,0.2020225,0.11360999999999999,0.7164638,0.19652942,0.43604174,95,17,0,1,1940,11.432486,223.90974,0.12699379,-9999,14.709564381261032,0,0.3593151829420374,52
-8257314,2026,5.0,36.12125757444596,-118.69439849071239,0.026654999999999984,0.04642750000000001,0.037957500000000005,0.23961500000000002,0.135005,0.08039000000000002,0.7319223,0.29172564,0.5274281,100,17,0,1,1779,25.391178,283.81186,0.12699379,-9999,14.709564381261032,0,0.39300764796252435,52
-8255517,2026,5.0,36.13922388012835,-118.69439849071239,0.026324999999999987,0.05841750000000001,0.03683,0.3885825,0.17622749999999998,0.08234249999999999,0.8120173,0.39674145,0.66666496,99,16,0,1,1624,19.624756,30.393532,0.12699379,-9999,14.709564381261032,0,0.3576262935709495,52
-8251924,2026,5.0,36.175156491493134,-118.69439849071239,0.031852500000000006,0.05118499999999998,0.04139499999999999,0.22179500000000002,0.1403125,0.08388250000000003,0.68585026,0.22204463,0.448008,93,17,0,1,926,25.37184,310.433,0.13979155,-9999,13.015464708882007,0,0.4415280200326099,52
-8244737,2026,5.0,36.2470217142227,-118.69439849071239,0.05764749999999999,0.08692124999999998,0.11062625000000001,0.26948,0.35225500000000004,0.2377175,0.43324637,-0.10670897,0.08478432,98,20,0,1,2123,16.719816,203.63588,0.13979155,-9999,13.015464708882007,0,0.31614633191687364,52
-8232161,2026,5.0,36.372785853999424,-118.69439849071239,0.05294500000000002,0.08030749999999998,0.09543249999999998,0.24616,0.2591675,0.200565,0.44480962,-0.03265298,0.104186565,94,20,0,1,2516,24.718336,169.93907,0.1539024,-9999,9.507914725683065,0,0.2856036273762584,52
-8217788,2026,5.0,36.51651629945855,-118.69439849071239,0.03659625,0.060067499999999996,0.045244999999999994,0.31928249999999997,0.17651624999999999,0.10250000000000001,0.73874027,0.24478038,0.4955133,99,22,0,1,1824,23.287365,34.164463,0.16403638,-9999,9.986674491308065,0,0.27764870908111333,52
-8260907,2026,5.0,36.10329126876357,-118.71236479639477,0.031137499999999985,0.04915,0.039002499999999996,0.2755025,0.13981749999999998,0.08052749999999997,0.759479,0.3260129,0.57135147,100,17,0,1,1625,32.936005,1.7722974,0.12699379,-9999,14.709564381261032,0,0.4208377889916301,52
-8259111,2026,5.0,36.12125757444596,-118.71236479639477,0.040624999999999994,0.07031124999999999,0.06621374999999999,0.30932750000000003,0.19730625000000002,0.121475,0.6533802,0.24226439,0.45285484,93,18,0,1,1581,31.9476,155.30609,0.12699379,-9999,14.709564381261032,0,0.4252412843589599,52
-8253721,2026,5.0,36.175156491493134,-118.71236479639477,0.027370000000000005,0.04972750000000001,0.0447775,0.217615,0.1427875,0.0832775,0.6441474,0.20021945,0.43398058,78,4,0,1,1014,16.836643,221.50487,0.13979155,-9999,13.015464708882007,0,0.31372343748807907,52
-8251924,2026,5.0,36.193122797175526,-118.71236479639477,0.021045000000000008,0.04939750000000001,0.0324025,0.31595500000000004,0.13250250000000002,0.06655749999999999,0.81167805,0.41387236,0.6646626,95,5,0,1,1629,19.515804,343.56253,0.13979155,-9999,13.015464708882007,0,0.41931574189892185,52
-8244738,2026,5.0,36.26498801990508,-118.71236479639477,0.07157625000000001,0.10124875,0.10855000000000001,0.2394775,0.2554825,0.19857125,0.38215825,-0.010140657,0.107951745,83,20,0,1,1951,32.55974,204.12607,0.13979155,-9999,10.179269942416965,0,0.2629524871396522,52
-8233958,2026,5.0,36.372785853999424,-118.71236479639477,0.0414225,0.07200250000000002,0.0833875,0.2257,0.2171475,0.1759525,0.43128246,-0.010695156,0.10537717,97,20,0,1,2287,27.619143,209.96889,0.1539024,-9999,9.507914725683065,0,0.3464949654787779,52
-8187246,2026,5.0,36.83990980174158,-118.71236479639477,0.08044499999999999,0.1024175,0.11470999999999998,0.2492125,0.2696725,0.22845,0.3618792,-0.041735906,0.038060583,79,16,0,1,2228,4.366015,211.99532,0.21921335,-9999,8.994660252396784,0,0.2607865873379288,52
-8262704,2026,5.0,36.10329126876357,-118.73033110207716,0.03053249999999999,0.054595000000000005,0.045052499999999995,0.2999225,0.17831750000000002,0.10238999999999998,0.756498,0.28592744,0.5268787,100,17,0,1,1736,20.944431,21.495068,0.115703985,-9999,14.709564381261032,0,0.3328307255357504,52
-8259111,2026,5.0,36.13922388012835,-118.73033110207716,0.03617000000000001,0.05893999999999999,0.05242249999999998,0.2747325,0.1856875,0.10593750000000002,0.68974316,0.20959464,0.46411848,86,18,0,1,1116,30.902557,53.487995,0.115703985,-9999,14.709564381261032,0,0.3163802332431078,52
-8251925,2026,5.0,36.21108910285791,-118.73033110207716,0.06169000000000002,0.09249000000000002,0.09821000000000002,0.25573,0.236205,0.1718825,0.44041988,0.039690204,0.19178596,70,20,0,1,1248,26.366522,203.87613,0.12504856,-9999,13.015464708882007,0,0.4404127300502016,52
-8248331,2026,5.0,36.2470217142227,-118.73033110207716,0.04538249999999999,0.07251125,0.06674999999999998,0.32265125,0.22923375,0.14494625,0.6566516,0.19818689,0.40801594,96,16,0,1,1624,18.14676,113.27346,0.12504856,-9999,13.015464708882007,0,0.32947071905558306,52
-8242941,2026,5.0,36.30092063126987,-118.73033110207716,0.05276624999999999,0.07905625,0.08503750000000002,0.26094125,0.24988625,0.17917,0.52012295,0.04288398,0.2001016,98,7,0,1,2020,29.014606,142.00095,0.12504856,-9999,10.179269942416965,0,0.29772848572582006,52
-8241145,2026,5.0,36.318886936952254,-118.73033110207716,0.0865225,0.11976999999999999,0.1421825,0.27366,0.317935,0.2718175,0.3187062,-0.07535775,8.8155153E-4,58,20,0,1,2368,37.985073,158.88734,0.12504856,-9999,10.179269942416965,0,0.3999162526228107,52
-8230365,2026,5.0,36.426684771046595,-118.73033110207716,0.03479499999999999,0.04585,0.05242249999999998,0.13759,0.15683999999999998,0.11088750000000003,0.4762,-0.048091277,0.12582916,100,24,0,1,1371,33.681583,302.30106,0.15419221,-9999,9.507914725683065,0,0.2728955384033422,52
-8226772,2026,5.0,36.46261738241138,-118.73033110207716,0.027837499999999987,0.04430999999999999,0.03960749999999999,0.17540250000000002,0.13033,0.08844750000000001,0.66693294,0.15595502,0.3567817,100,23,0,1,1880,24.63917,292.84424,0.15419221,-9999,9.986674491308065,0,0.26164884166792035,52
-8190839,2026,5.0,36.82194349605919,-118.73033110207716,0.037434999999999996,0.05803249999999999,0.05781249999999999,0.2497625,0.17061749999999998,0.11627749999999998,0.6251596,0.18656246,0.368481,100,16,0,1,1969,28.759783,302.0663,0.2161225,-9999,8.994660252396784,0,0.25267926913996536,52
-8095618,2026,5.0,37.77415769722588,-118.73033110207716,0.06221250000000002,0.073405,0.08675624999999998,0.21151,0.20280625,0.1454,0.42205364,0.019412981,0.18371944,47,7,0,1,2708,17.759993,236.22435,0.098613754,-9999,9.369697004748957,0,0.24604574554478345,52
-8264500,2026,5.0,36.10329126876357,-118.74829740775955,0.036390000000000006,0.054842500000000016,0.05283500000000002,0.22160249999999998,0.18293749999999998,0.10978749999999998,0.6276551,0.11415873,0.3511248,100,17,0,1,1604,14.536806,248.00238,0.115703985,-9999,14.709564381261032,0,0.3459195841181402,52
-8262704,2026,5.0,36.12125757444596,-118.74829740775955,0.02167749999999999,0.046345,0.0383425,0.2850725,0.12978,0.06559500000000001,0.76125056,0.35215288,0.6093795,87,17,0,1,916,25.198124,296.56726,0.115703985,-9999,14.709564381261032,0,0.3986237756131838,52
-8248331,2026,5.0,36.26498801990508,-118.74829740775955,0.04381499999999999,0.06479750000000001,0.060809999999999975,0.23034749999999998,0.18588,0.11806499999999998,0.58182406,0.11404239,0.3209088,76,20,0,1,1187,6.0210676,252.12466,0.12504856,-9999,10.179269942416965,0,0.28734453316777947,52
-8246534,2026,5.0,36.282954325587475,-118.74829740775955,0.041326249999999995,0.06295500000000001,0.057922500000000016,0.2527325,0.17653,0.11226250000000002,0.6333771,0.1790176,0.383002,78,20,0,1,1381,38.10825,207.44258,0.12504856,-9999,10.179269942416965,0,0.2514085482805967,52
-8244737,2026,5.0,36.30092063126987,-118.74829740775955,0.05737249999999999,0.08297500000000002,0.09271000000000001,0.25947,0.26068,0.20579000000000003,0.48817208,-0.0020624504,0.09728856,98,20,0,1,2051,22.06946,146.97795,0.12504856,-9999,10.179269942416965,0,0.26617891192436216,52
-8242941,2026,5.0,36.318886936952254,-118.74829740775955,0.042440000000000005,0.06380750000000002,0.07524750000000002,0.18552249999999998,0.1975675,0.1468025,0.4680552,-0.0077300584,0.12736996,100,20,0,1,2556,31.40397,260.84567,0.12504856,-9999,10.179269942416965,0,0.23069494532851073,52
-8233958,2026,5.0,36.40871846536421,-118.74829740775955,0.026077500000000003,0.04879249999999999,0.03773750000000001,0.2505875,0.12928499999999998,0.07057249999999998,0.76332134,0.33374575,0.58060473,98,19,0,1,1803,19.36079,283.31717,0.15419221,-9999,9.507914725683065,0,0.31181608233600855,52
-8223178,2026,5.0,36.51651629945855,-118.74829740775955,0.0401575,0.05432000000000001,0.053096249999999984,0.17219874999999998,0.14974500000000002,0.10259625,0.52200544,0.059655435,0.24497287,98,22,0,1,1260,26.53985,331.057,0.16248465,-9999,9.986674491308065,0,0.36697661713697016,52
-8210601,2026,5.0,36.642280439235286,-118.74829740775955,0.04751375000000001,0.06530625000000001,0.07916625000000002,0.1535125,0.13031625000000002,0.09097749999999999,0.3351046,0.05911641,0.22504152,100,24,0,1,2551,16.25475,326.38837,0.17841646,-9999,8.74312977944652,0,0.32548862824646324,52
-8192635,2026,5.0,36.82194349605919,-118.74829740775955,0.0474175,0.07288250000000002,0.07557750000000002,0.261725,0.21027250000000003,0.1486175,0.5573526,0.11475217,0.272904,89,15,0,1,2001,27.77885,273.52365,0.2161225,-9999,8.994660252396784,0,0.29388209133408966,52
-8248331,2026,5.0,36.282954325587475,-118.76626371344194,0.029625,0.05408625,0.04077625,0.28885375,0.1474625,0.08268625000000002,0.74930066,0.32340202,0.5579192,81,20,0,1,1180,11.553427,209.41777,0.12504856,-9999,14.669194547591701,0,0.3412007491032665,52
-8241145,2026,5.0,36.35481954831704,-118.76626371344194,0.040267499999999984,0.05841750000000001,0.05858249999999998,0.21316000000000002,0.18571500000000002,0.11792750000000002,0.5729815,0.06647757,0.28169024,37,24,0,1,1300,26.81344,173.14804,0.1380626,-9999,14.0415405027328,0,0.28844983369112015,52
-8239348,2026,5.0,36.372785853999424,-118.76626371344194,0.049534999999999996,0.06375249999999999,0.0753025,0.16401749999999998,0.2455,0.20867750000000002,0.39495298,-0.17246468,-0.09929365,98,24,0,1,1776,26.749323,106.80121,0.1380626,-9999,14.0415405027328,0,0.24270788775398755,52
-8235755,2026,5.0,36.40871846536421,-118.76626371344194,0.03449250000000001,0.05308249999999998,0.04637250000000001,0.2202,0.15981,0.09881499999999999,0.6510614,0.16411193,0.39747873,91,24,0,1,1450,18.173618,281.37604,0.15419221,-9999,14.0415405027328,0,0.3183995997160673,52
-8224975,2026,5.0,36.51651629945855,-118.76626371344194,0.04107875,0.06321625,0.062102500000000005,0.27398999999999996,0.18632,0.11157500000000001,0.6397215,0.20015037,0.42670852,63,21,0,1,1083,27.460012,44.238827,0.16248465,-9999,14.527222836402188,0,0.2923418310187433,52
-8217788,2026,5.0,36.588381522188115,-118.76626371344194,0.0688675,0.09706874999999998,0.10179875000000002,0.28467375,0.25964875,0.195945,0.46823776,0.043474324,0.18184029,70,21,0,1,1841,25.109879,145.9962,0.17841646,-9999,11.483012381933065,0,0.29305811164279777,52
-8214195,2026,5.0,36.62431413355289,-118.76626371344194,0.04816000000000001,0.06424750000000001,0.08165499999999998,0.1455375,0.251275,0.24140250000000002,0.27348655,-0.2762294,-0.26064876,96,22,0,1,2480,6.9612665,82.38131,0.17841646,-9999,11.483012381933065,0,0.3075888746489699,52
-8192636,2026,5.0,36.83990980174158,-118.76626371344194,0.04139499999999999,0.061415,0.07007750000000001,0.21453500000000003,0.19201250000000003,0.140945,0.5075585,0.06817719,0.2177435,91,16,0,1,2574,20.89415,211.99532,0.2161225,-9999,9.249367178640057,0,0.3270813351566041,52
-8262704,2026,5.0,36.15719018581074,-118.78423001912434,0.039415000000000006,0.067685,0.07158999999999999,0.2402475,0.1816175,0.12422499999999997,0.53082234,0.12508565,0.31317383,63,17,0,1,831,16.829313,276.14444,0.115703985,-9999,16.708606194937147,0,0.32493775717914103,52
-8248331,2026,5.0,36.30092063126987,-118.78423001912434,0.03322749999999999,0.05674000000000001,0.049892500000000006,0.29128750000000003,0.16624499999999998,0.09397499999999998,0.7145653,0.29063606,0.5200701,95,20,0,1,1398,18.156643,246.74089,0.12504856,-9999,14.669194547591701,0,0.296039692312479,52
-8241145,2026,5.0,36.372785853999424,-118.78423001912434,0.03159125,0.05894000000000002,0.0536875,0.28114000000000006,0.15721125,0.09742624999999999,0.6483239,0.25937346,0.4603656,78,24,0,1,1315,20.92341,272.4266,0.1380626,-9999,14.0415405027328,0,0.2873433224427012,52
-8237552,2026,5.0,36.40871846536421,-118.78423001912434,0.041972499999999996,0.07055874999999998,0.06417875,0.32336625,0.2389,0.15586375000000002,0.6801244,0.18527353,0.3816752,91,24,0,1,1584,14.583709,68.0801,0.15419221,-9999,14.0415405027328,0,0.31375344559550283,52
-8235755,2026,5.0,36.426684771046595,-118.78423001912434,0.027260000000000006,0.047554999999999986,0.03803999999999999,0.23312500000000003,0.1485625,0.08179249999999999,0.7265421,0.23037525,0.48668998,95,24,0,1,1592,18.934853,328.14264,0.15419221,-9999,14.0415405027328,0,0.24128684465988323,52
-8230365,2026,5.0,36.480583688093766,-118.78423001912434,0.030340000000000006,0.05272500000000002,0.03925000000000001,0.2928825,0.14306249999999998,0.0833875,0.7405222,0.32841402,0.5500648,100,17,0,1,1703,29.420584,271.64487,0.15419221,-9999,14.527222836402188,0,0.3098068714607507,52
-8228569,2026,5.0,36.49854999377616,-118.78423001912434,0.02912999999999999,0.052092499999999986,0.036335000000000006,0.34362,0.1505975,0.07332250000000001,0.8121967,0.39204752,0.64828485,60,21,0,1,1023,29.724106,44.861706,0.16248465,-9999,14.527222836402188,0,0.31037635736815306,52
-8224975,2026,5.0,36.534482605140944,-118.78423001912434,0.03307625,0.048875,0.03773749999999999,0.25857625,0.140285,0.0721125,0.739042,0.2861161,0.5468499,95,23,0,1,1167,10.223648,116.66521,0.16248465,-9999,14.527222836402188,0,0.29522080452221894,52
-8223179,2026,5.0,36.55244891082333,-118.78423001912434,0.028346250000000003,0.050525000000000014,0.03192125,0.33061250000000003,0.13716375,0.067795,0.8240237,0.40371907,0.6393669,100,22,0,1,1767,27.481699,284.4163,0.16248465,-9999,11.483012381933065,0,0.3215979093220085,52
-8221382,2026,5.0,36.57041521650572,-118.78423001912434,0.038878750000000004,0.061263750000000006,0.04839375,0.34507750000000004,0.17466,0.0982375,0.74706495,0.30230346,0.5418493,99,22,0,1,1740,10.346624,12.756096,0.17841646,-9999,11.483012381933065,0,0.32894678801919025,52
-8219585,2026,5.0,36.588381522188115,-118.78423001912434,0.038067500000000004,0.06379374999999998,0.05112999999999998,0.36735249999999997,0.20183,0.11583750000000001,0.767879,0.30399138,0.54176986,91,21,0,1,1768,34.988503,133.93582,0.17841646,-9999,11.483012381933065,0,0.34123021623362665,52
-8217789,2026,5.0,36.6063478278705,-118.78423001912434,0.05262875,0.07354250000000001,0.08088499999999998,0.2321625,0.25186625,0.18372125,0.48330903,-0.030670417,0.119196214,96,22,0,1,2063,12.350784,163.96149,0.17841646,-9999,11.483012381933065,0,0.28773795142769815,52
-8201619,2026,5.0,36.76804457901201,-118.78423001912434,0.03456124999999999,0.058871250000000014,0.049851250000000014,0.27702875,0.17156625,0.0961475,0.6963914,0.23082215,0.48069113,98,16,0,1,1848,24.941319,271.99475,0.18896273,-9999,9.249367178640057,0,0.25359469205141066,52
-8199822,2026,5.0,36.786010884694406,-118.78423001912434,0.034355,0.05212,0.04263249999999999,0.2253425,0.14331,0.08806249999999999,0.6697266,0.21750686,0.40380645,99,16,0,1,1801,21.423084,317.95618,0.18896273,-9999,9.249367178640057,0,0.39889002859126776,52
-8194433,2026,5.0,36.83990980174158,-118.78423001912434,0.042192499999999994,0.06515500000000002,0.06636500000000001,0.2081825,0.1559875,0.11121750000000002,0.51654994,0.16255204,0.30754372,85,16,0,1,2582,25.676159,143.91238,0.2161225,-9999,9.249367178640057,0,0.32848239395146567,52
-8250127,2026,5.0,36.30092063126987,-118.80219632480673,0.03768250000000001,0.06570500000000001,0.05327500000000002,0.3657575,0.19817250000000003,0.1138575,0.7344258,0.32649493,0.5415648,91,16,0,1,1674,12.746995,77.60376,0.12504856,-9999,14.669194547591701,0,0.36399989686906337,52
-8232161,2026,5.0,36.480583688093766,-118.80219632480673,0.05305500000000002,0.078905,0.09353499999999998,0.2223175,0.23100749999999998,0.17152499999999998,0.40772986,-0.034827083,0.12896653,75,22,0,1,1166,17.00722,279.13562,0.15419221,-9999,14.527222836402188,0,0.33869218539136153,52
-8230365,2026,5.0,36.49854999377616,-118.80219632480673,0.03641749999999999,0.058087500000000014,0.05404500000000001,0.25105500000000003,0.15931499999999998,0.09699999999999998,0.63788545,0.21132414,0.43141687,82,22,0,1,936,18.857164,289.37646,0.16248465,-9999,14.527222836402188,0,0.3108093038039363,52
-8223178,2026,5.0,36.57041521650572,-118.80219632480673,0.031261250000000004,0.04355375,0.035675,0.20829250000000002,0.12428,0.07355625000000002,0.7019074,0.2378305,0.4618406,100,23,0,1,1605,18.92935,241.8347,0.17841646,-9999,11.483012381933065,0,0.24536302782919095,52
-8221381,2026,5.0,36.588381522188115,-118.80219632480673,0.04699125,0.06581499999999998,0.06919750000000002,0.24313500000000002,0.216075,0.15146374999999998,0.57044524,0.060621075,0.23754577,78,22,0,1,1968,11.237186,114.04056,0.17841646,-9999,11.483012381933065,0,0.31399160945632804,52
-8203415,2026,5.0,36.76804457901201,-118.80219632480673,0.029941250000000003,0.0493425,0.04000624999999999,0.23162625,0.14241625,0.07904250000000002,0.7149524,0.25196415,0.50544196,100,16,0,1,1739,25.167896,2.46484,0.18896273,-9999,9.249367178640057,0,0.30738910522473895,52
-8194432,2026,5.0,36.85787610742397,-118.80219632480673,0.045355000000000006,0.06424750000000001,0.06438500000000003,0.24902000000000002,0.19074750000000001,0.12780000000000002,0.5891259,0.13250752,0.32169205,87,16,0,1,2203,20.618841,18.821934,0.2161225,-9999,9.701281976187147,0,0.22145049716345966,52
-8230365,2026,5.0,36.51651629945855,-118.82016263048911,0.0693625,0.08982249999999997,0.09556999999999999,0.2215475,0.24968,0.19644,0.39657786,-0.058963597,0.051749285,66,21,0,1,1018,22.93533,72.17878,0.16248465,-9999,14.527222836402188,0,0.387880305138727,52
-8228568,2026,5.0,36.534482605140944,-118.82016263048911,0.039112499999999994,0.058335,0.049699999999999994,0.28156625,0.16653374999999998,0.08978125,0.70141095,0.25631845,0.5225109,68,21,0,1,1126,27.305237,102.67928,0.16248465,-9999,14.527222836402188,0,0.28379381432508427,52
-8224975,2026,5.0,36.57041521650572,-118.82016263048911,0.03775125,0.06197875,0.049205,0.3352875,0.17753375,0.10078125000000002,0.7518431,0.30687192,0.5376836,98,23,0,1,1725,35.271946,40.952213,0.17841646,-9999,11.483012381933065,0,0.3029071163062168,52
-8217788,2026,5.0,36.642280439235286,-118.82016263048911,0.0372975,0.05048374999999998,0.053550000000000014,0.16229875000000002,0.16663,0.12065000000000001,0.5017744,0.014048492,0.15111437,99,23,0,1,2092,2.9614172,231.25722,0.17841646,-9999,11.483012381933065,0,0.27180372708692,52
-8205212,2026,5.0,36.76804457901201,-118.82016263048911,0.041023749999999984,0.06489375,0.06731375,0.2626325,0.20601,0.13218625,0.59203094,0.12082341,0.33040363,98,16,0,1,2137,15.965734,113.3326,0.18896273,-9999,9.249367178640057,0,0.3020579868555069,52
-8203415,2026,5.0,36.786010884694406,-118.82016263048911,0.05132249999999999,0.07752999999999999,0.07623750000000001,0.27514500000000003,0.240935,0.1608,0.56576353,0.06645866,0.26229227,87,16,0,1,1974,22.665562,144.49199,0.18896273,-9999,9.249367178640057,0,0.29543439106529823,52
-8192636,2026,5.0,36.89380871878875,-118.82016263048911,0.06771250000000001,0.10274749999999999,0.11220750000000002,0.29733750000000003,0.255565,0.19028,0.45203823,0.075551294,0.21094725,58,16,0,1,2293,36.113506,183.18083,0.19223604,-9999,9.701281976187147,0,0.2761271305551583,52
-8232161,2026,5.0,36.51651629945855,-118.8381289361715,0.040872500000000006,0.05926999999999999,0.05170750000000002,0.24591249999999998,0.17383500000000002,0.10852250000000002,0.655517,0.20309675,0.41636646,76,21,0,1,1104,22.641577,215.41327,0.16248465,-9999,14.527222836402188,0,0.3040838724374771,52
-8226771,2026,5.0,36.57041521650572,-118.8381289361715,0.03615625,0.06257000000000001,0.054113750000000016,0.31524,0.15341625,0.08956125000000001,0.70646906,0.34223586,0.5510182,78,21,0,1,1260,30.387468,204.35995,0.17841646,-9999,11.483012381933065,0,0.268122358571576,52
-8223178,2026,5.0,36.6063478278705,-118.8381289361715,0.04033624999999999,0.06078249999999999,0.06622750000000002,0.21791750000000001,0.19226,0.13210375,0.5097306,0.059354313,0.23291142,96,23,0,1,2053,20.666553,189.22903,0.17841646,-9999,11.483012381933065,0,0.2621117636250953,52
-8221381,2026,5.0,36.62431413355289,-118.8381289361715,0.03638999999999999,0.049672499999999994,0.05436125,0.1542,0.1608825,0.11954999999999999,0.4691395,-0.03172339,0.11212127,100,23,0,1,2264,4.3625956,211.92307,0.17841646,-9999,11.483012381933065,0,0.3044434875094642,52
-8205211,2026,5.0,36.786010884694406,-118.8381289361715,0.034437499999999996,0.05612125000000001,0.06322999999999998,0.22040625000000003,0.20726125,0.13933625,0.5542372,0.030739937,0.22537132,89,16,0,1,2151,15.697038,30.229136,0.18896273,-9999,9.249367178640057,0,0.2982762032002211,52
-8203415,2026,5.0,36.8039771903768,-118.8381289361715,0.033873749999999994,0.06065875000000001,0.04608375000000001,0.32328375000000004,0.18622375,0.0993925,0.76040787,0.2809283,0.5308431,91,15,0,1,1631,24.47792,77.68168,0.18896273,-9999,9.249367178640057,0,0.2899699736541758,52
-8199822,2026,5.0,36.83990980174158,-118.8381289361715,0.037847500000000006,0.05159750000000002,0.04497000000000001,0.20865,0.16410000000000002,0.0995025,0.64499116,0.111161426,0.34281257,41,16,0,1,1472,46.62271,31.066563,0.2161225,-9999,9.249367178640057,0,0.2834323405733575,52
-8196228,2026,5.0,36.87584241310636,-118.8381289361715,0.04024,0.06608999999999998,0.04788500000000001,0.362705,0.1961925,0.1010975,0.7697135,0.29423678,0.56404936,96,16,0,1,1762,32.925526,90.0,0.2161225,-9999,9.701281976187147,0,0.24378395967185498,52
-8230365,2026,5.0,36.55244891082333,-118.8560952418539,0.038466249999999994,0.070765,0.0651825,0.29977125,0.18651250000000003,0.11389874999999999,0.6502307,0.24583508,0.46237522,41,21,0,1,865,22.517149,256.45047,0.16248465,-9999,14.05449045652989,0,0.2361915884539485,52
-8228568,2026,5.0,36.57041521650572,-118.8560952418539,0.02540374999999999,0.046235,0.037366250000000004,0.24688875000000002,0.127745,0.06723124999999999,0.7327153,0.30866486,0.57431453,76,21,0,1,1112,24.217829,229.62328,0.17841646,-9999,14.05449045652989,0,0.3197458836695422,52
-8226771,2026,5.0,36.588381522188115,-118.8560952418539,0.04076250000000001,0.05613499999999999,0.04829749999999999,0.225315,0.162285,0.09642250000000002,0.6679869,0.17356476,0.39644942,90,23,0,1,1501,32.854332,214.18915,0.17841646,-9999,14.05449045652989,0,0.3182851644232869,52
-8224975,2026,5.0,36.6063478278705,-118.8560952418539,0.05987500000000001,0.08704499999999998,0.08916249999999998,0.32448000000000005,0.2735225,0.186485,0.5734745,0.08314688,0.26813737,94,8,0,1,1788,25.04436,142.82834,0.17841646,-9999,14.05449045652989,0,0.26187384128570557,52
-8223178,2026,5.0,36.62431413355289,-118.8560952418539,0.0656775,0.0816,0.085835,0.2081825,0.22974250000000002,0.175155,0.41635236,-0.053333182,0.08694125,92,23,0,1,1597,21.093409,195.1561,0.17841646,-9999,14.05449045652989,0,0.314815179122282,52
-8221381,2026,5.0,36.642280439235286,-118.8560952418539,0.03751750000000001,0.05583250000000001,0.04799500000000001,0.260515,0.16827999999999999,0.103215,0.6865249,0.21075441,0.42489138,95,23,0,1,1733,19.842075,160.39998,0.17841646,-9999,14.05449045652989,0,0.26772417228979367,52
-8214195,2026,5.0,36.71414566196484,-118.8560952418539,0.04754124999999998,0.06504500000000002,0.08059625000000001,0.145125,0.25133000000000005,0.21949875000000002,0.28702614,-0.27043772,-0.20973796,39,24,0,1,2350,2.491403,68.1584,0.19368419,-9999,10.648487222322899,0,0.2416264471383049,52
-8205212,2026,5.0,36.8039771903768,-118.8560952418539,0.02878625,0.05466375000000001,0.03984125000000001,0.3169175,0.16229875000000002,0.0813525,0.778215,0.32223374,0.59147364,87,16,0,1,1812,18.069983,7.118933,0.18896273,-9999,10.736341094970726,0,0.263687292424341,52
-8201619,2026,5.0,36.83990980174158,-118.8560952418539,0.023822499999999996,0.04642750000000001,0.03388749999999999,0.22921999999999998,0.12466500000000003,0.07189250000000003,0.727642,0.29471377,0.52167964,87,16,0,1,1287,24.161863,346.97156,0.2161225,-9999,10.736341094970726,0,0.2979193162173033,52
-8198025,2026,5.0,36.87584241310636,-118.8560952418539,0.055117499999999986,0.0836075,0.08379999999999999,0.309575,0.234555,0.15089999999999998,0.57394344,0.13787146,0.34458983,72,15,0,1,1848,16.984606,147.99261,0.2161225,-9999,10.102029624036561,0,0.27390146215000877,52
-8104600,2026,5.0,37.81009030859066,-118.8560952418539,0.08021125000000001,0.10361375,0.12554500000000002,0.19829625,0.26722500000000005,0.22554875000000002,0.224141,-0.14954053,-0.06592133,54,21,0,1,2757,5.547545,180.0,0.098613754,-9999,8.435557219802718,0,0.21870013414637038,52
-8255518,2026,5.0,36.318886936952254,-118.87406154753629,0.0264625,0.0508825,0.0418625,0.2620275,0.1502675,0.07796999999999998,0.72147506,0.26075542,0.5205801,89,2,0,1,1093,19.549152,285.8745,0.12504856,-9999,17.382192804480155,0,0.3962175688551118,52
-8233958,2026,5.0,36.534482605140944,-118.87406154753629,0.0416975,0.06774000000000002,0.07268999999999998,0.22226250000000003,0.18247000000000002,0.12285000000000001,0.50975657,0.09819548,0.28989798,70,21,0,1,1144,16.907345,248.11223,0.16248465,-9999,17.504908908310767,0,0.3088859990984201,52
-8230365,2026,5.0,36.57041521650572,-118.87406154753629,0.03471250000000001,0.051927500000000015,0.04002,0.2713775,0.15692250000000002,0.08498250000000002,0.74111605,0.2697596,0.5230525,94,22,0,1,1416,20.2254,314.66748,0.17841646,-9999,14.05449045652989,0,0.3660129354149103,52
-8226772,2026,5.0,36.6063478278705,-118.87406154753629,0.04204125,0.064055,0.059971250000000004,0.222785,0.19320875,0.13147125,0.57921404,0.07103174,0.25767618,94,22,0,1,1681,32.019054,240.53795,0.17841646,-9999,14.05449045652989,0,0.28025030009448526,52
-8223178,2026,5.0,36.642280439235286,-118.87406154753629,0.06720375,0.09349374999999999,0.09888374999999999,0.26034999999999997,0.24554125000000002,0.19099500000000003,0.4489661,0.028166063,0.15464202,83,21,0,1,1768,28.673307,84.90537,0.17841646,-9999,14.05449045652989,0,0.34295756414532663,52
-8208805,2026,5.0,36.786010884694406,-118.87406154753629,0.038755,0.058403750000000004,0.06145624999999999,0.20921375,0.20134875,0.130825,0.54246855,0.014131738,0.23053819,98,16,0,1,1854,5.1696234,333.46005,0.18896273,-9999,10.736341094970726,0,0.3367166838919123,52
-8207009,2026,5.0,36.8039771903768,-118.87406154753629,0.03698124999999999,0.05983374999999999,0.052298750000000005,0.26151875,0.20121125,0.12582000000000002,0.6580957,0.1296912,0.35033637,57,16,0,1,1736,25.713787,24.823544,0.18896273,-9999,10.736341094970726,0,0.25796319690087566,52
-8201619,2026,5.0,36.85787610742397,-118.87406154753629,0.0594075,0.08281,0.08578000000000002,0.23254750000000002,0.211345,0.15233000000000002,0.46792233,0.045791768,0.20606124,70,16,0,1,1226,25.003887,231.33575,0.2161225,-9999,10.102029624036561,0,0.27610281719402835,52
-8199822,2026,5.0,36.87584241310636,-118.87406154753629,0.036775,0.059545000000000015,0.054869999999999974,0.260845,0.17928,0.10976000000000002,0.65630335,0.19504158,0.410947,53,16,0,1,1777,24.676497,197.95747,0.2161225,-9999,10.102029624036561,0,0.28642909601330757,52
-8224974,2026,5.0,36.642280439235286,-118.89202785321868,0.04035,0.06288625,0.06871625,0.2357925,0.2190725,0.15118874999999998,0.5545482,0.03473851,0.2177793,98,16,0,1,1521,6.0039783,202.55956,0.1514894,-9999,14.05449045652989,0,0.3332702998692791,52
-8223178,2026,5.0,36.66024674491767,-118.89202785321868,0.06846875000000002,0.09125250000000001,0.10166125000000001,0.194625,0.23910625,0.1968525,0.31376356,-0.10162047,-0.0047442764,45,23,0,1,2078,29.645905,231.26376,0.1694324,-9999,10.648487222322899,0,0.3686435426771641,52
-8221381,2026,5.0,36.678213050600064,-118.89202785321868,0.027700000000000002,0.05338499999999999,0.04370500000000001,0.2880425,0.15437875,0.08613749999999998,0.7400201,0.3011626,0.53847736,99,22,0,1,1973,21.571363,329.30017,0.1694324,-9999,10.648487222322899,0,0.3356658746302128,52
-8219585,2026,5.0,36.69617935628246,-118.89202785321868,0.031384999999999996,0.05078624999999999,0.049906249999999985,0.18319875000000002,0.1538425,0.10635,0.57183063,0.087133706,0.26544935,100,23,0,1,1937,22.014837,319.52502,0.1694324,-9999,10.648487222322899,0,0.26173950746655467,52
-8210601,2026,5.0,36.786010884694406,-118.89202785321868,0.037462499999999996,0.06170375,0.06112625000000002,0.24431750000000002,0.2151675,0.12972499999999998,0.6027431,0.05687306,0.29874456,87,16,0,1,1750,3.4700353,270.0,0.16912083,-9999,10.736341094970726,0,0.40834970911964774,52
-8205212,2026,5.0,36.83990980174158,-118.89202785321868,0.031192499999999984,0.048380000000000006,0.032484999999999986,0.2848525,0.13327250000000002,0.06617250000000002,0.7955311,0.36315146,0.6234181,39,16,0,1,778,20.67911,59.026356,0.20213422,-9999,10.736341094970726,0,0.2626971951262517,52
-8201618,2026,5.0,36.87584241310636,-118.89202785321868,0.044997499999999996,0.06897750000000002,0.06012250000000002,0.3082,0.198585,0.11484749999999999,0.6709987,0.21629488,0.4422916,79,16,0,1,1637,26.348642,78.690926,0.20213422,-9999,10.102029624036561,0,0.2672898771808199,52
-8199822,2026,5.0,36.89380871878875,-118.89202785321868,0.05363249999999997,0.072855,0.07807999999999998,0.2637325,0.23034749999999998,0.150625,0.55,0.06757003,0.2729708,85,16,0,1,2237,16.24506,180.0,0.19592528,-9999,10.102029624036561,0,0.2590122011561806,52
-8226771,2026,5.0,36.642280439235286,-118.90999415890107,0.04486000000000001,0.06976125000000002,0.0679875,0.2516875,0.21498875,0.142815,0.57463044,0.07864154,0.27596357,92,22,0,1,1683,35.039772,78.0089,0.1514894,-9999,14.05449045652989,0,0.2900802124291658,52
-8224975,2026,5.0,36.66024674491767,-118.90999415890107,0.04107875,0.0694175,0.0657875,0.29885,0.2320525,0.14678875,0.6393801,0.12619136,0.34154937,94,22,0,1,1691,21.464497,171.1432,0.1694324,-9999,10.648487222322899,0,0.3175584520571507,52
-8223178,2026,5.0,36.678213050600064,-118.90999415890107,0.03750374999999999,0.06159375,0.053646250000000006,0.3174125,0.1809025,0.10755999999999999,0.7176894,0.27371573,0.49356955,99,21,0,1,1676,9.323777,217.92929,0.1694324,-9999,10.648487222322899,0,0.33662500988262206,52
-8221382,2026,5.0,36.69617935628246,-118.90999415890107,0.028304999999999997,0.05745499999999998,0.05709750000000002,0.2558125,0.17834499999999998,0.10890749999999999,0.6350548,0.1784318,0.40278843,97,23,0,1,1776,16.337017,159.85625,0.1694324,-9999,10.648487222322899,0,0.2981352648884058,52
-8208805,2026,5.0,36.82194349605919,-118.90999415890107,0.027259999999999993,0.055323750000000005,0.048627500000000004,0.26934250000000004,0.15465374999999998,0.08866749999999998,0.69534415,0.27264068,0.50639,50,16,0,1,1542,16.964499,96.092316,0.20213422,-9999,10.736341094970726,0,0.2831294496357441,52
-8205212,2026,5.0,36.85787610742397,-118.90999415890107,0.030862499999999987,0.04783000000000001,0.03663749999999999,0.21005250000000003,0.11776249999999999,0.0710675,0.7030771,0.28169882,0.48595068,86,15,0,1,1215,26.876928,266.3375,0.20213422,-9999,10.102029624036561,0,0.3109199555963278,52
-8203415,2026,5.0,36.87584241310636,-118.90999415890107,0.038122500000000004,0.061580000000000024,0.052559999999999996,0.26450250000000003,0.18730999999999998,0.10591,0.6748946,0.18861863,0.42825708,89,15,0,1,1841,23.297523,233.02454,0.20213422,-9999,10.102029624036561,0,0.2915350944548845,52
-8230365,2026,5.0,36.62431413355289,-118.92796046458345,0.03577124999999999,0.05911875,0.04475,0.3655925,0.180435,0.09547375,0.78189254,0.33910576,0.5858627,92,22,0,1,1247,21.571274,75.77835,0.1514894,-9999,14.05449045652989,0,0.3531508231908083,52
-8228568,2026,5.0,36.642280439235286,-118.92796046458345,0.037489999999999996,0.059242499999999976,0.05504875000000001,0.27135,0.17191,0.10698249999999998,0.66312504,0.22433892,0.43414155,89,21,0,1,1373,16.878756,221.67583,0.1514894,-9999,14.05449045652989,0,0.30663713950663807,52
-8226772,2026,5.0,36.66024674491767,-118.92796046458345,0.032278749999999995,0.05408625,0.041683750000000006,0.27245,0.149635,0.08389625,0.74105096,0.28995,0.52878904,99,22,0,1,1605,17.043608,260.88525,0.1694324,-9999,10.648487222322899,0,0.3422635143551116,52
-8224975,2026,5.0,36.678213050600064,-118.92796046458345,0.04810500000000001,0.07013249999999999,0.06012250000000002,0.30534,0.18522,0.11091499999999999,0.67097855,0.24426991,0.4665881,99,21,0,1,2014,22.488508,231.27032,0.1694324,-9999,10.648487222322899,0,0.324265358671546,52
-8221382,2026,5.0,36.71414566196484,-118.92796046458345,0.048943749999999994,0.07487625,0.076265,0.2464075,0.19428125,0.14398375000000002,0.5273037,0.118286446,0.26237157,94,21,0,1,1900,26.446558,249.02382,0.1694324,-9999,10.648487222322899,0,0.4034642737048368,52
-8205212,2026,5.0,36.87584241310636,-118.92796046458345,0.029569999999999985,0.046729999999999994,0.037105,0.21285749999999998,0.11704750000000003,0.067685,0.70311546,0.2786923,0.5104826,96,16,0,1,1341,31.362759,303.89905,0.20213422,-9999,10.102029624036561,0,0.34769669082015753,52
-8196229,2026,5.0,36.96567394151831,-118.92796046458345,0.042632500000000004,0.0568225,0.06523749999999998,0.20800375000000002,0.2108775,0.1414675,0.52209663,-0.0069958423,0.19035032,100,16,0,1,2500,7.467608,188.89163,0.20140424,-9999,8.274230144869932,0,0.27637276247454184,52
-8118974,2026,5.0,37.7382250858611,-118.92796046458345,0.041972499999999996,0.05599749999999998,0.06078250000000002,0.18626500000000001,0.17465999999999998,0.11779,0.52889675,0.050178453,0.22551082,51,14,0,1,2314,14.372778,18.634375,0.120733134,-9999,9.037369110763734,0,0.3587660801410675,52
-8230364,2026,5.0,36.642280439235286,-118.94592677026584,0.04395249999999999,0.07592125,0.0748075,0.34176375000000003,0.2282575,0.14038124999999999,0.6399785,0.19956355,0.41775373,87,21,0,1,1484,9.322155,37.916264,0.1514894,-9999,14.05449045652989,0,0.4226353644579649,52
-8226771,2026,5.0,36.678213050600064,-118.94592677026584,0.030793749999999995,0.05775749999999999,0.043099999999999986,0.31581750000000003,0.1682525,0.09030375000000002,0.767514,0.3044869,0.55492455,78,22,0,1,1600,11.968057,287.7863,0.1694324,-9999,10.648487222322899,0,0.31595209300518035,52
-8224975,2026,5.0,36.69617935628246,-118.94592677026584,0.03709124999999999,0.06071374999999998,0.059132500000000005,0.24229625,0.19149000000000002,0.13429,0.61124355,0.117245555,0.28729025,99,22,0,1,1576,10.240425,296.61707,0.1694324,-9999,10.648487222322899,0,0.29947558188667667,52
-8212398,2026,5.0,36.82194349605919,-118.94592677026584,0.041216249999999996,0.06643374999999999,0.06329875000000001,0.27400375,0.18836875,0.11728125,0.6387161,0.18832503,0.407073,98,16,0,1,2156,16.34003,20.174168,0.20213422,-9999,10.736341094970726,0,0.31607297831214964,52
-8210602,2026,5.0,36.83990980174158,-118.94592677026584,0.04107875,0.07097124999999999,0.06457749999999998,0.30257625,0.20022125,0.12183250000000001,0.64625144,0.20585929,0.42587182,33,15,0,1,1447,39.8646,126.93618,0.20213422,-9999,10.736341094970726,0,0.27646007978667814,52
-8205212,2026,5.0,36.89380871878875,-118.94592677026584,0.035509999999999986,0.05409999999999998,0.04895749999999999,0.21890749999999998,0.1436675,0.08990500000000001,0.6344614,0.20136568,0.4207933,85,16,0,1,1759,34.54301,268.65253,0.19592528,-9999,10.102029624036561,0,0.23265077994967048,52
-8199822,2026,5.0,36.94770763583592,-118.94592677026584,0.0446675,0.06218499999999999,0.07114999999999999,0.22768,0.21409499999999998,0.14350249999999998,0.52380955,0.030750947,0.22315715,100,16,0,1,2401,14.00964,234.27385,0.19592528,-9999,10.102029624036561,0,0.26185085251927376,52
-8219585,2026,5.0,36.76804457901201,-118.96389307594823,0.033475000000000005,0.055323750000000005,0.05295875,0.25904375,0.17899125,0.1084675,0.6602339,0.18214281,0.4088651,83,16,0,1,1972,8.679654,211.97113,0.14871648,-9999,13.31248146795457,0,0.3304236213891552,52
-8214195,2026,5.0,36.82194349605919,-118.96389307594823,0.024124999999999994,0.04814624999999999,0.03671999999999999,0.26288,0.14977249999999998,0.08357999999999999,0.7553695,0.25552562,0.5070583,94,16,0,1,1854,24.482786,257.6845,0.1828979,-9999,13.31248146795457,0,0.3341473888053938,52
-8207009,2026,5.0,36.89380871878875,-118.96389307594823,0.043594999999999995,0.06776749999999998,0.049534999999999996,0.36518,0.19204,0.10247250000000002,0.76536065,0.31072107,0.5617579,85,16,0,1,1707,50.02226,79.83743,0.20167266,-9999,12.660397609587676,0,0.3492219495060651,52
-8203415,2026,5.0,36.92974133015353,-118.96389307594823,0.02745249999999999,0.043429999999999996,0.04059750000000001,0.187915,0.1273875,0.07827250000000002,0.64468026,0.19196644,0.40913352,98,17,0,1,2157,11.483466,274.57034,0.20167266,-9999,12.660397609587676,0,0.21493011631071568,52
-8201619,2026,5.0,36.94770763583592,-118.96389307594823,0.034464999999999996,0.048242499999999994,0.04972750000000001,0.21632250000000003,0.138525,0.079565,0.6399656,0.2243217,0.4595133,85,16,0,1,2081,14.421636,208.20294,0.20167266,-9999,12.660397609587676,0,0.2775254105575956,52
-8163889,2026,5.0,37.32500005516612,-118.96389307594823,0.05279375,0.07450500000000002,0.07912499999999997,0.24070125,0.20231125,0.1446575,0.5052038,0.086640745,0.24926156,40,12,0,1,2352,24.651451,212.16026,0.19659469,-9999,6.023382215602453,0,0.20499849104537413,52
-8156703,2026,5.0,37.39686527789568,-118.96389307594823,0.0801425,0.10420499999999999,0.121915,0.2395875,0.27940750000000003,0.22171249999999998,0.32851052,-0.058156155,0.05432219,67,21,0,1,2585,9.477491,150.77567,0.17784984,-9999,5.577539431664263,0,0.23243055962026118,52
-8131550,2026,5.0,37.64839355744915,-118.96389307594823,0.03484999999999999,0.055365,0.05646499999999999,0.17699750000000003,0.132585,0.09518500000000002,0.5162821,0.14381392,0.30427694,87,15,0,1,2390,3.6325665,139.90283,0.14484286,-9999,6.084740267517759,0,24.11409526182195,52
-8223178,2026,5.0,36.75007827332963,-118.98185938163063,0.039029999999999995,0.06041125,0.06456375,0.21897625,0.19435000000000002,0.13133375,0.5411569,0.051329013,0.2501927,99,16,0,1,1863,14.98192,295.0513,0.14871648,-9999,13.31248146795457,0,0.2801217923227411,52
-8221381,2026,5.0,36.76804457901201,-118.98185938163063,0.03640375,0.060865,0.05716625,0.25175625,0.17261125,0.10639124999999999,0.6258639,0.18480691,0.40415028,72,16,0,1,1728,13.659954,266.18085,0.14871648,-9999,13.31248146795457,0,0.3264102048885364,52
-8219584,2026,5.0,36.786010884694406,-118.98185938163063,0.05294500000000002,0.073845,0.08110499999999998,0.276575,0.250175,0.1707825,0.54239696,0.047393717,0.22593732,52,16,0,1,2005,10.804149,211.97719,0.14871648,-9999,13.31248146795457,0,0.4130165684223175,52
-8217788,2026,5.0,36.8039771903768,-118.98185938163063,0.018212500000000006,0.03963499999999999,0.0370225,0.19549125,0.11579624999999999,0.070215,0.68148077,0.25817794,0.47373012,98,16,0,1,1966,12.8141575,38.476566,0.14871648,-9999,13.31248146795457,0,0.305195288718096,52
-8215991,2026,5.0,36.82194349605919,-118.98185938163063,0.0265175,0.04796750000000001,0.03623875,0.30315375,0.1342075,0.06808375,0.79250246,0.39813048,0.6427417,85,16,0,1,1253,24.860641,286.22983,0.1828979,-9999,13.31248146795457,0,0.23231384516335452,52
-8214195,2026,5.0,36.83990980174158,-118.98185938163063,0.033708749999999996,0.057152499999999995,0.05090999999999998,0.29963375000000003,0.16828,0.10100124999999999,0.7095372,0.2807252,0.49580038,31,15,0,1,1119,29.771925,205.10622,0.1828979,-9999,13.31248146795457,0,0.3035171513259411,52
-8208805,2026,5.0,36.89380871878875,-118.98185938163063,0.027012499999999995,0.04607,0.0354275,0.23012749999999998,0.11932999999999999,0.061195,0.7384509,0.3093177,0.5743343,89,16,0,1,1563,32.987465,212.01347,0.20167266,-9999,12.660397609587676,0,0.2774414330234994,52
-8205211,2026,5.0,36.92974133015353,-118.98185938163063,0.06595250000000002,0.08217750000000001,0.09724749999999999,0.1610475,0.222895,0.2148925,0.24084173,-0.17246562,-0.14981422,85,16,0,1,2115,18.863827,216.34827,0.20167266,-9999,12.660397609587676,0,0.2214248522113149,52
-8158499,2026,5.0,37.39686527789568,-118.98185938163063,0.055337499999999984,0.06941750000000002,0.08187499999999998,0.17664000000000002,0.218385,0.163825,0.37859985,-0.10368012,0.048565302,98,21,0,1,2501,16.3541,159.6846,0.17784984,-9999,5.577539431664263,0,0.26572279039770363,52
-8117176,2026,5.0,37.81009030859066,-118.98185938163063,0.046125,0.06014999999999998,0.067245,0.1780425,0.1982275,0.14853500000000003,0.43268722,-0.04124197,0.094216555,45,1,0,1,2447,3.635853,40.158802,0.12175894,-9999,8.190988692416965,0,0.28191327542066574,52
-8224975,2026,5.0,36.75007827332963,-118.99982568731302,0.025073749999999992,0.0490675,0.03777875,0.27499375000000004,0.1619275,0.09045499999999998,0.7659195,0.2587816,0.5049736,98,16,0,1,1679,13.887999,258.6728,0.14871648,-9999,13.31248146795457,0,0.3452857608118883,52
-8223178,2026,5.0,36.76804457901201,-118.99982568731302,0.03024375,0.0563825,0.04451624999999999,0.29621,0.1766125,0.09205000000000002,0.73946565,0.2567979,0.52973735,93,16,0,1,1422,11.433853,36.83331,0.14871648,-9999,13.31248146795457,0,0.3217628278583288,52
-8221381,2026,5.0,36.786010884694406,-118.99982568731302,0.02890999999999999,0.061387499999999984,0.04795374999999999,0.29284125000000005,0.15087250000000002,0.09088125000000002,0.707205,0.28869182,0.49801716,92,16,0,1,1734,33.676098,250.11565,0.14871648,-9999,13.31248146795457,0,0.31339597487105775,52
-8219585,2026,5.0,36.8039771903768,-118.99982568731302,0.0355375,0.058555000000000024,0.05731750000000002,0.2879325,0.17430250000000003,0.10706500000000002,0.59538686,0.16945222,0.37333316,99,16,0,1,1941,21.542612,314.1944,0.14871648,-9999,13.31248146795457,0,0.28265111105373275,52
-8217788,2026,5.0,36.82194349605919,-118.99982568731302,0.03612875,0.06423375,0.05779875000000001,0.31931000000000004,0.21251375000000003,0.12577875,0.68755186,0.18344632,0.42918035,94,16,0,1,1714,18.444704,104.0447,0.1828979,-9999,13.31248146795457,0,0.2561472781145802,52
-8215992,2026,5.0,36.83990980174158,-118.99982568731302,0.03776500000000001,0.06317499999999998,0.055323750000000005,0.2462975,0.15205500000000002,0.09702750000000002,0.627196,0.24209133,0.4399736,85,16,0,1,1169,34.94254,4.982176,0.1828979,-9999,13.31248146795457,0,0.25848221391439435,52
-8210602,2026,5.0,36.89380871878875,-118.99982568731302,0.037847500000000006,0.059655000000000014,0.043045,0.32382000000000005,0.1809575,0.09389249999999999,0.76533604,0.28302073,0.55044436,91,16,0,1,1629,14.659637,111.795204,0.20167266,-9999,12.660397609587676,0,0.3196930933743715,52
-8207008,2026,5.0,36.92974133015353,-118.99982568731302,0.061387499999999984,0.07785999999999998,0.08784249999999999,0.2030675,0.20939249999999998,0.1670975,0.40246755,-0.01508653,0.0946607,86,16,0,1,1420,19.074306,264.62747,0.20167266,-9999,12.660397609587676,0,0.20508415520191192,52
-8226772,2026,5.0,36.75007827332963,-119.01779199299541,0.029157500000000003,0.06402750000000001,0.05198249999999999,0.35217250000000005,0.20845750000000002,0.11448999999999998,0.737927,0.24153833,0.49753958,95,16,0,1,1633,10.305361,90.0,0.14871648,-9999,13.31248146795457,0,0.3067858608232604,52
-8224975,2026,5.0,36.76804457901201,-119.01779199299541,0.03313125,0.060493749999999985,0.04888875000000001,0.3338025,0.18867125,0.09986,0.7445109,0.27887788,0.53089565,58,16,0,1,1349,6.005417,22.59281,0.14871648,-9999,13.31248146795457,0,0.3573375638574362,52
-8223178,2026,5.0,36.786010884694406,-119.01779199299541,0.03024375,0.05025,0.04596,0.23961500000000002,0.14588125000000002,0.09134875,0.67256796,0.2343602,0.44077933,73,15,0,1,1178,6.5319853,211.97719,0.14871648,-9999,13.31248146795457,0,0.350685047200666,52
-8221382,2026,5.0,36.8039771903768,-119.01779199299541,0.025692499999999993,0.05264250000000001,0.044145000000000004,0.26319625,0.1548325,0.0901525,0.7108849,0.25923216,0.48973453,87,15,0,1,1607,23.978525,270.0,0.14871648,-9999,13.31248146795457,0,0.3724674689225279,52
-8219585,2026,5.0,36.82194349605919,-119.01779199299541,0.06266625,0.097715,0.10619875000000001,0.25714625,0.2395875,0.1801325,0.44635096,0.061670862,0.21266319,81,16,0,1,1505,16.194288,257.1172,0.1828979,-9999,13.31248146795457,0,0.2560533748732673,52
-8217789,2026,5.0,36.83990980174158,-119.01779199299541,0.035606250000000006,0.061373750000000005,0.051735,0.3038,0.16760625,0.10168875,0.7054536,0.28178576,0.4943584,87,15,0,1,1281,31.015274,61.01079,0.1828979,-9999,13.31248146795457,0,0.2851815020182618,52
-8212399,2026,5.0,36.89380871878875,-119.01779199299541,0.0770075,0.10821999999999998,0.12491249999999998,0.27022250000000003,0.32324250000000004,0.29868500000000003,0.36565673,-0.09060391,-0.054099467,84,15,0,1,1755,20.155794,138.5674,0.20167266,-9999,12.660397609587676,0,0.3298754835873842,52
-8210602,2026,5.0,36.91177502447114,-119.01779199299541,0.053137500000000004,0.06488,0.06991249999999999,0.15505249999999998,0.187805,0.14168750000000002,0.37587288,-0.09552803,0.04503943,96,16,0,1,1452,26.384695,348.22546,0.20167266,-9999,12.660397609587676,0,0.2693409350915597,52
-8171076,2026,5.0,37.30703374948373,-119.01779199299541,0.05469125,0.07003625,0.0723325,0.1812325,0.19274125,0.14645875,0.428265,-0.031599846,0.10527253,92,21,0,1,2255,13.53941,19.758709,0.19659469,-9999,6.023382215602453,0,0.22463649736406902,52
-8226771,2026,5.0,36.76804457901201,-119.0357582986778,0.024070000000000008,0.05645125000000001,0.04182124999999999,0.3292925,0.1698475,0.08584874999999997,0.77360195,0.31988046,0.58616304,91,15,0,1,1569,18.361486,46.9369,0.14871648,-9999,13.31248146795457,0,0.3340334480421411,52
-8224974,2026,5.0,36.786010884694406,-119.0357582986778,0.028951249999999998,0.050497500000000015,0.03871374999999999,0.26008875,0.16482875,0.08631624999999998,0.74088943,0.22412865,0.5016315,87,16,0,1,1209,14.863168,322.46173,0.14871648,-9999,13.31248146795457,0,0.3475353429810359,52
-8223178,2026,5.0,36.8039771903768,-119.0357582986778,0.04234375,0.07083375,0.07429875,0.2590025,0.204195,0.14234750000000002,0.5475822,0.11130226,0.2819227,45,16,0,1,992,27.873644,246.55327,0.14871648,-9999,13.31248146795457,0,0.31154275678098203,52
-8221381,2026,5.0,36.82194349605919,-119.0357582986778,0.02562375,0.05091000000000001,0.04553375,0.25485,0.13435875000000003,0.07784625,0.6922226,0.30958354,0.53558606,74,15,0,1,1263,28.487888,243.42058,0.1828979,-9999,13.31248146795457,0,0.24792385266090816,52
-8219585,2026,5.0,36.83990980174158,-119.0357582986778,0.026448749999999993,0.045024999999999996,0.029913750000000003,0.30758125000000003,0.14249875,0.06598000000000001,0.82303244,0.36499044,0.64591634,52,15,0,1,770,9.808186,20.548677,0.1828979,-9999,13.31248146795457,0,0.2786863695543546,52
-8214195,2026,5.0,36.89380871878875,-119.0357582986778,0.05500749999999999,0.07491750000000003,0.08154499999999998,0.240825,0.2324925,0.17936249999999998,0.50435704,0.017604463,0.14627399,49,16,0,1,1646,22.132263,185.71237,0.20167266,-9999,12.660397609587676,0,0.2674085609614849,52
-8165686,2026,5.0,37.37889897221329,-119.0357582986778,0.04105125,0.056671250000000006,0.06470124999999999,0.17415125,0.17611749999999998,0.13059125000000002,0.45821404,-0.005562287,0.14301832,89,21,0,1,2359,13.677733,210.14879,0.17784984,-9999,5.577539431664263,0,0.2203172381222248,52
-8224975,2026,5.0,36.8039771903768,-119.05372460436018,0.0341075,0.052243750000000005,0.05026375000000001,0.23406000000000002,0.16482875000000002,0.10076749999999998,0.64632255,0.17739628,0.39660534,77,16,0,1,944,22.778646,254.34491,0.13623054,-9999,15.587515070105155,0,0.3139047799445689,52
-8215992,2026,5.0,36.89380871878875,-119.05372460436018,0.04582249999999999,0.06303750000000002,0.05992999999999998,0.22943999999999998,0.171085,0.11998999999999999,0.5834541,0.120377004,0.30064094,85,15,0,1,1228,31.491745,262.4077,0.18624134,-9999,14.590607518021784,0,0.3506671129912138,52
-8165686,2026,5.0,37.39686527789568,-119.05372460436018,0.04653749999999998,0.07120499999999999,0.07629249999999999,0.19997374999999998,0.1818925,0.1437775,0.44794077,0.047470573,0.16344875,37,21,0,1,2738,28.656475,231.53471,0.19357254,-9999,9.98969605968847,0,0.225845443443037,52
-8230365,2026,5.0,36.76804457901201,-119.07169091004258,0.0265725,0.055035,0.043072499999999986,0.29817625000000003,0.17549875,0.08850250000000001,0.74832684,0.26686382,0.54394984,95,1,0,1,1407,16.442102,331.35895,0.13623054,-9999,15.587515070105155,0,0.3045912491226638,52
-8228568,2026,5.0,36.786010884694406,-119.07169091004258,0.02873125,0.053756250000000005,0.04358125,0.29456000000000004,0.17016375,0.08864,0.7416781,0.2684788,0.5379851,47,16,0,1,1374,17.972324,3.5724301,0.13623054,-9999,15.587515070105155,0,0.29028342974682647,52
-8226772,2026,5.0,36.8039771903768,-119.07169091004258,0.027631249999999996,0.04585,0.040707499999999994,0.25093125,0.1433925,0.07784625,0.7156834,0.25721115,0.51327,73,16,0,1,837,18.946749,304.46207,0.13623054,-9999,15.587515070105155,0,0.33790502662735955,52
-8224975,2026,5.0,36.82194349605919,-119.07169091004258,0.025128750000000005,0.04061125,0.028965000000000005,0.288125,0.1226575,0.05815624999999999,0.8145614,0.3954327,0.6605826,84,15,0,1,895,24.78743,28.795622,0.16505276,-9999,15.587515070105155,0,0.3141312634285826,52
-8169280,2026,5.0,37.37889897221329,-119.07169091004258,0.05977874999999999,0.07878125,0.08980874999999999,0.21208749999999998,0.22906875000000002,0.17573249999999999,0.40493244,-0.03853995,0.09374213,34,21,0,1,2233,21.575191,101.81118,0.19357254,-9999,9.98969605968847,0,0.19144309991039335,52
-8302230,2026,5.0,36.06735865739879,-119.08965721572497,0.06039749999999999,0.09194000000000002,0.12026500000000001,0.2512475,0.289115,0.2048275,0.35256553,-0.070077956,0.1017815,62,17,0,1,130,0.92740995,-0.0,0.133869,-9999,21.455894396382007,0,1.7585208930752494,52
-8289653,2026,5.0,36.193122797175526,-119.08965721572497,0.033475000000000005,0.0649075,0.05979249999999997,0.31622999999999996,0.16118500000000002,0.09854000000000002,0.68130076,0.3247594,0.53329265,53,21,0,1,121,1.1491117,90.0,0.13295372,-9999,20.262842166039263,0,19.155680398146313,52
-8232161,2026,5.0,36.76804457901201,-119.08965721572497,0.031219999999999998,0.05723500000000001,0.0459325,0.3080625,0.1768325,0.09196750000000001,0.737792,0.26557449,0.5298825,83,1,0,1,1336,9.195146,-0.0,0.13623054,-9999,15.587515070105155,0,0.32503016089322045,52
-8219585,2026,5.0,36.89380871878875,-119.08965721572497,0.0325675,0.05374249999999997,0.0441725,0.2429425,0.14683000000000002,0.0838275,0.692301,0.24658614,0.4869327,59,16,0,1,1252,19.074583,339.43805,0.18624134,-9999,14.590607518021784,0,0.27622906462504315,52
-8167482,2026,5.0,37.41483158357807,-119.08965721572497,0.057510000000000006,0.07073750000000001,0.07491750000000003,0.1921775,0.19415749999999998,0.163715,0.44326162,-0.00730925,0.0852058,99,20,0,1,2414,18.571915,256.0606,0.19357254,-9999,9.98969605968847,0,0.2449921118453718,52
-8154906,2026,5.0,37.540595723354805,-119.08965721572497,0.040267499999999984,0.05544749999999998,0.059187500000000004,0.18181000000000003,0.16674,0.11528749999999999,0.5065712,0.043236263,0.22390798,91,21,0,1,2283,21.034315,287.13754,0.17091158,-9999,8.544800961402188,0,0.2620530435410531,52
-8145923,2026,5.0,37.630427251766754,-119.08965721572497,0.0649075,0.08389624999999998,0.10049250000000001,0.25284249999999997,0.27437500000000004,0.1892075,0.4311751,-0.04017191,0.1445391,95,6,0,1,2389,19.333813,97.95603,0.16171034,-9999,5.55952027843847,0,0.26850135846493334,52
-8232161,2026,5.0,36.786010884694406,-119.10762352140736,0.028387499999999996,0.054746249999999996,0.04206874999999999,0.39186875,0.1703425,0.08446000000000001,0.8114238,0.39706117,0.652659,83,15,0,1,1270,24.431541,69.12466,0.13623054,-9999,15.587515070105155,0,0.33885194762394977,52
-8230365,2026,5.0,36.8039771903768,-119.10762352140736,0.024179999999999993,0.052298750000000005,0.03857624999999999,0.32892125,0.15245375,0.07515125,0.7902245,0.36373383,0.6231836,85,15,0,1,1240,13.640527,66.407166,0.13623054,-9999,15.587515070105155,0,0.30672328665852544,52
-8214195,2026,5.0,36.96567394151831,-119.10762352140736,0.049095,0.05926999999999999,0.07098500000000002,0.13561,0.2014725,0.17878500000000003,0.3128101,-0.19538985,-0.13732725,98,15,0,1,1456,24.197178,244.38702,0.20717391,-9999,11.63905236849223,0,0.22687900960445403,52
-8158500,2026,5.0,37.52262941767241,-119.10762352140736,0.056794999999999984,0.072745,0.0893275,0.2046075,0.266235,0.19578,0.40031824,-0.1175386,0.034697246,98,21,0,1,2535,11.021642,109.417244,0.18743849,-9999,8.544800961402188,0,0.24545460512551168,52
-8293246,2026,5.0,36.193122797175526,-119.12558982708975,0.03512499999999999,0.06367,0.06328499999999998,0.35668249999999996,0.1910775,0.11369249999999997,0.69861954,0.3023313,0.51658785,31,17,0,1,112,1.1491117,270.0,0.14285584,-9999,20.262842166039263,0,1.3637223302697141,52
-8230364,2026,5.0,36.82194349605919,-119.12558982708975,0.03959375,0.06530625000000001,0.05900875,0.30088499999999996,0.1946525,0.11700625,0.6720793,0.2137203,0.4396777,76,16,0,1,1199,33.51251,117.675514,0.14561528,-9999,15.587515070105155,0,0.32757685591395086,52
-8228568,2026,5.0,36.83990980174158,-119.12558982708975,0.025898749999999998,0.043375,0.029514999999999986,0.27911875,0.137645,0.0655125,0.8060065,0.3356966,0.61975014,53,16,0,1,924,33.584427,1.7455992,0.14561528,-9999,15.587515070105155,0,0.23038317490783003,52
-8210601,2026,5.0,37.01957285856548,-119.12558982708975,0.05819750000000001,0.07293749999999999,0.091225,0.1384975,0.255455,0.25553750000000003,0.2163261,-0.29078847,-0.28756553,98,16,0,1,1769,18.056131,95.69947,0.18439166,-9999,11.63905236849223,0,0.34030070669949053,52
-8207008,2026,5.0,37.05550546993026,-119.12558982708975,0.058142499999999986,0.07862999999999998,0.09116999999999997,0.216955,0.23859750000000002,0.17240499999999997,0.41470462,-0.039725468,0.12210709,89,24,0,1,2137,17.14636,199.19147,0.21500663,-9999,7.96742150911723,0,0.33536710737583536,52
-8198025,2026,5.0,37.145336998342216,-119.12558982708975,0.045355000000000006,0.0624325,0.07219500000000001,0.19583499999999998,0.19088500000000003,0.132475,0.46211946,-0.01811442,0.16305369,85,23,0,1,2539,10.069837,214.87514,0.21500663,-9999,7.96742150911723,0,0.29583696007728577,52
-8180058,2026,5.0,37.32500005516612,-119.12558982708975,0.05338499999999999,0.0719475,0.08363500000000001,0.186485,0.2414025,0.18853375000000003,0.37977186,-0.12917224,-0.0064930916,97,21,0,1,2421,28.4095,48.82284,0.20019738,-9999,8.021484219130684,0,0.23946076557040213,52
-8178262,2026,5.0,37.34296636084851,-119.12558982708975,0.0473625,0.06382125,0.07181000000000001,0.18964750000000002,0.19518875,0.1474625,0.45054156,-0.014305847,0.12515973,95,21,0,1,2202,14.505534,59.963722,0.20019738,-9999,8.021484219130684,0,0.23861082389950752,52
-8169279,2026,5.0,37.43279788926046,-119.12558982708975,0.06144250000000001,0.07780500000000001,0.0868525,0.20771499999999998,0.24030250000000003,0.205735,0.41030493,-0.07034043,0.027268624,78,20,0,1,2237,10.662564,198.95541,0.19977567,-9999,9.98969605968847,0,0.3362526962688814,52
-8156702,2026,5.0,37.5585620290372,-119.12558982708975,0.06083749999999999,0.08864,0.09050999999999998,0.30910750000000004,0.2685175,0.17257,0.55375296,0.0702705,0.2834625,91,18,0,1,2397,25.230682,175.02792,0.18551145,-9999,5.55952027843847,0,0.24579085113311355,52
-8296840,2026,5.0,36.175156491493134,-119.14355613277215,0.060645000000000004,0.09026250000000002,0.10827500000000001,0.304625,0.29885,0.20876,0.4605569,0.009569576,0.1867312,56,12,0,1,107,2.296771,90.0,0.14285584,-9999,20.262842166039263,0,1.0898516297340393,52
-8289653,2026,5.0,36.2470217142227,-119.14355613277215,0.04711499999999999,0.07082,0.07593499999999997,0.275695,0.2461875,0.16597,0.5680972,0.056540504,0.24949901,53,16,0,1,110,0.92740995,180.0,0.14285584,-9999,20.262842166039263,0,1.3635975700616836,52
-8214195,2026,5.0,37.00160655288309,-119.14355613277215,0.0566025,0.06884000000000001,0.08363500000000001,0.13577499999999998,0.22691,0.22248250000000003,0.23369536,-0.26218763,-0.2758763,99,16,0,1,1839,26.103697,235.83035,0.18439166,-9999,11.63905236849223,0,0.2963274196535349,52
-8205212,2026,5.0,37.091438081295045,-119.14355613277215,0.04532749999999999,0.06224000000000002,0.06628250000000002,0.24734250000000002,0.20265500000000003,0.12612250000000003,0.5690588,0.08164832,0.31095842,34,16,0,1,2067,21.37491,155.49315,0.21500663,-9999,7.96742150911723,0,0.2788385762274265,52
-8178262,2026,5.0,37.3609326665309,-119.14355613277215,0.06301000000000001,0.08022499999999999,0.09273749999999997,0.20636749999999998,0.281635,0.2241325,0.3632026,-0.15423588,-0.056751244,91,21,0,1,2215,3.883196,17.460133,0.20019738,-9999,9.98969605968847,0,0.24879736870527266,52
-8174669,2026,5.0,37.39686527789568,-119.14355613277215,0.07772249999999997,0.09972249999999999,0.1109425,0.2241325,0.268435,0.2220975,0.33780497,-0.089941986,-0.0011030395,31,21,0,1,2016,3.7047918,-0.0,0.19977567,-9999,9.98969605968847,0,0.24499959450053133,52
-8171076,2026,5.0,37.43279788926046,-119.14355613277215,0.053659999999999985,0.06985750000000002,0.07904250000000002,0.1750175,0.23433500000000002,0.1928375,0.3777651,-0.14306349,-0.054732278,91,21,0,1,2064,3.6282313,139.98444,0.19977567,-9999,9.98969605968847,0,0.26359434712988633,52
-8167482,2026,5.0,37.46873050062524,-119.14355613277215,0.04554749999999999,0.05957249999999997,0.06867499999999999,0.17419250000000003,0.1849175,0.1404225,0.42626706,-0.067414746,0.09521471,98,21,0,1,2264,7.500326,291.64526,0.20853448,-9999,8.544800961402188,0,0.21706820830054904,52
-8158499,2026,5.0,37.5585620290372,-119.14355613277215,0.06732749999999998,0.08773249999999999,0.0930125,0.24357499999999999,0.2620825,0.18494500000000003,0.44732052,-0.03660086,0.13681975,95,18,0,1,2222,8.338051,257.23816,0.18551145,-9999,5.55952027843847,0,0.22605029648790756,52
-8277077,2026,5.0,36.39075215968182,-119.16152243845453,0.0398,0.07436749999999998,0.07953749999999998,0.32912749999999996,0.21228000000000002,0.14023000000000002,0.6107447,0.20656757,0.40098223,53,2,0,1,132,3.9167185,118.220634,0.14067796,-9999,20.582795018021784,0,0.9429143396764994,52
-8250128,2026,5.0,36.66024674491767,-119.16152243845453,0.031412499999999996,0.048077499999999995,0.04230250000000001,0.257765,0.16177624999999998,0.0866325,0.7157231,0.2308909,0.4985682,55,9,0,1,597,16.391861,352.11414,0.13248543,-9999,17.50487478112666,0,0.5627817868441344,52
-8181856,2026,5.0,37.34296636084851,-119.16152243845453,0.050002500000000005,0.07016,0.07145249999999997,0.24131999999999998,0.2487725,0.18582500000000002,0.54310244,-0.015206313,0.12992075,75,21,0,1,2419,7.468493,171.06459,0.20019738,-9999,10.128113293391436,0,0.2696527188213972,52
-8167483,2026,5.0,37.486696806307634,-119.16152243845453,0.047967499999999996,0.06639250000000002,0.06257000000000001,0.269975,0.17892249999999998,0.12144749999999999,0.5921151,0.18961821,0.37418252,99,20,0,1,2344,12.361505,196.21588,0.20853448,-9999,10.675851973666965,0,0.1790002815735837,52
-8165686,2026,5.0,37.50466311199003,-119.16152243845453,0.044749999999999984,0.059599999999999986,0.061167499999999986,0.20645000000000002,0.17334,0.12197000000000002,0.58180714,0.13773243,0.30960703,99,21,0,1,2308,14.913651,322.1984,0.20853448,-9999,10.675851973666965,0,0.27573706150054933,52
-8163890,2026,5.0,37.52262941767241,-119.16152243845453,0.04873749999999999,0.06581500000000001,0.07678750000000001,0.1957525,0.2216575,0.16096500000000002,0.4503285,-0.062061284,0.10185329,98,21,0,1,2063,8.603637,344.34763,0.20853448,-9999,10.675851973666965,0,0.28661780844887963,52
-8268094,2026,5.0,36.49854999377616,-119.17948874413692,0.04530000000000001,0.06944499999999998,0.07071,0.36427250000000005,0.2277075,0.14394250000000003,0.6748835,0.23069191,0.43353698,31,9,0,1,131,2.1834714,211.88121,0.1342166,-9999,20.03832204675166,0,0.8039334411374651,52
-8217788,2026,5.0,37.00160655288309,-119.17948874413692,0.05748249999999999,0.0721675,0.08671499999999999,0.163495,0.251165,0.24385,0.31125054,-0.21142623,-0.19726522,85,16,0,1,1572,10.063739,34.824257,0.18439166,-9999,13.82244398055542,0,0.2954620198905468,52
-8198025,2026,5.0,37.19923591538939,-119.17948874413692,0.055117499999999986,0.07120500000000002,0.08726499999999998,0.18013250000000003,0.2653825,0.22429749999999998,0.34120363,-0.19135158,-0.10920308,96,22,0,1,2322,6.010429,202.7082,0.21500663,-9999,7.979329271213999,0,0.3264890876240455,52
-8178262,2026,5.0,37.39686527789568,-119.17948874413692,0.07489000000000001,0.10010750000000002,0.11713000000000001,0.23458250000000003,0.2839725,0.24131999999999998,0.33394462,-0.09524544,-0.014157312,78,20,0,1,2229,15.945964,266.75217,0.19977567,-9999,12.559092376052718,0,0.21021729053105587,52
-8169279,2026,5.0,37.486696806307634,-119.17948874413692,0.05508999999999997,0.07332250000000001,0.08223249999999999,0.18675999999999998,0.2122525,0.1651725,0.40227693,-0.04952056,0.07385838,89,21,0,1,2073,22.753885,256.61008,0.20853448,-9999,10.675851973666965,0,0.26636655620214617,52
-8162092,2026,5.0,37.5585620290372,-119.17948874413692,0.042082499999999995,0.05602499999999999,0.052037500000000014,0.19627499999999998,0.1619,0.10766999999999999,0.58087087,0.09597264,0.29151654,99,18,0,1,2130,17.38395,281.93628,0.18551145,-9999,5.868515679144139,0,0.2875426261149266,52
-8160296,2026,5.0,37.57652833471958,-119.17948874413692,0.04513500000000001,0.06977499999999998,0.06674999999999998,0.2976125,0.20375500000000002,0.13453749999999998,0.63521105,0.19342162,0.38733342,53,10,0,1,2484,15.161517,131.08165,0.18551145,-9999,5.868515679144139,0,0.2532365126940219,52
-8217788,2026,5.0,37.01957285856548,-119.19745504981931,0.037215,0.059187500000000004,0.05170750000000002,0.26585000000000003,0.14754499999999998,0.08850249999999998,0.67434245,0.24012953,0.4730604,99,16,0,1,1646,20.211563,262.42007,0.18439166,-9999,13.82244398055542,0,0.290031526882488,52
-8196229,2026,5.0,37.235168526754165,-119.19745504981931,0.0537975,0.06763000000000002,0.07981250000000001,0.1609375,0.2354075,0.19514750000000003,0.3139351,-0.18789186,-0.09607257,100,23,0,1,2282,18.899498,353.1786,0.21031766,-9999,7.979329271213999,0,0.5061757080946807,52
-8194432,2026,5.0,37.25313483243656,-119.19745504981931,0.05288999999999999,0.0770075,0.0921325,0.21711999999999998,0.23848750000000002,0.19671500000000003,0.40416002,-0.042506628,0.03785851,98,23,0,1,2208,11.051592,185.97676,0.21031766,-9999,10.128113293391436,0,0.26132432686594814,52
-8181856,2026,5.0,37.37889897221329,-119.19745504981931,0.06036999999999998,0.08855750000000001,0.10260999999999998,0.2058725,0.2299075,0.19594499999999998,0.33474347,-0.055153977,0.026420668,78,20,0,1,2149,33.60885,258.76398,0.19977567,-9999,12.559092376052718,0,0.2668266959488392,52
-8172872,2026,5.0,37.46873050062524,-119.19745504981931,0.03971749999999999,0.052202499999999985,0.04915,0.18494500000000003,0.15403499999999998,0.10260999999999998,0.580085,0.091185324,0.29737028,98,21,0,1,1596,8.016276,226.396,0.20853448,-9999,10.675851973666965,0,0.24890128802508116,52
-8163889,2026,5.0,37.5585620290372,-119.19745504981931,0.053027500000000005,0.07472499999999999,0.0748625,0.2577925,0.2189625,0.14743499999999998,0.5344047,0.07229242,0.26940572,98,18,0,1,2116,17.271856,238.62547,0.18551145,-9999,5.868515679144139,0,0.2939833481019984,52
-8293247,2026,5.0,36.282954325587475,-119.2154213555017,0.07665,0.10560750000000002,0.13327250000000002,0.21846749999999998,0.37156000000000006,0.34788250000000004,0.24847241,-0.26782072,-0.22889788,95,5,0,1,113,1.8543341,-0.0,0.14850476,-9999,20.590814906294668,0,1.8691615570675244,52
-8208805,2026,5.0,37.127370692659824,-119.2154213555017,0.05858249999999998,0.0782175,0.08335999999999999,0.251495,0.24253000000000002,0.18750250000000002,0.50211287,0.03342732,0.1607012,57,20,0,1,2177,15.186364,162.5907,0.21601163,-9999,10.108316901422313,0,0.29331792790729266,52
-8207009,2026,5.0,37.145336998342216,-119.2154213555017,0.055475,0.06908750000000002,0.07544000000000001,0.18456,0.21181250000000001,0.1719925,0.4196923,-0.080748126,0.029913653,96,21,0,1,2301,15.198961,333.35184,0.21601163,-9999,10.108316901422313,0,0.2539255650996123,52
-8196229,2026,5.0,37.25313483243656,-119.2154213555017,0.07016,0.08754,0.09887000000000001,0.2450325,0.255125,0.21989750000000002,0.4361943,-0.023025626,0.049963042,89,20,0,1,2365,19.631886,176.73163,0.19672641,-9999,10.128113293391436,0,0.2994790787342936,52
-8174669,2026,5.0,37.46873050062524,-119.2154213555017,0.05624499999999999,0.07807999999999998,0.09028999999999998,0.235985,0.24096250000000002,0.17763,0.4436203,-0.01966311,0.14040291,49,21,0,1,1691,10.831047,327.79016,0.20799866,-9999,10.675851973666965,0,0.2278819494836387,52
-8167483,2026,5.0,37.540595723354805,-119.2154213555017,0.053989999999999996,0.07919375000000001,0.08557375,0.26718375000000005,0.24506,0.1647875,0.5041145,0.039015666,0.23172112,100,20,0,1,2093,19.932953,57.611595,0.17919122,-9999,10.675851973666965,0,0.22862436804972766,52
-8160296,2026,5.0,37.61246094608437,-119.2154213555017,0.0694175,0.08855749999999998,0.09909000000000001,0.18454625,0.23016875,0.19072,0.29948044,-0.111295454,-0.018085929,78,18,0,1,2452,9.97276,291.60745,0.16632393,-9999,5.868515679144139,0,0.21939060701565308,52
-8158500,2026,5.0,37.630427251766754,-119.2154213555017,0.06072749999999999,0.09466249999999998,0.09620250000000002,0.2516875,0.2131325,0.1714425,0.44693726,0.082946084,0.18964621,93,20,0,1,2454,21.512918,214.77905,0.16632393,-9999,5.868515679144139,0,0.2337859682738781,52
-8295043,2026,5.0,36.282954325587475,-119.2333876611841,0.09304000000000001,0.13162249999999998,0.16624499999999998,0.24756250000000002,0.39628250000000004,0.3728525,0.19651045,-0.23098727,-0.20072164,50,24,0,1,111,3.44759,270.0,0.14850476,-9999,20.590814906294668,0,1.803636720776558,52
-8210601,2026,5.0,37.127370692659824,-119.2333876611841,0.0448325,0.06446750000000001,0.06427499999999997,0.2708,0.19041750000000002,0.11839499999999997,0.61732817,0.1758067,0.3929201,99,21,0,1,1983,6.9455404,270.0,0.21601163,-9999,10.108316901422313,0,0.22203840114749396,52
-8207008,2026,5.0,37.16330330402461,-119.2333876611841,0.048490000000000005,0.07136999999999999,0.07615499999999997,0.23356500000000002,0.22504000000000002,0.16388000000000003,0.52926505,0.043376435,0.1898987,89,20,0,1,2152,9.275002,275.68872,0.21601163,-9999,7.979329271213999,0,0.3189216203844318,52
-8205212,2026,5.0,37.181269609706995,-119.2333876611841,0.06688749999999999,0.09504750000000001,0.10698249999999998,0.2604325,0.2578475,0.19322250000000002,0.4227204,0.027586838,0.16666147,75,20,0,1,2327,11.520321,265.4447,0.21601163,-9999,7.979329271213999,0,0.2489390648328341,52
-8203415,2026,5.0,37.19923591538939,-119.2333876611841,0.03757250000000001,0.054759999999999975,0.04084499999999999,0.2697275,0.14974500000000002,0.0863025,0.73696965,0.27873847,0.51519537,99,21,0,1,1657,34.554478,289.2127,0.21601163,-9999,7.979329271213999,0,0.5241341976305613,52
-8201618,2026,5.0,37.21720222107178,-119.2333876611841,0.06113999999999997,0.08412999999999998,0.09072999999999998,0.2873275,0.257655,0.1845325,0.5295946,0.06752898,0.22866845,41,21,0,1,2045,26.782621,104.86628,0.19672641,-9999,7.979329271213999,0,0.3115378043685968,52
-8198025,2026,5.0,37.25313483243656,-119.2333876611841,0.0775575,0.10126249999999998,0.114765,0.254905,0.2806175,0.24701250000000002,0.37367886,-0.04794008,0.020246262,71,20,0,1,2491,12.148744,121.76113,0.19672641,-9999,10.128113293391436,0,0.22747096734551284,52
-8190838,2026,5.0,37.32500005516612,-119.2333876611841,0.035674999999999985,0.058362499999999984,0.05014000000000002,0.2755025,0.1474625,0.08434999999999998,0.67837334,0.29213122,0.5156698,98,14,0,1,2084,22.115698,336.37534,0.19793867,-9999,10.128113293391436,0,0.2660788206849247,52
-8189042,2026,5.0,37.34296636084851,-119.2333876611841,0.06644749999999999,0.09265499999999999,0.10260999999999998,0.2636225,0.2759975,0.2129125,0.4395535,-0.032546915,0.09173452,79,13,0,1,1751,2.1902747,147.83353,0.19793867,-9999,10.128113293391436,0,0.2994527771899646,52
-8187245,2026,5.0,37.3609326665309,-119.2333876611841,0.06529249999999998,0.08918999999999999,0.10112500000000002,0.22597499999999998,0.2513575,0.205295,0.38168755,-0.05317572,0.04575088,73,20,0,1,1717,11.757034,231.5214,0.19793867,-9999,12.559092376052718,0,0.31481046261994733,52
-8183652,2026,5.0,37.39686527789568,-119.2333876611841,0.03691249999999999,0.05957249999999997,0.05165249999999999,0.27443,0.157225,0.097495,0.66709423,0.27152473,0.47572765,98,16,0,1,2032,13.678521,329.8453,0.20886281,-9999,12.559092376052718,0,0.2640320764305374,52
-8180059,2026,5.0,37.43279788926046,-119.2333876611841,0.043375,0.06389,0.061634999999999995,0.2759425,0.18436750000000002,0.114655,0.6152502,0.16787119,0.38590288,98,16,0,1,1528,16.524698,310.90082,0.20886281,-9999,12.559092376052718,0,0.2899375916035338,52
-8171076,2026,5.0,37.52262941767241,-119.2333876611841,0.06338125,0.07596249999999999,0.08399250000000003,0.18781875,0.224765,0.181535,0.38160008,-0.09059319,0.015822794,98,21,0,1,2263,12.860125,321.25772,0.20799866,-9999,10.675851973666965,0,0.2529055095463991,52
-8167482,2026,5.0,37.5585620290372,-119.2333876611841,0.07425749999999998,0.09403,0.10998000000000002,0.21387499999999998,0.29632000000000003,0.2562525,0.31026772,-0.19369313,-0.12809348,89,20,0,1,2367,10.5705185,80.009155,0.17919122,-9999,5.868515679144139,0,0.28120514983311296,52
-8163889,2026,5.0,37.594494640401976,-119.2333876611841,0.05169374999999998,0.06978875000000001,0.06268000000000001,0.2379925,0.19183375000000003,0.13836,0.5822356,0.1053027,0.26213413,94,20,0,1,2019,23.744236,282.75586,0.17919122,-9999,5.868515679144139,0,0.1964353105944136,52
-8280670,2026,5.0,36.44465107672899,-119.25135396686649,0.0415875,0.07035249999999998,0.08052749999999997,0.32615750000000004,0.1969075,0.13879999999999998,0.60398096,0.24710122,0.4029562,67,2,0,1,109,0.92740995,180.0,0.14356953,-9999,21.456025654782536,0,0.9392965979129076,52
-8223178,2026,5.0,37.01957285856548,-119.25135396686649,0.05080000000000001,0.07774999999999999,0.06972,0.34744250000000004,0.2378825,0.139405,0.6482023,0.18173702,0.4303858,72,17,0,1,1249,9.438931,132.96896,0.153471,-9999,15.769100566576924,0,0.2912562258541584,52
-8219585,2026,5.0,37.05550546993026,-119.25135396686649,0.03628000000000001,0.05363249999999997,0.044007500000000005,0.2357375,0.1528525,0.091335,0.6865347,0.18947455,0.42201144,66,18,0,1,1160,12.360176,27.569283,0.21601163,-9999,12.907604430824222,0,0.2854893274891835,52
-8212398,2026,5.0,37.127370692659824,-119.25135396686649,0.050387499999999974,0.0660075,0.06727250000000001,0.234665,0.19841999999999999,0.13539,0.5479094,0.08319328,0.25641316,100,5,0,1,1812,15.040204,294.94266,0.21601163,-9999,12.907604430824222,0,0.24134254209697248,52
-8210602,2026,5.0,37.145336998342216,-119.25135396686649,0.06570500000000001,0.09037250000000002,0.08099499999999998,0.30434999999999995,0.20917249999999998,0.15100999999999998,0.56090933,0.19231772,0.36023867,91,20,0,1,1857,12.17576,145.61644,0.21601163,-9999,12.907604430824222,0,0.28564305454492567,52
-8207009,2026,5.0,37.181269609706995,-119.25135396686649,0.0503325,0.06515500000000002,0.07436749999999998,0.206395,0.20634000000000002,0.15579500000000002,0.4702462,1.3325742E-4,0.13970567,99,20,0,1,1770,24.38277,-0.0,0.21601163,-9999,11.209792770877982,0,0.32795510805832845,52
-8203415,2026,5.0,37.21720222107178,-119.25135396686649,0.03303500000000001,0.059352499999999975,0.049699999999999994,0.28048,0.14889249999999998,0.091555,0.6789772,0.2849036,0.4818552,37,20,0,1,1956,28.902912,305.90277,0.19672641,-9999,11.209792770877982,0,0.27391595171334654,52
-8201619,2026,5.0,37.235168526754165,-119.25135396686649,0.05913249999999998,0.07736500000000002,0.0833875,0.24453750000000002,0.243245,0.19852999999999998,0.4949336,0.017798334,0.10941611,99,20,0,1,2311,9.6343,106.62353,0.19672641,-9999,11.209792770877982,0,0.26945697106062794,52
-8190839,2026,5.0,37.34296636084851,-119.25135396686649,0.0596275,0.07871250000000002,0.09097749999999999,0.2300725,0.2479475,0.17999500000000002,0.43325028,-0.04003988,0.11548766,87,14,0,1,1671,11.328235,66.170074,0.19793867,-9999,11.55234044392904,0,0.26052236336876045,52
-8187246,2026,5.0,37.37889897221329,-119.25135396686649,0.05731750000000002,0.07725500000000002,0.08748499999999998,0.19644,0.22022750000000002,0.17017749999999998,0.38242334,-0.04396547,0.07123284,45,21,0,1,1605,11.522591,315.61423,0.20886281,-9999,11.981235143189792,0,0.26644263913234073,52
-8180059,2026,5.0,37.450764194942856,-119.25135396686649,0.07876749999999999,0.10989749999999998,0.12780000000000002,0.26178,0.300225,0.2415675,0.34780958,-0.060824174,0.055495355,36,21,0,1,1623,18.29182,137.27014,0.20799866,-9999,10.263301570441172,0,0.20376176573336124,52
-8178262,2026,5.0,37.46873050062524,-119.25135396686649,0.049699999999999994,0.07494499999999998,0.07401000000000002,0.264145,0.22174,0.144685,0.5559021,0.08545254,0.28132105,58,21,0,1,1759,24.221685,94.126915,0.20799866,-9999,10.263301570441172,0,0.27306106305964617,52
-8172873,2026,5.0,37.52262941767241,-119.25135396686649,0.07347374999999998,0.09638125,0.1113275,0.20392,0.28547125,0.22671750000000002,0.2939858,-0.1673353,-0.053670693,95,21,0,1,2109,5.826995,270.0,0.20799866,-9999,10.263301570441172,0,0.265895692165941,52
-8171076,2026,5.0,37.540595723354805,-119.25135396686649,0.04436499999999999,0.06039749999999999,0.05709750000000002,0.22932999999999998,0.16255999999999998,0.10090500000000002,0.6576506,0.25747865,0.4757637,99,20,0,1,2218,7.2208304,255.19492,0.17919122,-9999,10.263301570441172,0,0.22993918830373636,52
-8169279,2026,5.0,37.5585620290372,-119.25135396686649,0.05414125,0.07120499999999999,0.07174125,0.2354075,0.22950875,0.17862,0.53174347,0.010908578,0.13516124,78,20,0,1,2298,3.884119,197.5035,0.17919122,-9999,6.032100398566172,0,0.22478901641443372,52
-8167483,2026,5.0,37.57652833471958,-119.25135396686649,0.07145249999999997,0.08624749999999998,0.09997,0.19256250000000003,0.254795,0.20386500000000002,0.3165204,-0.13911134,-0.028510887,98,21,0,1,2540,15.5578165,338.48053,0.17919122,-9999,6.032100398566172,0,0.18945454396307468,52
-8302230,2026,5.0,36.2470217142227,-119.26932027254887,0.02291499999999999,0.046042499999999986,0.02979000000000001,0.40093000000000006,0.1581325,0.06851000000000002,0.86198187,0.4352663,0.7087175,100,12,0,1,101,2.7802885,180.0,0.14850476,-9999,22.09391522971532,0,2.02941065767537,52
-8296840,2026,5.0,36.30092063126987,-119.26932027254887,0.056162500000000004,0.11075000000000002,0.10722999999999999,0.4028,0.270415,0.19655,0.5897035,0.19430923,0.34197918,68,4,0,1,110,3.0083146,337.52963,0.14850476,-9999,21.857576604043288,0,18.75052539507548,52
-8273484,2026,5.0,36.534482605140944,-119.26932027254887,0.046097499999999986,0.07538499999999998,0.08289249999999998,0.32244500000000004,0.2366725,0.1545025,0.59053403,0.15340693,0.35211948,80,1,0,1,119,2.486411,291.8878,0.14070992,-9999,21.105681232739528,0,2.0634086656570436,52
-8226772,2026,5.0,37.00160655288309,-119.26932027254887,0.04816000000000001,0.0661175,0.0626525,0.22539750000000003,0.19907999999999998,0.13687500000000002,0.5626018,0.044607166,0.2149335,76,16,0,1,908,8.367816,172.07933,0.153471,-9999,15.769100566576924,0,0.30485240226754773,52
-8224975,2026,5.0,37.01957285856548,-119.26932027254887,0.0473075,0.06292750000000003,0.0563825,0.293735,0.16880250000000002,0.10420499999999999,0.6779224,0.26980045,0.47627783,60,21,0,1,1152,15.968415,154.84192,0.153471,-9999,15.769100566576924,0,0.33953983303159474,52
-8217789,2026,5.0,37.091438081295045,-119.26932027254887,0.04139499999999999,0.05784,0.0562725,0.20994249999999998,0.16751,0.10247250000000002,0.5772402,0.10485149,0.3405755,98,16,0,1,1675,27.114792,198.48505,0.21601163,-9999,12.907604430824222,0,0.27658203112271923,52
-8208806,2026,5.0,37.181269609706995,-119.26932027254887,0.031852500000000006,0.0562725,0.034052499999999986,0.34617749999999997,0.144795,0.06999499999999997,0.8147301,0.41017064,0.66362506,100,21,0,1,1774,28.781755,335.9933,0.21601163,-9999,11.209792770877982,0,0.442695025432234,52
-8203416,2026,5.0,37.235168526754165,-119.26932027254887,0.061580000000000024,0.0784375,0.08522999999999997,0.2098875,0.224765,0.18205749999999998,0.41096097,-0.058182776,0.041341074,98,20,0,1,2356,8.00338,313.69318,0.19672641,-9999,11.209792770877982,0,0.32957609685567707,52
-8201619,2026,5.0,37.25313483243656,-119.26932027254887,0.04997499999999999,0.06202000000000002,0.07736500000000002,0.140395,0.240935,0.22550750000000003,0.2894471,-0.26365614,-0.23260978,100,21,0,1,2422,11.459516,322.9911,0.19672641,-9999,11.55234044392904,0,0.31433434709906577,52
-8199822,2026,5.0,37.27110113811895,-119.26932027254887,0.04711499999999999,0.06644749999999999,0.0706,0.2389825,0.2222075,0.15851749999999998,0.54390186,0.036373295,0.20242767,93,20,0,1,2457,14.220068,320.0453,0.19672641,-9999,11.55234044392904,0,0.2271062134206295,52
-8194432,2026,5.0,37.32500005516612,-119.26932027254887,0.048985,0.07136999999999999,0.07829999999999998,0.2426125,0.20961249999999998,0.14182499999999998,0.5080105,0.07297252,0.26216877,96,14,0,1,1818,11.326015,293.83502,0.19793867,-9999,11.55234044392904,0,0.30228752091837424,52
-8180059,2026,5.0,37.46873050062524,-119.26932027254887,0.04480500000000001,0.0662275,0.060699999999999976,0.2798475,0.18090250000000002,0.12119999999999997,0.6258304,0.2147477,0.3988864,90,20,0,1,2158,11.668186,279.01968,0.20799866,-9999,10.263301570441172,0,0.23376843271156153,52
-8178263,2026,5.0,37.486696806307634,-119.26932027254887,0.06644749999999999,0.0810225,0.09139,0.17565,0.2600475,0.2162125,0.31564766,-0.19353497,-0.10323561,99,20,0,1,2079,8.178505,276.46722,0.20799866,-9999,10.263301570441172,0,0.2164729485369247,52
-8176466,2026,5.0,37.50466311199003,-119.26932027254887,0.046564999999999995,0.0685375,0.06412375000000001,0.26059750000000004,0.18696625,0.11960499999999999,0.60449195,0.16353221,0.36972225,82,20,0,1,2162,1.8543341,180.0,0.20799866,-9999,10.263301570441172,0,0.24019852691950896,52
-8174670,2026,5.0,37.52262941767241,-119.26932027254887,0.06096125000000002,0.07611375000000001,0.08168249999999999,0.18464250000000001,0.24320375,0.19727875,0.38503456,-0.13924426,-0.035711158,95,20,0,1,2135,3.6239903,104.80852,0.20799866,-9999,10.263301570441172,0,0.22455558359312514,52
-8171076,2026,5.0,37.5585620290372,-119.26932027254887,0.050552500000000014,0.07007750000000001,0.06677749999999999,0.25936,0.20470375000000002,0.14065624999999998,0.5890766,0.11625256,0.29503334,91,20,0,1,2263,8.704944,147.75908,0.17919122,-9999,6.032100398566172,0,0.24168350966647267,52
-8280670,2026,5.0,36.480583688093766,-119.28728657823126,0.031962500000000005,0.066915,0.06991249999999999,0.3511275,0.192645,0.10525000000000001,0.6679057,0.29145002,0.53875905,100,10,0,1,106,1.8543341,180.0,0.15035035,-9999,21.105681232739528,0,1.3254332874829953,52
-8226771,2026,5.0,37.01957285856548,-119.28728657823126,0.038122500000000004,0.06801499999999999,0.06259749999999997,0.33204249999999996,0.2088425,0.13165,0.678434,0.22777484,0.44570422,41,20,0,1,1318,9.265743,7.138871,0.12863532,-9999,15.769100566576924,0,0.29180516954511404,52
-8224975,2026,5.0,37.037539164247875,-119.28728657823126,0.041972499999999996,0.05701499999999998,0.05299999999999999,0.2190725,0.15893000000000002,0.11000749999999998,0.61039793,0.15910609,0.3268778,98,17,0,1,1373,0.92740995,-0.0,0.12863532,-9999,15.769100566576924,0,0.31030398324131964,52
-8219585,2026,5.0,37.091438081295045,-119.28728657823126,0.03157750000000001,0.049232499999999985,0.043484999999999996,0.20367249999999998,0.14619749999999998,0.08564250000000001,0.65327543,0.20933871,0.42968524,97,24,0,1,1760,0.92740995,-0.0,0.15298872,-9999,12.907604430824222,0,0.2652359895097713,52
-8217788,2026,5.0,37.10940438697744,-119.28728657823126,0.032759999999999984,0.04689499999999999,0.039525000000000005,0.23920249999999998,0.12411499999999998,0.07359749999999998,0.7120862,0.33752778,0.5459537,95,16,0,1,1688,9.444825,47.064934,0.15298872,-9999,12.907604430824222,0,0.33848064718768,52
-8214195,2026,5.0,37.145336998342216,-119.28728657823126,0.05228499999999997,0.0750825,0.08041749999999998,0.241265,0.2253425,0.1509275,0.50001943,0.03412397,0.23693132,90,17,0,1,1728,18.655506,231.4414,0.15298872,-9999,12.907604430824222,0,0.25227945833466947,52
-8205212,2026,5.0,37.235168526754165,-119.28728657823126,0.0712875,0.10194999999999999,0.10965000000000003,0.23906500000000003,0.23252,0.1943225,0.37111968,0.013878728,0.103239015,89,17,0,1,1844,23.136292,272.17117,0.17168094,-9999,11.209792770877982,0,0.26026509270071985,52
-8203415,2026,5.0,37.25313483243656,-119.28728657823126,0.05544749999999998,0.08401999999999998,0.08916249999999998,0.224215,0.18249749999999998,0.14809499999999998,0.4352509,0.09641434,0.21417199,99,20,0,1,1893,29.61609,300.83624,0.17168094,-9999,11.55234044392904,0,0.24834246413471797,52
-8201618,2026,5.0,37.27110113811895,-119.28728657823126,0.06427499999999997,0.09554249999999997,0.11174,0.312105,0.31581750000000003,0.19660500000000003,0.47273177,-0.0059123538,0.22704488,92,14,0,1,1923,22.100567,233.27548,0.17168094,-9999,11.55234044392904,0,0.29588186331093314,52
-8199822,2026,5.0,37.289067443801336,-119.28728657823126,0.053495000000000015,0.0749725,0.07387250000000001,0.22768,0.210575,0.15615250000000003,0.5118445,0.04131674,0.20115273,99,20,0,1,2064,13.950789,335.82455,0.18465747,-9999,11.55234044392904,0,0.2845312097730736,52
-8181855,2026,5.0,37.46873050062524,-119.28728657823126,0.07002249999999999,0.09172000000000002,0.10549750000000002,0.23939500000000002,0.29139750000000003,0.2545475,0.38184875,-0.1109151,-0.030676648,73,20,0,1,2141,6.107103,107.613266,0.20709796,-9999,10.263301570441172,0,0.23825527038813257,52
-8174669,2026,5.0,37.540595723354805,-119.28728657823126,0.05932499999999999,0.08917625000000001,0.10866,0.19667375,0.25710500000000003,0.20766,0.28772494,-0.13368201,-0.02770772,44,21,0,1,2179,5.828396,90.0,0.18734814,-9999,10.263301570441172,0,0.294683573457102,52
-8228568,2026,5.0,37.01957285856548,-119.30525288391365,0.04089999999999999,0.05819750000000001,0.0473075,0.2549875,0.15959,0.09595500000000001,0.681065,0.23133293,0.4531583,62,20,0,1,1001,16.278107,213.74199,0.12863532,-9999,15.769100566576924,0,0.3446756859123707,52
-8226772,2026,5.0,37.037539164247875,-119.30525288391365,0.037654999999999994,0.06328499999999998,0.050112500000000004,0.333995,0.15725250000000002,0.08822750000000001,0.7390704,0.359783,0.5788265,95,20,0,1,1390,13.70625,266.19427,0.12863532,-9999,15.769100566576924,0,0.2919754684716463,52
-8223178,2026,5.0,37.07347177561265,-119.30525288391365,0.06867499999999999,0.091775,0.1046725,0.2775925,0.2863375,0.20177499999999998,0.45235634,-0.018951777,0.14547893,86,17,0,1,1767,10.096576,180.0,0.15298872,-9999,12.907604430824222,0,0.7132507939636707,52
-8215992,2026,5.0,37.145336998342216,-119.30525288391365,0.06378,0.08624749999999998,0.09364499999999998,0.29093,0.26684,0.20249,0.48668152,0.015663786,0.16678858,56,16,0,1,1626,18.458536,194.08516,0.15298872,-9999,12.907604430824222,0,0.5755509413623562,52
-8214195,2026,5.0,37.16330330402461,-119.30525288391365,0.09543249999999998,0.1311,0.153045,0.3094925,0.35217250000000005,0.2857325,0.33642837,-0.06354888,0.028365912,52,16,0,1,1729,25.162025,145.79593,0.15298872,-9999,11.209792770877982,0,0.25402411818504333,52
-8212399,2026,5.0,37.181269609706995,-119.30525288391365,0.032759999999999984,0.06411,0.04934250000000001,0.295495,0.15871000000000002,0.0931225,0.7138217,0.30115256,0.52074987,99,21,0,1,1638,26.032503,311.517,0.15298872,-9999,11.209792770877982,0,0.31956707179546356,52
-8208805,2026,5.0,37.21720222107178,-119.30525288391365,0.03495999999999999,0.049287499999999984,0.039992499999999986,0.24129250000000002,0.1358025,0.07851999999999998,0.7068455,0.2990056,0.5176302,41,20,0,1,1181,21.53481,258.16406,0.17168094,-9999,11.209792770877982,0,0.31567857041954994,52
-8207009,2026,5.0,37.235168526754165,-119.30525288391365,0.048490000000000005,0.06983,0.06952750000000002,0.2644475,0.21448,0.1317875,0.5907095,0.11937226,0.33480132,91,23,0,1,1576,19.87966,302.4942,0.17168094,-9999,11.209792770877982,0,0.2540407200964789,52
-8205212,2026,5.0,37.25313483243656,-119.30525288391365,0.031659999999999994,0.05759249999999999,0.045905,0.21753250000000002,0.15590500000000002,0.10156500000000002,0.6514923,0.15772952,0.3634234,100,21,0,1,1314,37.04852,313.3309,0.17168094,-9999,11.55234044392904,0,0.24629801519862984,52
-8203415,2026,5.0,37.27110113811895,-119.30525288391365,0.061002500000000015,0.0844875,0.0869625,0.22877999999999998,0.19415749999999998,0.14347500000000002,0.44643477,0.08186198,0.22915743,73,21,0,1,1455,44.735245,4.710644,0.17168094,-9999,11.55234044392904,0,0.22487496018099287,52
-8201619,2026,5.0,37.289067443801336,-119.30525288391365,0.08096750000000003,0.10998000000000002,0.12144749999999999,0.270855,0.23846,0.1773,0.37583506,0.048666634,0.20210394,98,21,0,1,1606,24.556608,290.74933,0.18465747,-9999,11.55234044392904,0,0.27445583596177725,52
-8199822,2026,5.0,37.30703374948373,-119.30525288391365,0.04890249999999999,0.07986749999999998,0.07032499999999997,0.31507500000000005,0.1937175,0.121035,0.63505447,0.2506202,0.44265935,85,14,0,1,1556,10.092591,316.68274,0.18465747,-9999,11.55234044392904,0,0.38570921573167044,52
-8187246,2026,5.0,37.43279788926046,-119.30525288391365,0.06614500000000001,0.08875,0.10002499999999998,0.20722000000000002,0.2701675,0.2096675,0.33726928,-0.12567292,-0.004348519,91,21,0,1,2009,14.9486,276.96497,0.20781532,-9999,11.981235143189792,0,0.27814058925956486,52
-8185449,2026,5.0,37.450764194942856,-119.30525288391365,0.0475825,0.06961,0.06323000000000001,0.267445,0.19655,0.12747000000000003,0.6175701,0.1666991,0.38114488,45,21,0,1,2108,23.547068,79.29635,0.20709796,-9999,10.263301570441172,0,0.2645421836238641,52
-8183652,2026,5.0,37.46873050062524,-119.30525288391365,0.0628725,0.08913500000000002,0.09254499999999999,0.26849,0.22943999999999998,0.17070000000000002,0.47264063,0.048712254,0.19673282,87,20,0,1,2169,3.5014048,90.0,0.20709796,-9999,10.263301570441172,0,0.32193080501423943,52
-8181856,2026,5.0,37.486696806307634,-119.30525288391365,0.066805,0.079895,0.0882,0.16432000000000002,0.248415,0.21406750000000002,0.30144146,-0.24912526,-0.17320152,98,20,0,1,2124,5.794146,37.094795,0.20709796,-9999,10.263301570441172,0,0.1851945225894451,52
-8178263,2026,5.0,37.52262941767241,-119.30525288391365,0.05839,0.07607249999999999,0.07816250000000002,0.268105,0.23268500000000003,0.16242250000000003,0.56219,0.07800948,0.2646061,87,20,0,1,2241,8.368907,187.97496,0.20709796,-9999,10.263301570441172,0,0.22471377610539398,52
-8296840,2026,5.0,36.35481954831704,-119.32321918959605,0.07665,0.1230425,0.1424025,0.251385,0.2198425,0.18566,0.28471726,0.07572891,0.14899158,62,5,0,1,101,1.1514931,90.0,0.15060572,-9999,21.456025654782536,0,22.682877620061237,52
-8278873,2026,5.0,36.534482605140944,-119.32321918959605,0.03146750000000001,0.06251499999999999,0.05462250000000002,0.35418,0.2073025,0.11993500000000001,0.7327683,0.2589374,0.49540237,95,11,0,1,112,0.0,-0.0,0.14793111,-9999,21.105681232739528,0,2.047953038215637,52
-8226771,2026,5.0,37.05550546993026,-119.32321918959605,0.07249749999999999,0.091005,0.09584500000000001,0.23626000000000003,0.248305,0.1909675,0.41100237,-0.024857346,0.106014945,73,20,0,1,1638,17.205847,152.70796,0.15298872,-9999,12.907604430824222,0,0.5123647552413436,52
-8219584,2026,5.0,37.127370692659824,-119.32321918959605,0.0802525,0.09969499999999998,0.12007250000000003,0.2774275,0.297475,0.23648000000000002,0.3938813,-0.043170262,0.07085142,89,16,0,1,1933,19.042433,90.0,0.15298872,-9999,12.907604430824222,0,0.31533563636243345,52
-8217788,2026,5.0,37.145336998342216,-119.32321918959605,0.06564999999999999,0.08902500000000002,0.10282999999999998,0.2619725,0.265575,0.20119750000000003,0.4204485,-0.019050026,0.11571427,73,20,0,1,1705,22.413376,110.68539,0.15298872,-9999,12.907604430824222,0,0.2995835079997778,52
-8215991,2026,5.0,37.16330330402461,-119.32321918959605,0.05932500000000002,0.07995000000000002,0.08833750000000001,0.24580249999999998,0.20227,0.14914,0.47125456,0.0938149,0.23661816,95,20,0,1,1490,26.101385,264.31128,0.15298872,-9999,11.209792770877982,0,0.3279312008526176,52
-8214195,2026,5.0,37.181269609706995,-119.32321918959605,0.0354825,0.06652999999999998,0.052559999999999996,0.32659750000000004,0.15464,0.08644000000000002,0.72275376,0.35062388,0.58144236,98,20,0,1,1411,14.937908,303.0991,0.15298872,-9999,11.209792770877982,0,0.2858677545189858,52
-8212398,2026,5.0,37.19923591538939,-119.32321918959605,0.04716999999999999,0.06961,0.06405499999999997,0.3034425,0.18942750000000003,0.114655,0.648054,0.23132874,0.4542826,53,20,0,1,1009,19.042341,62.030544,0.15298872,-9999,11.209792770877982,0,0.455072815141951,52
-8208805,2026,5.0,37.235168526754165,-119.32321918959605,0.034629999999999994,0.06771250000000001,0.06083749999999999,0.2368925,0.168555,0.12053999999999998,0.5913243,0.16854833,0.32589808,64,14,0,1,1078,44.098118,292.59586,0.17168094,-9999,11.209792770877982,0,0.32912959282596904,52
-8207008,2026,5.0,37.25313483243656,-119.32321918959605,0.06999499999999997,0.09933750000000002,0.09920000000000001,0.295275,0.2603225,0.18956499999999998,0.4914157,0.06290975,0.2212991,34,15,0,1,806,29.817467,96.487236,0.17168094,-9999,11.55234044392904,0,0.29466602167425054,52
-8205211,2026,5.0,37.27110113811895,-119.32321918959605,0.04362250000000001,0.067905,0.058142499999999986,0.30479000000000006,0.183185,0.11581000000000002,0.6776083,0.24920334,0.4493105,51,14,0,1,919,19.88591,237.51822,0.17168094,-9999,11.55234044392904,0,0.1962428512406009,52
-8203415,2026,5.0,37.289067443801336,-119.32321918959605,0.05720750000000002,0.0896575,0.08701750000000003,0.24120999999999998,0.1893725,0.13250250000000002,0.48060882,0.13415861,0.2793311,87,20,0,1,1052,24.609995,282.24225,0.18465747,-9999,11.55234044392904,0,0.2338608952704817,52
-8201618,2026,5.0,37.30703374948373,-119.32321918959605,0.0385075,0.061085,0.054237499999999994,0.29225,0.1721025,0.10613,0.6869295,0.24759524,0.4671921,95,21,0,1,1239,30.65928,310.9485,0.18465747,-9999,11.55234044392904,0,0.24372944608330727,52
-8190838,2026,5.0,37.41483158357807,-119.32321918959605,0.06380750000000002,0.08902500000000002,0.0987325,0.2708,0.2686825,0.20870500000000003,0.45971194,0.0023921563,0.12949812,53,20,0,1,1558,2.9798439,128.45856,0.20781532,-9999,11.981235143189792,0,0.29547058551439215,52
-8185448,2026,5.0,37.46873050062524,-119.32321918959605,0.09254499999999999,0.11035125000000001,0.12872125,0.19272750000000002,0.307925,0.2853475,0.19862863,-0.23073795,-0.19440041,46,21,0,1,2076,7.882452,117.88432,0.20709796,-9999,10.263301570441172,0,0.21252736248649085,52
-8230365,2026,5.0,37.037539164247875,-119.34118549527844,0.046345,0.06356,0.06050749999999999,0.2787475,0.18896000000000002,0.1205675,0.6432919,0.19120318,0.39612836,53,20,0,1,1169,14.359744,198.47281,0.12863532,-9999,15.769100566576924,0,1.5479972368727128,52
-8228568,2026,5.0,37.05550546993026,-119.34118549527844,0.043292499999999984,0.06963750000000002,0.05770249999999999,0.348845,0.1983375,0.1134175,0.716134,0.27505904,0.509294,93,16,0,1,1591,12.965343,169.85112,0.15298872,-9999,12.907604430824222,0,0.3894345968102033,52
-8224975,2026,5.0,37.091438081295045,-119.34118549527844,0.04491500000000001,0.06509999999999999,0.06050749999999999,0.28378000000000003,0.18799749999999998,0.1113825,0.6542437,0.23824744,0.45162508,94,20,0,1,1406,19.682638,329.29684,0.15298872,-9999,12.907604430824222,0,0.37736309729516504,52
-8223178,2026,5.0,37.10940438697744,-119.34118549527844,0.05071749999999997,0.07211250000000002,0.06466,0.31458,0.1890425,0.11693750000000003,0.6540115,0.24790867,0.4569032,96,20,0,1,1524,24.286697,261.74976,0.15298872,-9999,12.907604430824222,0,0.3249602745473385,52
-8221381,2026,5.0,37.127370692659824,-119.34118549527844,0.030725000000000002,0.0563825,0.03685749999999999,0.34417000000000003,0.1439975,0.07175500000000001,0.80653626,0.4100488,0.6549618,99,21,0,1,1595,19.182205,310.6503,0.15298872,-9999,12.907604430824222,0,0.3763615304976702,52
-8219585,2026,5.0,37.145336998342216,-119.34118549527844,0.05575000000000002,0.07794250000000003,0.08822750000000001,0.2681875,0.24462,0.17958249999999998,0.504917,0.0457531,0.19913258,98,17,0,1,1681,11.453751,323.03043,0.15298872,-9999,12.907604430824222,0,0.3105592887476087,52
-8217788,2026,5.0,37.16330330402461,-119.34118549527844,0.05764750000000002,0.08022499999999999,0.08556000000000002,0.2829,0.22594750000000002,0.16099249999999998,0.5355805,0.10603749,0.2608496,39,16,0,1,1276,8.323643,236.41197,0.15298872,-9999,11.209792770877982,0,0.3109353391826153,52
-8215992,2026,5.0,37.181269609706995,-119.34118549527844,0.0475825,0.06477,0.06339499999999998,0.1564275,0.13552750000000002,0.10722999999999999,0.42624426,0.09385575,0.21144876,98,21,0,1,1164,38.753773,297.63498,0.15298872,-9999,11.209792770877982,0,0.3032852504216135,52
-8208805,2026,5.0,37.25313483243656,-119.34118549527844,0.04901249999999999,0.07120500000000002,0.07640249999999998,0.30660499999999996,0.2227575,0.13723249999999998,0.6010392,0.15048277,0.38160926,88,14,0,1,1496,13.110001,253.85725,0.17168094,-9999,11.55234044392904,0,0.2870368839552005,52
-8207008,2026,5.0,37.27110113811895,-119.34118549527844,0.052779999999999994,0.0870725,0.07579750000000002,0.386685,0.229715,0.1431175,0.672086,0.23440136,0.4593785,71,14,0,1,1193,31.08415,57.518227,0.17168094,-9999,11.55234044392904,0,0.231085411556389,52
-8201618,2026,5.0,37.32500005516612,-119.34118549527844,0.0781075,0.11658000000000002,0.1235925,0.34584750000000003,0.282515,0.21533249999999998,0.47378618,0.10078975,0.23257244,33,16,0,1,1134,17.409964,168.76956,0.18465747,-9999,11.55234044392904,0,0.3515371435135603,52
-8196229,2026,5.0,37.37889897221329,-119.34118549527844,0.055255,0.07125999999999999,0.08179249999999999,0.2098875,0.22707500000000003,0.16773,0.4391628,-0.03933404,0.114806995,84,17,0,1,1460,10.32265,231.5281,0.20781532,-9999,11.981235143189792,0,0.28253305665705175,52
-8194432,2026,5.0,37.39686527789568,-119.34118549527844,0.055584999999999996,0.07084750000000001,0.08787,0.222675,0.23422500000000002,0.17125,0.4340917,-0.025279054,0.13054515,73,17,0,1,1545,9.313477,299.57327,0.20781532,-9999,11.981235143189792,0,0.27099653028629045,52
-8190839,2026,5.0,37.43279788926046,-119.34118549527844,0.07634750000000001,0.0988425,0.1082475,0.23395,0.26915,0.22495749999999998,0.36415982,-0.07982458,0.013823886,87,17,0,1,1801,9.266519,187.17772,0.20781532,-9999,11.981235143189792,0,0.3190500153147656,52
-8187245,2026,5.0,37.46873050062524,-119.34118549527844,0.07308875000000001,0.09477250000000001,0.09968125000000003,0.23066375,0.22774875,0.18512375,0.39582524,0.0055461745,0.108632185,57,20,0,1,2160,23.895567,255.18126,0.20709796,-9999,10.263301570441172,0,0.25891496473923326,52
-8287857,2026,5.0,36.480583688093766,-119.35915180096083,0.06875749999999997,0.09980499999999998,0.13704,0.2553725,0.3762075,0.274045,0.3015513,-0.16113874,-0.035269897,95,2,0,1,98,2.4849231,248.09842,0.15035035,-9999,21.557417518861882,0,1.02631298661232,52
-8284264,2026,5.0,36.51651629945855,-119.35915180096083,0.07546750000000002,0.11154750000000002,0.144355,0.2095575,0.29263500000000003,0.26450250000000003,0.17971042,-0.18430158,-0.13506381,56,5,0,1,105,1.4802346,128.78827,0.14793111,-9999,21.557417518861882,0,1.7519528315617487,52
-8233958,2026,5.0,37.01957285856548,-119.35915180096083,0.034932500000000005,0.053495000000000015,0.04037750000000001,0.3258275,0.17405500000000002,0.08847500000000003,0.7794814,0.29492724,0.5728966,82,21,0,1,947,18.972908,32.05595,0.12863532,-9999,17.13499910908365,0,0.39748691201496583,52
-8230365,2026,5.0,37.05550546993026,-119.35915180096083,0.04334750000000001,0.0632025,0.050470000000000015,0.31271,0.1515875,0.08869500000000002,0.7171254,0.34702426,0.5590385,91,20,0,1,1299,22.422796,236.68633,0.15298872,-9999,15.394452339090321,0,0.5042631303031857,52
-8228568,2026,5.0,37.07347177561265,-119.35915180096083,0.0322925,0.06752000000000002,0.043182499999999985,0.40599,0.16096500000000002,0.07590750000000002,0.8077242,0.41993216,0.66686934,96,20,0,1,1425,22.849136,2.7598407,0.15298872,-9999,15.394452339090321,0,0.4256963911652565,52
-8226772,2026,5.0,37.091438081295045,-119.35915180096083,0.04386999999999999,0.0651275,0.06372499999999998,0.28545750000000003,0.17710750000000003,0.11559000000000003,0.63537794,0.22493237,0.42407295,76,20,0,1,1215,9.44364,227.05812,0.15298872,-9999,15.394452339090321,0,0.277197418063879,52
-8224975,2026,5.0,37.10940438697744,-119.35915180096083,0.05245,0.07018750000000001,0.06884000000000001,0.2364525,0.19916250000000002,0.133795,0.5447473,0.08560311,0.27726725,63,21,0,1,1143,16.298084,316.03314,0.15298872,-9999,15.394452339090321,0,0.3116820129007101,52
-8223178,2026,5.0,37.127370692659824,-119.35915180096083,0.03919500000000001,0.05979249999999997,0.05305500000000002,0.2961825,0.1584625,0.09350750000000002,0.69616663,0.2955401,0.5200929,85,20,0,1,1079,14.891533,276.99304,0.15298872,-9999,15.394452339090321,0,0.5319272026133078,52
-8221382,2026,5.0,37.145336998342216,-119.35915180096083,0.037105,0.06356,0.05792249999999999,0.30553250000000004,0.1787025,0.10887999999999998,0.68126726,0.2492338,0.45462298,45,20,0,1,1230,12.719836,261.75363,0.15298872,-9999,15.394452339090321,0,0.37449111008586794,52
-8217789,2026,5.0,37.181269609706995,-119.35915180096083,0.032759999999999984,0.04321,0.03309000000000001,0.16995749999999998,0.11817499999999997,0.07246999999999998,0.6942728,0.21606277,0.43349066,60,21,0,1,604,40.80893,306.86487,0.15298872,-9999,13.956054531630684,0,0.2810166932269931,52
-8212399,2026,5.0,37.235168526754165,-119.35915180096083,0.05437500000000001,0.07010499999999997,0.07169999999999999,0.2261125,0.2394775,0.16212,0.5125694,0.005140934,0.1799591,45,20,0,1,1287,7.7298913,17.432657,0.17168094,-9999,13.956054531630684,0,0.2340696260333061,52
-8210602,2026,5.0,37.25313483243656,-119.35915180096083,0.05904999999999999,0.08765,0.08655000000000002,0.2833125,0.229605,0.15750000000000003,0.53198826,0.12119275,0.2850898,82,14,0,1,1483,21.436335,218.43098,0.17168094,-9999,12.740425856395461,0,0.430939466226846,52
-8208805,2026,5.0,37.27110113811895,-119.35915180096083,0.050634999999999986,0.07612750000000001,0.06853749999999997,0.2909025,0.204525,0.1309075,0.59960055,0.1637177,0.3778507,90,14,0,1,1400,12.9276,45.151554,0.17168094,-9999,12.740425856395461,0,0.2524520670995116,52
-8207009,2026,5.0,37.289067443801336,-119.35915180096083,0.06295499999999998,0.085395,0.09001500000000001,0.28576,0.2695075,0.18167250000000001,0.52091014,0.031005759,0.22267921,90,14,0,1,1328,14.842438,93.50209,0.18465747,-9999,12.740425856395461,0,0.23695746343582869,52
-8205212,2026,5.0,37.30703374948373,-119.35915180096083,0.040982500000000005,0.072965,0.06444,0.34510500000000005,0.19784249999999998,0.10973250000000001,0.6853093,0.2709224,0.517487,91,14,0,1,1664,16.41321,243.91931,0.18465747,-9999,12.740425856395461,0,0.22693987957851883,52
-8203415,2026,5.0,37.32500005516612,-119.35915180096083,0.07087500000000002,0.09688999999999998,0.10772500000000002,0.27432,0.2588925,0.19740249999999998,0.4360612,0.029357824,0.16305667,83,16,0,1,1540,18.311031,21.658773,0.18465747,-9999,12.740425856395461,0,0.33413897128775716,52
-8201619,2026,5.0,37.34296636084851,-119.35915180096083,0.10307749999999999,0.14353,0.16366000000000003,0.30358,0.29698,0.23738750000000003,0.31205305,0.024876356,0.13601871,45,15,0,1,1519,27.54968,15.855972,0.18465747,-9999,12.740425856395461,0,0.3015129948407412,52
-8198026,2026,5.0,37.37889897221329,-119.35915180096083,0.066805,0.08770499999999998,0.09664250000000002,0.2557575,0.2441525,0.193635,0.45823207,0.007856717,0.11987083,32,20,0,1,1347,8.149252,205.2633,0.20781532,-9999,11.156877259285238,0,0.2041480480895742,52
-8196229,2026,5.0,37.39686527789568,-119.35915180096083,0.067575,0.08567000000000002,0.10087750000000001,0.2088975,0.27135,0.200785,0.3487047,-0.13107523,0.018981129,40,21,0,1,1530,7.2079887,255.16765,0.20781532,-9999,11.156877259285238,0,0.2582663385352741,52
-8189042,2026,5.0,37.46873050062524,-119.35915180096083,0.07513750000000002,0.09578999999999999,0.10035499999999997,0.20735750000000003,0.229165,0.18571500000000002,0.31229466,-0.049957335,0.055059817,99,21,0,1,2043,22.193747,315.57993,0.20709796,-9999,8.752640763149486,0,0.19469979376747057,52
-8187246,2026,5.0,37.486696806307634,-119.35915180096083,0.0567675,0.07036624999999999,0.075825,0.19798000000000002,0.21339375,0.16433375,0.44488811,-0.040315654,0.089980066,96,21,0,1,2198,6.464861,-0.0,0.20709796,-9999,8.752640763149486,0,0.20908301178779867,52
-8233958,2026,5.0,37.037539164247875,-119.37711810664322,0.04939750000000001,0.067795,0.07016,0.290325,0.205625,0.127855,0.6210947,0.18692355,0.4003324,53,21,0,1,1032,13.674366,246.47148,0.12863532,-9999,17.13499910908365,0,0.4441778055893687,52
-8232161,2026,5.0,37.05550546993026,-119.37711810664322,0.043842500000000006,0.0630925,0.056327499999999975,0.2979975,0.1740275,0.10965000000000003,0.6838285,0.26024362,0.46114808,79,20,0,1,1246,19.719414,186.49876,0.15298872,-9999,15.394452339090321,0,0.7909154606362184,52
-8230364,2026,5.0,37.07347177561265,-119.37711810664322,0.05014000000000002,0.067135,0.06919750000000002,0.253365,0.20881500000000003,0.13005499999999998,0.55579376,0.07744053,0.31000006,60,20,0,1,1131,10.749892,39.880905,0.15298872,-9999,15.394452339090321,0,0.3242906934767962,52
-8224974,2026,5.0,37.127370692659824,-119.37711810664322,0.05154249999999999,0.06952750000000002,0.07016,0.23153,0.204745,0.14776499999999998,0.5348868,0.056997422,0.22084394,44,20,0,1,936,11.791727,283.4518,0.15298872,-9999,15.394452339090321,0,0.49409824782223616,52
-8219585,2026,5.0,37.181269609706995,-119.37711810664322,0.04983750000000001,0.0742025,0.06774000000000002,0.30149,0.1967425,0.1315675,0.6330742,0.20647088,0.3923786,41,20,0,1,1161,11.585478,29.70538,0.15298872,-9999,13.956054531630684,0,0.2644981035590172,52
-8217788,2026,5.0,37.19923591538939,-119.37711810664322,0.046152499999999985,0.0661175,0.05740000000000001,0.30355250000000006,0.18010500000000002,0.11757000000000001,0.6819526,0.24713974,0.44163516,45,20,0,1,1169,17.003822,32.117146,0.15298872,-9999,13.956054531630684,0,0.2652774105221033,52
-8215991,2026,5.0,37.21720222107178,-119.37711810664322,0.05151499999999998,0.07257999999999998,0.072635,0.28210250000000003,0.2022425,0.1448775,0.59048593,0.15389083,0.3213851,87,20,0,1,1284,9.475598,165.90195,0.17168094,-9999,13.956054531630684,0,0.3592696203074108,52
-8214195,2026,5.0,37.235168526754165,-119.37711810664322,0.04403499999999999,0.07332250000000001,0.05858249999999998,0.387125,0.20738499999999999,0.11143750000000002,0.7371258,0.30265176,0.54567426,83,20,0,1,1458,23.833853,75.13707,0.17168094,-9999,13.956054531630684,0,0.310841112708052,52
-8212398,2026,5.0,37.25313483243656,-119.37711810664322,0.054595000000000005,0.0809125,0.07758500000000002,0.31139,0.24838749999999998,0.16118500000000002,0.6008251,0.112549186,0.31211713,86,16,0,1,1519,13.155077,154.21,0.17168094,-9999,12.740425856395461,0,0.32327893407394487,52
-8210601,2026,5.0,37.27110113811895,-119.37711810664322,0.05517250000000001,0.08105000000000001,0.08138000000000001,0.28708,0.25881,0.17509999999999998,0.5491081,0.050675474,0.233188,83,16,0,1,1690,9.473781,209.18346,0.17168094,-9999,12.740425856395461,0,0.266094120258155,52
-8208805,2026,5.0,37.289067443801336,-119.37711810664322,0.050470000000000015,0.0904275,0.0740925,0.41792500000000005,0.22828500000000002,0.12824000000000002,0.69882166,0.29346496,0.5303983,87,14,0,1,1501,16.80315,61.1543,0.18465747,-9999,12.740425856395461,0,0.2946704152971506,52
-8207008,2026,5.0,37.30703374948373,-119.37711810664322,0.05913249999999998,0.08503749999999999,0.0834975,0.31964,0.2560325,0.164815,0.5793104,0.108744666,0.3035291,76,16,0,1,1459,17.600426,144.73238,0.18465747,-9999,12.740425856395461,0,0.2753398287016898,52
-8205211,2026,5.0,37.32500005516612,-119.37711810664322,0.046867500000000006,0.0751925,0.06641999999999998,0.33182249999999996,0.2112075,0.1315675,0.6664344,0.1834493,0.4053251,93,14,0,1,1779,28.615685,63.572365,0.18465747,-9999,12.740425856395461,0,0.278252325564002,52
-8203415,2026,5.0,37.34296636084851,-119.37711810664322,0.05882999999999999,0.0810225,0.0816,0.26719750000000003,0.228615,0.1526325,0.52786165,0.075252265,0.26466998,82,21,0,1,1584,7.410353,51.51467,0.18465747,-9999,12.740425856395461,0,0.2841983661831667,52
-8201618,2026,5.0,37.3609326665309,-119.37711810664322,0.07109500000000002,0.09491,0.10679,0.2758875,0.27201000000000003,0.2003725,0.4428897,0.0075994814,0.15568891,33,20,0,1,1302,17.69643,56.077366,0.18465747,-9999,11.156877259285238,0,0.23956354826688767,52
-8198025,2026,5.0,37.39686527789568,-119.37711810664322,0.058445,0.07747500000000002,0.09053749999999999,0.22799625,0.2423925,0.17415125,0.43196955,-0.031100573,0.13321966,74,23,0,1,1590,3.0146866,157.2381,0.20781532,-9999,11.156877259285238,0,0.27453582818903355,52
-8192635,2026,5.0,37.450764194942856,-119.37711810664322,0.07695249999999998,0.1048925,0.12815749999999998,0.2417875,0.34749749999999996,0.2932675,0.30715376,-0.17147684,-0.093934216,75,16,0,1,1640,3.883614,162.52022,0.20709796,-9999,8.752640763149486,0,0.3335566511005163,52
-8190838,2026,5.0,37.46873050062524,-119.37711810664322,0.06169000000000002,0.08412999999999998,0.09050999999999998,0.289665,0.264585,0.19638499999999998,0.51508445,0.035338685,0.19395073,73,20,0,1,1760,13.21062,195.10898,0.20709796,-9999,8.752640763149486,0,0.269908824043038,52
-8189042,2026,5.0,37.486696806307634,-119.37711810664322,0.05185875000000001,0.07170000000000001,0.06797375,0.28059,0.2087325,0.13754875,0.6094891,0.14614192,0.34124833,85,21,0,1,2014,10.663358,161.03189,0.20709796,-9999,8.752640763149486,0,0.2772385919839144,52
-8079447,2026,5.0,38.58264145293345,-119.37711810664322,0.06050749999999999,0.08802125000000002,0.10621250000000002,0.22218,0.2458575,0.19296125,0.35132685,-0.05049778,0.07308522,45,6,0,1,2275,8.247968,270.0,0.10664168,-9999,12.27561623357957,0,0.21651265761730346,52
-8233958,2026,5.0,37.05550546993026,-119.3950844123256,0.05544749999999998,0.07335000000000003,0.07167249999999997,0.26893,0.20400250000000003,0.13712249999999998,0.57723266,0.13728704,0.31986946,97,20,0,1,1291,17.582151,144.82222,0.15298872,-9999,15.394452339090321,0,0.3222030632011592,52
-8232161,2026,5.0,37.07347177561265,-119.3950844123256,0.05437500000000001,0.07590750000000002,0.0751925,0.267885,0.21954,0.14347500000000002,0.5453472,0.09918449,0.28784323,60,19,0,1,1158,10.066775,325.1504,0.15298872,-9999,15.394452339090321,0,0.4021520605683327,52
-8230365,2026,5.0,37.091438081295045,-119.3950844123256,0.05143249999999999,0.07005,0.08204,0.26816,0.228615,0.146995,0.53146774,0.07254726,0.28520647,51,20,0,1,1132,12.615847,85.85241,0.15298872,-9999,15.394452339090321,0,0.3469554272294044,52
-8226771,2026,5.0,37.127370692659824,-119.3950844123256,0.04334750000000001,0.06488,0.0598475,0.272285,0.17474250000000002,0.11393999999999999,0.6396167,0.21548115,0.40998122,39,20,0,1,1001,12.174862,325.62283,0.15298872,-9999,15.394452339090321,0,0.3045345303416252,52
-8221382,2026,5.0,37.181269609706995,-119.3950844123256,0.053495000000000015,0.073845,0.07412000000000002,0.24558249999999998,0.21016250000000003,0.14881,0.53771067,0.07876039,0.24537104,39,20,0,1,1157,16.305136,223.99399,0.15298872,-9999,13.956054531630684,0,0.28380225867033004,52
-8219585,2026,5.0,37.19923591538939,-119.3950844123256,0.043842500000000006,0.06383499999999998,0.05124000000000001,0.29181,0.182525,0.10527750000000002,0.69126064,0.22820047,0.46151662,86,20,0,1,1320,11.937682,5.516044,0.15298872,-9999,13.956054531630684,0,0.23005338246002793,52
-8217788,2026,5.0,37.21720222107178,-119.3950844123256,0.04683999999999999,0.07717249999999998,0.07125999999999999,0.34318,0.2320525,0.1473525,0.6541386,0.1875665,0.39733404,100,20,0,1,1434,26.41601,155.84492,0.17168094,-9999,13.956054531630684,0,0.3420599401773264,52
-8215992,2026,5.0,37.235168526754165,-119.3950844123256,0.04235749999999999,0.06581500000000001,0.0506625,0.3459575,0.182195,0.10497499999999998,0.7445288,0.3100667,0.5344092,97,20,0,1,1774,23.360573,53.15477,0.17168094,-9999,13.956054531630684,0,0.2937855475271742,52
-8214195,2026,5.0,37.25313483243656,-119.3950844123256,0.04216500000000001,0.06581500000000001,0.05305500000000002,0.31155499999999997,0.168775,0.0984025,0.70949244,0.29725397,0.51993805,100,20,0,1,1698,10.893423,312.29214,0.17168094,-9999,12.740425856395461,0,0.29727146233199164,52
-8212398,2026,5.0,37.27110113811895,-119.3950844123256,0.04299,0.06630999999999998,0.05577749999999998,0.34147500000000003,0.16310999999999998,0.09227000000000002,0.7249152,0.3534885,0.578847,99,20,0,1,1857,9.421003,258.74823,0.17168094,-9999,12.740425856395461,0,0.2739145029336214,52
-8210602,2026,5.0,37.289067443801336,-119.3950844123256,0.0413125,0.0681525,0.0507725,0.3576175,0.18412,0.10549750000000002,0.7380518,0.3237917,0.5444004,98,20,0,1,1834,17.328382,51.49456,0.18465747,-9999,12.740425856395461,0,0.29070371195673944,52
-8208805,2026,5.0,37.30703374948373,-119.3950844123256,0.05214750000000001,0.07483499999999998,0.06520999999999999,0.30107750000000005,0.19885999999999998,0.12342750000000002,0.64394087,0.20446056,0.41848743,98,20,0,1,1652,20.281094,82.44852,0.18465747,-9999,12.740425856395461,0,0.3361908975057304,52
-8205212,2026,5.0,37.34296636084851,-119.3950844123256,0.10624,0.14166,0.1661625,0.290545,0.319475,0.259305,0.26632234,-0.07128873,0.030635513,61,21,0,1,1850,31.923597,33.751797,0.18465747,-9999,12.740425856395461,0,0.2929797232151031,52
-8203415,2026,5.0,37.3609326665309,-119.3950844123256,0.04065250000000001,0.06922499999999998,0.05019499999999999,0.3937525,0.20020749999999998,0.1051125,0.76896703,0.3353686,0.5781623,91,20,0,1,1563,7.411433,51.521385,0.18465747,-9999,11.156877259285238,0,0.26046098336577417,52
-8199822,2026,5.0,37.39686527789568,-119.3950844123256,0.040391250000000004,0.06732749999999998,0.05366,0.34440375,0.17967875,0.10133124999999998,0.73292786,0.3130483,0.5445491,85,20,0,1,1489,8.321152,282.78857,0.20781532,-9999,11.156877259285238,0,0.23481798948099217,52
-8196229,2026,5.0,37.43279788926046,-119.3950844123256,0.049851249999999986,0.06420624999999999,0.0720025,0.179445,0.20211875,0.1393775,0.42750588,-0.05981887,0.12539944,95,23,0,1,1569,6.866853,160.21063,0.20781532,-9999,11.156877259285238,0,0.28047724479498964,52
-8153110,2026,5.0,37.86398922563783,-119.3950844123256,0.03798499999999999,0.053027500000000005,0.06580124999999998,0.14656875,0.16979249999999999,0.12572375000000002,0.38036388,-0.07300726,0.07656626,97,16,0,1,2787,8.158862,25.407875,0.1737792,-9999,5.0087469039424946,0,0.2700914760679007,52
-8233958,2026,5.0,37.07347177561265,-119.413050718008,0.04257749999999999,0.06369750000000002,0.06014999999999998,0.30215,0.19154500000000002,0.1133075,0.66795474,0.21800396,0.45284906,41,16,0,1,1390,16.76849,61.08515,0.15298872,-9999,15.394452339090321,0,0.4842624921494952,52
-8232162,2026,5.0,37.091438081295045,-119.413050718008,0.04506625,0.06456375,0.058403749999999977,0.32849500000000004,0.17939,0.10739499999999999,0.6981408,0.29342785,0.50709194,99,7,0,1,1331,12.324451,68.25604,0.15298872,-9999,15.394452339090321,0,0.3209764711558819,52
-8230365,2026,5.0,37.10940438697744,-119.413050718008,0.04246749999999999,0.061415,0.05071749999999997,0.34298750000000006,0.18808000000000002,0.10624,0.7427352,0.29065764,0.52491385,41,20,0,1,1317,10.350126,167.15668,0.15298872,-9999,15.394452339090321,0,0.30841319806873796,52
-8228568,2026,5.0,37.127370692659824,-119.413050718008,0.041092500000000004,0.05729000000000001,0.053549999999999986,0.2559225,0.16588750000000002,0.09766000000000002,0.65392727,0.21344918,0.4475971,79,16,0,1,1041,15.426313,4.219561,0.15298872,-9999,15.394452339090321,0,0.3026997166126966,52
-8219585,2026,5.0,37.21720222107178,-119.413050718008,0.05624499999999999,0.08267249999999998,0.07769500000000001,0.30193,0.22207,0.1486175,0.58495533,0.15440385,0.34028044,94,20,0,1,1394,6.871631,122.500336,0.17168094,-9999,13.956054531630684,0,0.28801868319511414,52
-8217789,2026,5.0,37.235168526754165,-119.413050718008,0.05118499999999998,0.06831749999999998,0.06314750000000002,0.288125,0.18843749999999998,0.121255,0.6404643,0.20918033,0.4076164,100,20,0,1,1839,4.770484,14.10124,0.17168094,-9999,13.956054531630684,0,0.33760451786936474,52
-8215992,2026,5.0,37.25313483243656,-119.413050718008,0.06796000000000002,0.08476250000000002,0.09331499999999998,0.24627,0.2713775,0.20455250000000003,0.45046192,-0.050872933,0.086241685,94,21,0,1,1921,4.7414684,101.25441,0.17168094,-9999,12.740425856395461,0,0.325036651417613,52
-8214195,2026,5.0,37.27110113811895,-119.413050718008,0.06743749999999998,0.0866325,0.09768749999999998,0.228615,0.27179000000000003,0.2037,0.40124577,-0.086280115,0.0455273,98,21,0,1,2017,4.742557,78.748215,0.17168094,-9999,12.740425856395461,0,0.2915671965836183,52
-8212399,2026,5.0,37.289067443801336,-119.413050718008,0.05151499999999998,0.06710749999999999,0.07670500000000002,0.21181250000000001,0.22721249999999998,0.15772000000000003,0.46187228,-0.045481175,0.13842086,96,17,0,1,2033,11.814978,283.42404,0.18465747,-9999,12.740425856395461,0,0.2962551734596491,52
-8210602,2026,5.0,37.30703374948373,-119.413050718008,0.0533575,0.0682625,0.0709575,0.18761250000000002,0.19787,0.145565,0.45115444,-0.026609508,0.1262015,100,21,0,1,1989,15.7231455,329.59955,0.18465747,-9999,12.740425856395461,0,0.2996382968655477,52
-8208805,2026,5.0,37.32500005516612,-119.413050718008,0.0568225,0.07604499999999997,0.08622000000000002,0.22009,0.24429,0.17958249999999998,0.4386842,-0.06073393,0.080826245,89,21,0,1,1952,6.567456,190.1844,0.18465747,-9999,12.740425856395461,0,0.29381691448390485,52
-8201619,2026,5.0,37.39686527789568,-119.413050718008,0.05451250000000002,0.07134249999999998,0.06796000000000002,0.23994500000000002,0.19776,0.13709500000000002,0.55856514,0.0963777,0.27278274,88,21,0,1,1739,10.431263,275.04453,0.20781532,-9999,11.156877259285238,0,0.286334976941968,52
-8199822,2026,5.0,37.41483158357807,-119.413050718008,0.04453,0.06686,0.06721749999999999,0.23115875,0.20356249999999998,0.136985,0.5482043,0.06220622,0.25427455,98,21,0,1,1771,8.904364,114.411415,0.20781532,-9999,11.156877259285238,0,0.20892096780395755,52
-8196229,2026,5.0,37.450764194942856,-119.413050718008,0.04410375,0.06269374999999999,0.056987499999999996,0.25621125,0.1828825,0.1137475,0.63486767,0.16593954,0.3838475,89,20,0,1,2005,1.8543341,-0.0,0.20709796,-9999,8.752640763149486,0,0.26569814406908476,52
-8194432,2026,5.0,37.46873050062524,-119.413050718008,0.03896125,0.05702874999999999,0.054127499999999995,0.22647,0.16114375,0.10179875,0.6133742,0.16778202,0.37887925,85,21,0,1,2101,15.983256,231.56154,0.20709796,-9999,8.752640763149486,0,0.26493927291952646,52
-8095618,2026,5.0,38.45687731315672,-119.413050718008,0.048022499999999996,0.0709575,0.07829999999999998,0.19182,0.18863000000000002,0.14787499999999998,0.41338977,0.0015284348,0.121827,45,2,0,1,2354,16.975952,251.44804,0.11505979,-9999,8.974160315400809,0,0.15942548942707835,52
-8295043,2026,5.0,36.480583688093766,-119.43101702369039,0.08149,0.1318975,0.15034999999999998,0.3563525,0.34037500000000004,0.26519,0.40723073,0.019632109,0.1386684,95,8,0,1,96,3.0093293,22.517109,0.15035035,-9999,21.557417518861882,0,1.342838330910756,52
-8235754,2026,5.0,37.07347177561265,-119.43101702369039,0.039525000000000005,0.06124999999999997,0.058335000000000026,0.26068,0.19369000000000003,0.1112725,0.645772,0.17327128,0.40110874,62,17,0,1,1380,3.9438124,118.00895,0.15298872,-9999,15.394452339090321,0,0.9916052404791117,52
-8232161,2026,5.0,37.10940438697744,-119.43101702369039,0.0473625,0.06710749999999999,0.06083749999999999,0.25408000000000003,0.18401,0.11426999999999998,0.61168855,0.1564598,0.3581628,64,20,0,1,1266,14.928424,303.12393,0.15298872,-9999,15.394452339090321,0,0.3691251464188099,52
-8223178,2026,5.0,37.19923591538939,-119.43101702369039,0.033007499999999995,0.05261500000000002,0.0412025,0.2773725,0.15109250000000002,0.0830575,0.74798924,0.28325835,0.5420849,87,21,0,1,1151,24.760761,284.22183,0.15298872,-9999,13.956054531630684,0,0.32219311587799054,52
-8221381,2026,5.0,37.21720222107178,-119.43101702369039,0.0473625,0.06776749999999998,0.05992999999999998,0.30809000000000003,0.19190249999999998,0.11572749999999998,0.6711306,0.22886388,0.44674605,94,20,0,1,1382,13.1539345,205.77933,0.17168094,-9999,13.956054531630684,0,0.4077681701630354,52
-8219585,2026,5.0,37.235168526754165,-119.43101702369039,0.05979249999999997,0.0740925,0.0812425,0.21428750000000002,0.22597499999999998,0.16390749999999998,0.4452923,-0.029900549,0.1207291,91,16,0,1,1794,9.6343,253.37646,0.17168094,-9999,13.956054531630684,0,0.3341079948004335,52
-8215991,2026,5.0,37.27110113811895,-119.43101702369039,0.0479125,0.06177250000000001,0.0684825,0.17116750000000003,0.19127,0.13574750000000002,0.42847905,-0.061586384,0.12138019,98,23,0,1,1800,8.368376,172.05144,0.17168094,-9999,12.740425856395461,0,0.3245749940785269,52
-8214195,2026,5.0,37.289067443801336,-119.43101702369039,0.03787499999999999,0.049589999999999995,0.05049749999999997,0.19380000000000003,0.14188,0.09655999999999998,0.5826768,0.14132796,0.33381954,100,23,0,1,1956,11.710717,297.94122,0.18465747,-9999,12.740425856395461,0,0.30300058191642165,52
-8208805,2026,5.0,37.34296636084851,-119.43101702369039,0.06438500000000003,0.08223249999999999,0.09130749999999999,0.259635,0.267115,0.20232499999999998,0.46226725,-0.014611837,0.12405836,90,20,0,1,2183,21.650694,168.16003,0.18465747,-9999,12.740425856395461,0,0.2856020854356197,52
-8205212,2026,5.0,37.37889897221329,-119.43101702369039,0.0893275,0.11218,0.128075,0.24789250000000002,0.30734750000000005,0.24948750000000003,0.2979939,-0.10707982,-0.0032068037,96,21,0,1,2054,24.31941,71.19331,0.20781532,-9999,11.156877259285238,0,0.23374159297404382,52
-8203415,2026,5.0,37.39686527789568,-119.43101702369039,0.053385000000000016,0.07511000000000001,0.07706249999999998,0.25083500000000003,0.21002500000000002,0.1436675,0.5285497,0.061971348,0.24697848,90,21,0,1,1816,22.16051,17.46797,0.20781532,-9999,11.156877259285238,0,0.2987998713552952,52
-8282467,2026,5.0,36.62431413355289,-119.44898332937278,0.043842500000000006,0.08297500000000002,0.07643,0.3908375,0.2275975,0.1360225,0.6649272,0.2602048,0.46915185,85,11,0,1,110,3.010151,202.55487,0.1425601,-9999,21.17665264991024,0,9.829415216445923,52
-8237551,2026,5.0,37.07347177561265,-119.44898332937278,0.038892499999999997,0.056052500000000005,0.04821500000000001,0.2523475,0.156675,0.08918999999999999,0.6825376,0.23983382,0.48254782,66,4,0,1,1040,15.012811,259.56738,0.12999414,-9999,15.394452339090321,0,0.6022751446968565,52
-8224975,2026,5.0,37.19923591538939,-119.44898332937278,0.05148750000000002,0.06840000000000002,0.0663375,0.246765,0.2129125,0.14539999999999997,0.57895654,0.070466064,0.26094282,41,21,0,1,1043,13.648223,180.0,0.12999414,-9999,13.956054531630684,0,0.29973632355148977,52
-8223178,2026,5.0,37.21720222107178,-119.44898332937278,0.052312499999999984,0.0682625,0.0597375,0.2817725,0.2027925,0.12340000000000001,0.6501567,0.16299155,0.39087674,97,21,0,1,1274,22.722704,67.25995,0.14771263,-9999,13.956054531630684,0,0.3783139368891716,52
-8221382,2026,5.0,37.235168526754165,-119.44898332937278,0.05828,0.08253500000000003,0.08190249999999999,0.28400000000000003,0.258315,0.1684175,0.5572417,0.047361773,0.25547752,94,20,0,1,1215,10.727553,239.15771,0.14771263,-9999,13.956054531630684,0,0.33723536141527194,52
-8219585,2026,5.0,37.25313483243656,-119.44898332937278,0.051927500000000015,0.07213999999999998,0.06685999999999998,0.278005,0.19971250000000002,0.12782749999999998,0.6122541,0.16455908,0.370048,99,16,0,1,1572,16.465033,208.79514,0.14771263,-9999,12.740425856395461,0,0.37219957426190375,52
-8215992,2026,5.0,37.289067443801336,-119.44898332937278,0.057867500000000016,0.07054500000000002,0.07643,0.23480250000000003,0.22572750000000003,0.15604250000000003,0.49536905,0.019705556,0.20151211,94,21,0,1,1892,9.9363,111.69244,0.17339355,-9999,12.740425856395461,0,0.33470074713230136,52
-8207009,2026,5.0,37.37889897221329,-119.44898332937278,0.058555000000000024,0.0771175,0.084845,0.23895500000000003,0.23373,0.17193750000000002,0.46338925,-0.007311551,0.14463978,100,20,0,1,2098,12.330759,228.2044,0.2107949,-9999,11.156877259285238,0,0.2608631613592689,52
-8097414,2026,5.0,38.47484361883911,-119.44898332937278,0.040913749999999985,0.06125,0.060975,0.22810624999999998,0.17813875,0.12316625,0.5740329,0.11051681,0.2871042,45,2,0,1,2292,19.723974,353.37643,0.12355988,-9999,8.974160315400809,0,0.18734624380102524,52
-8300433,2026,5.0,36.46261738241138,-119.46694963505517,0.04950750000000001,0.07392749999999998,0.07640249999999998,0.3220875,0.2458575,0.1614875,0.61653996,0.10662246,0.3069652,100,5,0,1,91,1.4796095,308.80774,0.14798191,-9999,21.927860227195197,0,1.1102201753695096,52
-8223178,2026,5.0,37.235168526754165,-119.46694963505517,0.05420999999999998,0.07376250000000001,0.06356,0.3210975,0.22215250000000003,0.1341525,0.6660996,0.17634262,0.40614927,81,17,0,1,1205,13.537987,160.2587,0.14771263,-9999,15.830789389661561,0,0.42465289250016214,52
-8221381,2026,5.0,37.25313483243656,-119.46694963505517,0.03506999999999999,0.05550250000000001,0.0446125,0.2583975,0.1711125,0.09375499999999998,0.7055378,0.21112664,0.46753183,98,16,0,1,1375,26.861616,292.55255,0.14771263,-9999,14.095324944937147,0,0.32173502336566645,52
-8219584,2026,5.0,37.27110113811895,-119.46694963505517,0.05456749999999999,0.07973000000000002,0.08589000000000002,0.2832025,0.2317225,0.1537325,0.5345882,0.09997573,0.28474146,96,16,0,1,1795,10.090376,223.30365,0.14771263,-9999,14.095324944937147,0,0.29516344621777535,52
-8215991,2026,5.0,37.30703374948373,-119.46694963505517,0.054869999999999974,0.0745325,0.07772249999999997,0.2586175,0.21866000000000002,0.14630749999999998,0.54144317,0.08534557,0.27857566,99,16,0,1,1694,12.359265,196.17902,0.17339355,-9999,14.095324944937147,0,0.3213695256660382,52
-8180059,2026,5.0,37.66635986313154,-119.46694963505517,0.0296525,0.06240499999999999,0.07010499999999997,0.2645575,0.242915,0.1765025,0.55171376,0.028656136,0.19443096,95,1,0,1,2413,9.468187,258.80606,0.1955633,-9999,8.066870748868553,0,0.2879102160036564,52
-8171075,2026,5.0,37.75619139154349,-119.46694963505517,0.039855,0.06996750000000002,0.0782175,0.25298,0.21522249999999998,0.14438250000000002,0.49553967,0.07885811,0.27163234,75,14,0,1,2428,14.256837,220.13821,0.19924137,-9999,7.80361890075028,0,0.26662299495476943,52
-8153109,2026,5.0,37.935854448367394,-119.46694963505517,0.05080000000000001,0.07706249999999998,0.06818000000000002,0.2840275,0.19061,0.128735,0.6126907,0.1929991,0.38036987,99,9,0,1,2007,22.863474,147.62715,0.18179132,-9999,7.324294724002982,0,0.27447457153660554,52
-8050701,2026,5.0,38.95993387226365,-119.46694963505517,0.06460500000000002,0.08918999999999999,0.10907250000000002,0.22316999999999998,0.22699249999999999,0.17218499999999998,0.3430901,0.007213519,0.13503926,43,13,0,1,2295,20.536009,313.7421,0.0992919,-9999,12.553590023902188,0,0.31844607985725526,52
-8286060,2026,5.0,36.62431413355289,-119.48491594073757,0.13082500000000002,0.18511,0.2242425,0.35079750000000004,0.42411250000000006,0.38058,0.22372591,-0.096182644,-0.035852563,95,11,0,1,111,3.010151,22.554873,0.1425601,-9999,21.52576849332422,0,1.7863897794768924,52
-8223178,2026,5.0,37.25313483243656,-119.48491594073757,0.03762750000000001,0.05720750000000002,0.044529999999999986,0.289445,0.16682249999999998,0.09017999999999998,0.7331906,0.26722378,0.52489954,95,1,0,1,1103,18.98827,212.13559,0.14771263,-9999,14.095324944937147,0,0.29460868254303935,52
-8221381,2026,5.0,37.27110113811895,-119.48491594073757,0.038479999999999986,0.05910500000000002,0.05014000000000002,0.285485,0.18282749999999998,0.10071249999999998,0.68937933,0.19728884,0.4605795,95,1,0,1,1317,15.049145,259.5941,0.14771263,-9999,14.095324944937147,0,0.2969588789343834,52
-8219585,2026,5.0,37.289067443801336,-119.48491594073757,0.04252249999999999,0.07489000000000001,0.07505499999999998,0.24580249999999998,0.18621,0.127195,0.54093397,0.13788119,0.32648298,95,15,0,1,1442,29.169481,251.39696,0.17339355,-9999,14.095324944937147,0,0.3751014556305913,52
-8217788,2026,5.0,37.30703374948373,-119.48491594073757,0.06160749999999998,0.08558749999999998,0.08586250000000001,0.22146500000000002,0.22528750000000003,0.16201,0.4465795,-0.008556192,0.15504271,70,16,0,1,1530,42.938133,238.53978,0.17339355,-9999,14.095324944937147,0,0.28740233212709426,52
-8185449,2026,5.0,37.630427251766754,-119.48491594073757,0.0441725,0.07279999999999998,0.08789750000000002,0.17719000000000001,0.230705,0.18945499999999998,0.33058313,-0.12772831,-0.025189973,85,23,0,1,2428,3.0161006,337.17404,0.1955633,-9999,7.645476154614528,0,0.2300131846288288,52
-8183652,2026,5.0,37.64839355744915,-119.48491594073757,0.03358499999999999,0.05705625,0.07377624999999999,0.162395,0.23984875,0.19450125,0.35110566,-0.2114121,-0.11013735,95,1,0,1,2447,7.428776,308.3712,0.1955633,-9999,7.645476154614528,0,0.18587623791838134,52
-8172872,2026,5.0,37.75619139154349,-119.48491594073757,0.044749999999999984,0.07975749999999998,0.085945,0.329265,0.2373325,0.1680875,0.5625485,0.15154026,0.31806588,62,14,0,1,2454,19.022087,147.69017,0.19924137,-9999,7.80361890075028,0,0.29777959109140706,52
-8307620,2026,5.0,36.426684771046595,-119.50288224641994,0.07546750000000002,0.11267500000000003,0.1283225,0.33388500000000004,0.32192250000000006,0.252045,0.4295055,0.023728244,0.1509527,56,3,0,1,85,0.92740995,180.0,0.14798191,-9999,22.6453002683578,0,0.9290302641844997,52
-8278874,2026,5.0,36.71414566196484,-119.50288224641994,0.06838625000000001,0.09064749999999999,0.11719874999999999,0.22046125,0.31972249999999997,0.23610875,0.30581808,-0.18228206,-0.016435433,85,1,0,1,113,0.92740995,180.0,0.133476,-9999,21.15139065814276,0,2.5008059491713843,52
-8228568,2026,5.0,37.21720222107178,-119.50288224641994,0.04373250000000001,0.06375249999999999,0.053495000000000015,0.2753925,0.20315,0.11911,0.6560008,0.15122823,0.3995655,74,22,0,1,789,6.871631,57.499664,0.14771263,-9999,15.830789389661561,0,0.39744346076622605,52
-8223178,2026,5.0,37.27110113811895,-119.50288224641994,0.042082499999999995,0.055942500000000006,0.049425,0.228725,0.17966500000000002,0.10838500000000001,0.6394591,0.12013027,0.35697547,87,1,0,1,912,3.951846,117.946815,0.14771263,-9999,14.095324944937147,0,0.30992632314562796,52
-8221382,2026,5.0,37.289067443801336,-119.50288224641994,0.05508999999999997,0.08019749999999998,0.07445000000000002,0.34518750000000004,0.23983500000000002,0.14284249999999998,0.6341658,0.17604722,0.4091812,70,15,0,1,1087,13.170602,128.50545,0.17339355,-9999,14.095324944937147,0,0.3135239181574434,52
-8183653,2026,5.0,37.66635986313154,-119.50288224641994,0.0385075,0.06468750000000001,0.0747525,0.20856750000000002,0.200015,0.14685749999999997,0.47231045,0.020932125,0.17362313,79,10,0,1,2188,17.612467,40.103924,0.1955633,-9999,8.066870748868553,0,0.2931890904158354,52
-8102804,2026,5.0,38.47484361883911,-119.50288224641994,0.030340000000000006,0.05288999999999999,0.05242249999999998,0.23683749999999998,0.14815,0.09589999999999999,0.6397151,0.21648476,0.41150752,70,2,0,1,2216,29.482319,329.20135,0.12355988,-9999,9.010513642013734,0,0.236834522551642,52
-8101008,2026,5.0,38.492809924521495,-119.50288224641994,0.03814999999999999,0.06312000000000001,0.07101249999999998,0.2120325,0.15772000000000003,0.10659750000000001,0.5179424,0.17467983,0.35391623,45,2,0,1,2059,21.892374,332.40506,0.116686925,-9999,9.010513642013734,0,0.319114181524268,52
-8057888,2026,5.0,38.92400126089887,-119.50288224641994,0.07046249999999998,0.10005249999999999,0.11077749999999997,0.22559,0.2305125,0.17092000000000002,0.32705522,-0.026128564,0.11965527,40,13,0,1,2246,11.640658,315.0074,0.0992919,-9999,12.633300625380684,0,0.290057784275097,52
-8305823,2026,5.0,36.46261738241138,-119.52084855210234,0.021842499999999987,0.0539075,0.033062499999999995,0.4015625,0.150845,0.06619999999999998,0.84785736,0.45386332,0.71695036,95,3,0,1,90,0.92740995,180.0,0.1449001,-9999,21.927860227195197,0,1.25529793688717,52
-8302230,2026,5.0,36.49854999377616,-119.52084855210234,0.06650250000000002,0.10794500000000001,0.12312499999999998,0.31799000000000005,0.30938250000000006,0.23694749999999998,0.4457518,0.016672965,0.14649975,86,3,0,1,91,1.8543341,-0.0,0.14028093,-9999,21.927860227195197,0,2.2203600931167604,52
-8293246,2026,5.0,36.588381522188115,-119.52084855210234,0.05528250000000001,0.10139999999999999,0.09185749999999998,0.438935,0.26607000000000003,0.16995749999999998,0.6596053,0.24693397,0.43455702,62,9,0,1,102,2.960161,51.237667,0.139031,-9999,21.52576849332422,0,2.398795706033707,52
-8282467,2026,5.0,36.69617935628246,-119.52084855210234,0.027823749999999994,0.0493425,0.030834999999999987,0.387345,0.15030875,0.06520999999999999,0.85150284,0.43786436,0.7097274,85,7,0,1,109,3.88017,17.317068,0.13505018,-9999,21.15139065814276,0,2.5024517048960147,52
-8223178,2026,5.0,37.289067443801336,-119.52084855210234,0.02855250000000001,0.048985,0.030807499999999988,0.27929750000000003,0.1410825,0.06763000000000002,0.7997286,0.3248551,0.60735023,100,17,0,1,1071,7.3788605,-0.0,0.15277188,-9999,14.095324944937147,0,0.44968858339752144,52
-8210601,2026,5.0,37.41483158357807,-119.52084855210234,0.03912625,0.05386624999999998,0.05510375000000001,0.20249,0.14808125,0.09523999999999999,0.5726379,0.15484962,0.35998473,77,17,0,1,1942,11.337097,246.19038,0.18723169,-9999,11.275991632605155,0,0.30783735595091627,52
-8226771,2026,5.0,37.27110113811895,-119.53881485778473,0.03825999999999999,0.05429250000000002,0.045410000000000006,0.35222749999999997,0.20801750000000002,0.10607499999999997,0.77396154,0.26090282,0.539239,99,5,0,1,1080,12.73995,98.23283,0.12496765,-9999,14.095324944937147,0,0.7342130499533736,52
-8198025,2026,5.0,37.5585620290372,-119.53881485778473,0.0383425,0.06707999999999997,0.08803499999999997,0.26887500000000003,0.2684075,0.1781525,0.48778856,4.5424514E-4,0.19265524,80,17,0,1,2423,22.259516,171.39217,0.21631211,-9999,7.645476154614528,0,0.3000680530842926,52
-8158499,2026,5.0,37.95382075404979,-119.53881485778473,0.04059750000000001,0.05223,0.06045250000000002,0.14988249999999997,0.1840925,0.13588499999999998,0.4289122,-0.09396161,0.06349798,98,23,0,1,2413,7.3788605,180.0,0.1855631,-9999,6.4384344039424946,0,0.2299029027450491,52
-8102804,2026,5.0,38.51077623020389,-119.53881485778473,0.04200000000000001,0.06707999999999997,0.0632025,0.3105925,0.2025725,0.1275525,0.65295184,0.19605517,0.40409976,48,20,0,1,2153,29.741562,64.85021,0.12987988,-9999,9.010513642013734,0,0.24940558501447624,52
-8313010,2026,5.0,36.426684771046595,-119.55678116346712,0.024620000000000003,0.05140499999999998,0.02918499999999999,0.45463749999999997,0.15648250000000002,0.06727250000000001,0.87935656,0.4878829,0.7422065,78,8,0,1,87,0.92740995,180.0,0.1449001,-9999,23.420178985595726,0,1.010623011900031,52
-8224975,2026,5.0,37.30703374948373,-119.55678116346712,0.0479125,0.066915,0.06430249999999998,0.31361750000000005,0.22358250000000002,0.12097999999999998,0.67928404,0.17293008,0.44109768,78,16,0,1,1172,15.90354,90.0,0.15277188,-9999,15.692695051623957,0,0.37353129852563144,52
-8201619,2026,5.0,37.540595723354805,-119.55678116346712,0.014857499999999996,0.042082499999999995,0.04549249999999999,0.18995,0.14105499999999999,0.08745750000000002,0.61355746,0.1477168,0.37463644,100,21,0,1,1792,7.732698,197.49957,0.21631211,-9999,10.24469175441294,0,0.21602257735167557,52
-8196229,2026,5.0,37.594494640401976,-119.55678116346712,0.03130250000000001,0.05841750000000001,0.07505499999999998,0.193965,0.2429425,0.1793075,0.40815434,-0.12402904,0.021050923,100,17,0,1,2435,3.6314776,319.9233,0.21631211,-9999,10.267627847322899,0,0.32626797776255345,52
-8187246,2026,5.0,37.684326168813925,-119.55678116346712,0.016204999999999997,0.0446125,0.03969,0.24577500000000002,0.13107249999999998,0.07290999999999997,0.7274189,0.30931318,0.54626924,85,4,0,1,2024,13.546979,19.851034,0.21853249,-9999,9.839602078673693,0,0.3390336076364569,52
-8104601,2026,5.0,38.51077623020389,-119.55678116346712,0.042261249999999986,0.06789124999999999,0.0711225,0.22087375,0.246765,0.1791975,0.5109232,-0.056709215,0.10265919,35,20,0,1,2599,15.120473,57.371838,0.12987988,-9999,7.5377550104612965,0,0.17841167251269022,52
-8102804,2026,5.0,38.52874253588628,-119.55678116346712,0.043237499999999984,0.06774000000000002,0.06930750000000002,0.2686275,0.1959725,0.13726,0.5798936,0.13796194,0.30672193,31,20,0,1,2424,20.70659,50.031082,0.12987988,-9999,7.5377550104612965,0,0.25663696638429945,52
-8077651,2026,5.0,38.78027081543974,-119.55678116346712,0.06166250000000001,0.08509250000000002,0.1079175,0.189235,0.21453500000000003,0.1645125,0.29258814,-0.048743386,0.084244296,31,22,0,1,2256,12.91175,244.933,0.11462717,-9999,12.232694736603776,0,0.30397766223177314,52
-8311213,2026,5.0,36.46261738241138,-119.57474746914951,0.026682499999999998,0.050854999999999984,0.033062499999999995,0.38459499999999996,0.16643750000000002,0.07835500000000001,0.8416765,0.39590678,0.66149694,37,16,0,1,89,2.18319,31.869322,0.1449001,-9999,22.70532998525971,0,1.4184370214740436,52
-8226771,2026,5.0,37.30703374948373,-119.57474746914951,0.03538625000000001,0.055337499999999984,0.05761999999999998,0.24918500000000002,0.203095,0.12296000000000001,0.61949617,0.11069072,0.35444766,84,22,0,1,1151,14.924967,263.02344,0.15277188,-9999,15.692695051623957,0,0.6008091358840466,52
-8221381,2026,5.0,37.3609326665309,-119.57474746914951,0.014252500000000001,0.040212499999999984,0.03484999999999999,0.2575175,0.15972750000000002,0.08237,0.7528851,0.2343707,0.5153102,94,17,0,1,1291,5.0874634,223.33789,0.15277188,-9999,12.94063954507152,0,0.4042011716474707,52
-8205212,2026,5.0,37.52262941767241,-119.57474746914951,0.04971374999999999,0.0679875,0.08447374999999999,0.16911875,0.21808249999999998,0.1731475,0.3286065,-0.12209801,-0.0033874637,100,22,0,1,1893,13.8324375,350.457,0.19950093,-9999,10.24469175441294,0,0.28268479116261,52
-8203415,2026,5.0,37.540595723354805,-119.57474746914951,0.04073499999999999,0.0739825,0.08319500000000002,0.230595,0.230045,0.16682249999999998,0.47349074,0.015304122,0.18667713,87,17,0,1,1842,25.390217,226.98985,0.21631211,-9999,10.24469175441294,0,0.281708792001009,52
-8180059,2026,5.0,37.77415769722588,-119.57474746914951,0.03781999999999999,0.06977499999999998,0.08259,0.23837750000000002,0.2538875,0.19022499999999998,0.4837762,-0.050912745,0.094786756,93,15,0,1,2266,3.6351163,319.855,0.22360829,-9999,8.823074020877982,0,0.2657663481682539,52
-8133346,2026,5.0,38.24128164496803,-119.57474746914951,0.04683999999999999,0.05863750000000001,0.06518249999999998,0.1783725,0.21475500000000003,0.1529625,0.41559008,-0.10889546,0.06469619,55,13,0,1,2589,8.060085,313.30423,0.16203699,-9999,4.865441607403511,0,0.34299908213030833,52
-8104600,2026,5.0,38.52874253588628,-119.57474746914951,0.04035,0.061580000000000024,0.066585,0.2229775,0.189125,0.138965,0.53322816,0.044160508,0.19330385,77,20,0,1,2365,9.574361,281.06592,0.12987988,-9999,7.5377550104612965,0,0.3179126146208981,52
-8086634,2026,5.0,38.708405592710186,-119.57474746914951,0.049947500000000006,0.07665,0.07854749999999999,0.2816075,0.1834325,0.12042999999999998,0.55172235,0.19929099,0.3902172,41,21,0,1,2237,22.040876,50.227287,0.11462717,-9999,12.19329358993042,0,0.3111164421730098,52
-8314806,2026,5.0,36.44465107672899,-119.5927137748319,0.024757499999999988,0.051817500000000016,0.02990000000000001,0.43767000000000006,0.162175,0.07090249999999998,0.86969835,0.45927697,0.72117054,59,3,0,1,85,3.9188228,298.20407,0.1449001,-9999,23.420178985595726,0,0.9327914603054523,52
-8298637,2026,5.0,36.6063478278705,-119.5927137748319,0.11454500000000001,0.15389750000000002,0.18618250000000003,0.2626325,0.35071500000000005,0.31331499999999995,0.18776654,-0.1312647,-0.060749818,95,3,0,1,101,2.7802885,-0.0,0.139031,-9999,22.09094353952719,0,2.0605672286904375,52
-8219585,2026,5.0,37.39686527789568,-119.5927137748319,0.03220999999999999,0.06347750000000002,0.05753750000000002,0.2682425,0.19550499999999998,0.11996250000000003,0.6340369,0.16333179,0.37776637,95,15,0,1,1375,12.175013,138.61621,0.18723169,-9999,12.94063954507152,0,0.31082214921712875,52
-8217788,2026,5.0,37.41483158357807,-119.5927137748319,0.01650750000000001,0.04810500000000001,0.04508000000000001,0.2530625,0.15180749999999998,0.08569749999999998,0.6975943,0.2599611,0.49897355,100,17,0,1,1506,3.883447,162.52808,0.18723169,-9999,12.94063954507152,0,0.29569101057946684,52
-8215992,2026,5.0,37.43279788926046,-119.5927137748319,0.028249999999999997,0.05932500000000002,0.06595250000000002,0.2861725,0.22064,0.1362425,0.6342092,0.11401016,0.33229747,100,17,0,1,1663,13.128724,240.93272,0.18723169,-9999,12.94063954507152,0,0.2491971382498741,52
-8214195,2026,5.0,37.450764194942856,-119.5927137748319,0.03751750000000001,0.067795,0.08311249999999998,0.2575175,0.24517,0.17152499999999998,0.5117346,0.016677475,0.18558437,98,17,0,1,2091,3.0150108,337.2234,0.19950093,-9999,10.24469175441294,0,0.305068526417017,52
-8212398,2026,5.0,37.46873050062524,-119.5927137748319,0.035977499999999996,0.06683250000000002,0.07310250000000001,0.24142999999999998,0.2057075,0.14182499999999998,0.52992284,0.074272946,0.25419635,58,17,0,1,1743,3.6289482,139.97092,0.19950093,-9999,10.24469175441294,0,0.4181789772895475,52
-8207009,2026,5.0,37.52262941767241,-119.5927137748319,0.023877499999999996,0.046977500000000005,0.06023250000000002,0.18392750000000002,0.1957525,0.13096249999999998,0.493869,-0.031144649,0.1682016,100,23,0,1,1788,12.361953,343.77673,0.19950093,-9999,10.24469175441294,0,0.1815866200874249,52
-8205212,2026,5.0,37.540595723354805,-119.5927137748319,0.037654999999999994,0.07392749999999998,0.07571499999999998,0.3312725,0.242255,0.15244000000000002,0.6009618,0.12132453,0.34324422,91,17,0,1,1653,19.720926,173.45953,0.21631211,-9999,10.24469175441294,0,0.296946474040548,52
-8196229,2026,5.0,37.630427251766754,-119.5927137748319,0.028717500000000007,0.05597000000000002,0.07312999999999997,0.1857975,0.2505875,0.17939,0.3785057,-0.18221866,-0.018526874,100,17,0,1,2250,6.119059,107.57745,0.21853249,-9999,10.267627847322899,0,0.21369728036224842,52
-8194432,2026,5.0,37.64839355744915,-119.5927137748319,0.018157499999999993,0.0414225,0.05091000000000001,0.17248750000000002,0.175485,0.12568249999999997,0.5305242,-0.022224912,0.14658123,89,18,0,1,2229,9.333633,275.65225,0.21853249,-9999,10.267627847322899,0,0.2673149330851932,52
-8106397,2026,5.0,38.52874253588628,-119.5927137748319,0.03596374999999999,0.052724999999999994,0.05792249999999999,0.18951,0.16034625,0.1144625,0.5356643,0.08695061,0.25250703,65,21,0,1,2168,27.364658,271.7923,0.12987988,-9999,7.5377550104612965,0,0.272249670776849,52
-8104601,2026,5.0,38.546708841568666,-119.5927137748319,0.039965,0.0595175,0.067025,0.2143425,0.171085,0.12048500000000001,0.51711214,0.115357034,0.2828447,87,21,0,1,2246,15.469581,256.46924,0.12987988,-9999,7.5377550104612965,0,0.23794914815913548,52
-8088431,2026,5.0,38.708405592710186,-119.5927137748319,0.053027500000000005,0.06820749999999998,0.07695249999999998,0.17529250000000002,0.20020749999999998,0.15431,0.39303863,-0.07176746,0.07382779,39,21,0,1,2418,6.611975,314.28723,0.11462717,-9999,12.19329358993042,0,0.2654970864003355,52
-8075855,2026,5.0,38.83416973248691,-119.5927137748319,0.06317499999999998,0.085065,0.1109425,0.22396749999999999,0.2520175,0.180875,0.34316775,-0.04749759,0.11248473,30,12,0,1,2140,18.573694,261.69037,0.109001525,-9999,12.232694736603776,0,0.2853505010471532,52
-8338163,2026,5.0,36.229055408540304,-119.6106800805143,0.11971500000000002,0.15122999999999998,0.19105,0.30492749999999996,0.45917500000000006,0.36806750000000005,0.23267424,-0.20186755,-0.09381942,95,5,0,1,73,0.92740995,-0.0,0.13736084,-9999,23.990546614123957,0,8.934520959854126,52
-8242942,2026,5.0,37.181269609706995,-119.6106800805143,0.02702625,0.04765124999999999,0.04360875,0.23440375000000002,0.146335,0.07973,0.67665094,0.20620728,0.47940472,69,7,0,1,540,14.937534,316.73047,0.10381462,-9999,17.17298529019922,0,0.3361506616541495,52
-8221382,2026,5.0,37.39686527789568,-119.6106800805143,0.013234999999999997,0.0382325,0.029569999999999985,0.23714000000000002,0.13074249999999998,0.0654575,0.76968837,0.2849024,0.55268735,99,17,0,1,1295,25.014057,286.11346,0.15050158,-9999,12.94063954507152,0,0.3720545515418053,52
-8219585,2026,5.0,37.41483158357807,-119.6106800805143,0.024097499999999994,0.05288999999999999,0.044749999999999984,0.31004250000000005,0.16682249999999998,0.0963675,0.73922414,0.2825389,0.52144617,94,17,0,1,1423,23.960596,198.72525,0.15050158,-9999,12.94063954507152,0,0.3363984391838312,52
-8217789,2026,5.0,37.43279788926046,-119.6106800805143,0.010017499999999985,0.03820499999999999,0.02739749999999999,0.260185,0.13002750000000002,0.06606250000000002,0.77461135,0.318451,0.5617266,99,17,0,1,1674,26.666441,283.03992,0.15050158,-9999,12.94063954507152,0,0.47994192940397906,52
-8215992,2026,5.0,37.450764194942856,-119.6106800805143,0.035619999999999985,0.07049,0.07387250000000001,0.2511925,0.21252749999999998,0.14113750000000003,0.5438424,0.050087437,0.24942333,91,17,0,1,1672,10.328578,308.4452,0.17988385,-9999,10.24469175441294,0,0.3165399314602837,52
-8210602,2026,5.0,37.50466311199003,-119.6106800805143,0.06662625,0.08703125,0.103545,0.18806625000000002,0.26575375,0.21468625000000002,0.30115443,-0.15875675,-0.057160113,93,23,0,1,1797,12.361727,163.78046,0.17988385,-9999,10.24469175441294,0,0.31893674726597965,52
-8208806,2026,5.0,37.52262941767241,-119.6106800805143,0.01086999999999999,0.034519999999999995,0.029927499999999996,0.20290249999999999,0.12037500000000001,0.06991249999999999,0.71192104,0.22504526,0.46351662,100,23,0,1,1611,24.569496,324.5241,0.17988385,-9999,10.24469175441294,0,0.24314474151469767,52
-8207009,2026,5.0,37.540595723354805,-119.6106800805143,0.05014000000000002,0.08033499999999999,0.08726499999999998,0.23246499999999998,0.2158275,0.15986499999999998,0.4591294,0.03348177,0.18406934,87,17,0,1,1436,18.205755,233.79865,0.20899318,-9999,10.24469175441294,0,0.376381409317255,52
-8178263,2026,5.0,37.82805661427305,-119.6106800805143,0.057867500000000016,0.091555,0.11581000000000002,0.21417750000000002,0.312545,0.28807,0.26274723,-0.20348898,-0.17028525,71,20,0,1,2418,5.8038,142.77849,0.23246056,-9999,8.823074020877982,0,0.24439337585742274,52
-8108194,2026,5.0,38.52874253588628,-119.6106800805143,0.044681250000000006,0.06883999999999998,0.07357,0.27262875,0.19257625,0.1329425,0.5662136,0.15589915,0.33023423,53,20,0,1,2484,23.143808,124.61585,0.15121639,-9999,7.5377550104612965,0,0.25511593200266364,52
-8088431,2026,5.0,38.72637189839257,-119.6106800805143,0.06944499999999998,0.097165,0.12108999999999998,0.24525249999999998,0.2347475,0.16734500000000002,0.33613393,0.011412238,0.17841946,39,21,0,1,2220,26.496046,204.59793,0.124212205,-9999,12.19329358993042,0,0.2522793311625719,52
-8086635,2026,5.0,38.744338204074964,-119.6106800805143,0.054127499999999995,0.08149,0.0844875,0.2477275,0.174495,0.12466500000000003,0.47609508,0.15010658,0.32512638,40,21,0,1,2404,20.670267,19.273382,0.124212205,-9999,12.19329358993042,0,0.22792026977099122,52
-8084838,2026,5.0,38.76230450975736,-119.6106800805143,0.04144999999999999,0.061277499999999985,0.06674999999999998,0.22033750000000002,0.15997499999999998,0.10987000000000002,0.53745866,0.16172734,0.3334321,35,22,0,1,2131,18.035658,333.49298,0.124212205,-9999,12.232694736603776,0,0.22982297475008587,52
-8219585,2026,5.0,37.43279788926046,-119.62864638619668,0.023354999999999987,0.057510000000000006,0.048490000000000005,0.36303500000000005,0.19044499999999998,0.10439749999999998,0.75798607,0.2941688,0.54559034,96,17,0,1,1415,8.700849,147.80252,0.15050158,-9999,12.94063954507152,0,0.31818016596138476,52
-8215991,2026,5.0,37.46873050062524,-119.62864638619668,0.012657499999999988,0.0385625,0.03751750000000001,0.1958625,0.12485750000000001,0.07381749999999998,0.68600774,0.25187755,0.47930747,100,17,0,1,1574,9.320133,240.45036,0.17988385,-9999,10.24469175441294,0,0.5287841601142039,52
-8208805,2026,5.0,37.540595723354805,-119.62864638619668,0.018570000000000003,0.04403499999999999,0.04862749999999999,0.192645,0.16654750000000001,0.102775,0.5607089,0.054522526,0.28985405,77,23,0,1,1307,13.648223,-0.0,0.20899318,-9999,10.24469175441294,0,0.6991828434169293,52
-8190839,2026,5.0,37.72025878017871,-119.62864638619668,0.0232725,0.05003000000000002,0.05316500000000002,0.2636225,0.18544,0.11143750000000002,0.6702575,0.17861386,0.43576956,99,16,0,1,1240,4.679744,90.0,0.22206728,-9999,9.839602078673693,0,0.28832756598358567,52
-8187245,2026,5.0,37.75619139154349,-119.62864638619668,0.0357025,0.07629249999999999,0.085175,0.269865,0.24654500000000001,0.18170000000000003,0.51402164,0.04731577,0.19765979,43,8,0,1,2489,20.534134,173.72354,0.22206728,-9999,8.823074020877982,0,0.33173053573978983,52
-8180059,2026,5.0,37.82805661427305,-119.62864638619668,0.03417624999999999,0.0592975,0.0777225,0.14860375,0.23003125,0.18292375,0.28411737,-0.21592705,-0.102591574,100,23,0,1,2415,7.735383,342.4367,0.23246056,-9999,8.823074020877982,0,0.23569185752421618,52
-8176466,2026,5.0,37.86398922563783,-119.62864638619668,0.015311249999999985,0.03720124999999999,0.0488475,0.13081125000000002,0.159425,0.12139249999999999,0.45472434,-0.09812712,0.04800123,99,10,0,1,2465,6.1365094,287.52545,0.21105805,-9999,9.018376020205949,0,0.2228315082999567,52
-8109990,2026,5.0,38.52874253588628,-119.62864638619668,0.03849374999999999,0.05309625000000001,0.06200625000000001,0.14293875,0.20695875,0.16957250000000001,0.37321368,-0.20740461,-0.11040979,90,21,0,1,2610,23.632233,2.7105844,0.15121639,-9999,7.5377550104612965,0,0.24993490419971445,52
-8088431,2026,5.0,38.744338204074964,-119.62864638619668,0.043155,0.06540249999999997,0.0651275,0.248965,0.174385,0.11600250000000001,0.5820952,0.18543078,0.38563204,51,21,0,1,2102,20.450323,3.1906545,0.124212205,-9999,12.19329358993042,0,0.20882479890826203,52
-8219585,2026,5.0,37.450764194942856,-119.64661269187907,0.05456749999999999,0.09150000000000003,0.10222500000000001,0.27962750000000003,0.264255,0.1820025,0.4658082,0.03591957,0.21162325,87,17,0,1,1519,22.058167,177.11555,0.17988385,-9999,10.24469175441294,0,0.490717458575964,52
-8217788,2026,5.0,37.46873050062524,-119.64661269187907,0.020329999999999987,0.055365,0.047719999999999985,0.3455725,0.17900500000000003,0.10074,0.747703,0.29212403,0.5432291,100,17,0,1,1591,10.751167,75.18127,0.17988385,-9999,10.24469175441294,0,0.2985471372182171,52
-8210602,2026,5.0,37.540595723354805,-119.64661269187907,0.027590000000000003,0.056987500000000024,0.062377499999999975,0.20870500000000003,0.20287500000000003,0.139735,0.5394987,0.022838872,0.20718375,53,17,0,1,1253,6.8679795,199.81572,0.20899318,-9999,10.24469175441294,0,0.8915439458191394,52
-8208805,2026,5.0,37.5585620290372,-119.64661269187907,0.024262499999999992,0.055255,0.05891249999999998,0.2698375,0.20430500000000001,0.12194250000000001,0.6360845,0.15957019,0.40520018,96,16,0,1,1486,12.862466,218.75574,0.20899318,-9999,10.267627847322899,0,0.29151772685348987,52
-8189042,2026,5.0,37.75619139154349,-119.64661269187907,0.0475275,0.08267249999999998,0.10494750000000003,0.253475,0.30572499999999997,0.2211075,0.41313148,-0.09229866,0.058571726,83,8,0,1,2359,7.0635405,97.50663,0.22206728,-9999,8.823074020877982,0,0.24015656039118766,52
-8181856,2026,5.0,37.82805661427305,-119.64661269187907,0.03198999999999999,0.05866500000000002,0.08842,0.1724325,0.2986575,0.24407,0.3016763,-0.26526678,-0.16262203,98,20,0,1,2644,12.736063,94.10707,0.23246056,-9999,8.823074020877982,0,0.25296432749989134,52
-8242941,2026,5.0,37.235168526754165,-119.66457899756146,0.04241249999999999,0.07016,0.09273749999999997,0.22784500000000002,0.3121875,0.20106000000000002,0.42467955,-0.13176185,0.08297503,55,4,0,1,767,4.6273675,180.0,0.10875789,-9999,18.381578515165643,0,0.367954236920923,52
-8224974,2026,5.0,37.41483158357807,-119.66457899756146,0.018515000000000004,0.0473625,0.039525000000000005,0.3148825,0.17169,0.08973999999999999,0.7769517,0.28996843,0.5516315,80,18,0,1,1295,18.571915,103.9394,0.15050158,-9999,15.297675520373957,0,0.27366597148088306,52
-8221381,2026,5.0,37.450764194942856,-119.66457899756146,0.014527499999999999,0.04035,0.0431,0.20711000000000002,0.1430075,0.0836075,0.6582137,0.19006586,0.43069896,100,18,0,1,1607,13.778446,266.21503,0.17988385,-9999,13.43618726012528,0,0.2995788043737411,52
-8194432,2026,5.0,37.72025878017871,-119.66457899756146,0.017002500000000004,0.04565749999999999,0.04076250000000001,0.254465,0.14133,0.07654,0.70553446,0.25593302,0.5104884,95,16,0,1,1260,15.1967125,162.46071,0.22206728,-9999,11.340140238115907,0,0.3295565620911392,52
-8187245,2026,5.0,37.792124002908274,-119.66457899756146,0.03463000000000001,0.054801249999999996,0.06434375,0.15666125,0.15842124999999999,0.11469625,0.43637136,-0.027118124,0.12966163,100,8,0,1,2499,3.6362739,284.75723,0.23246056,-9999,9.57696714503794,0,0.3050537988867449,52
-8180059,2026,5.0,37.86398922563783,-119.66457899756146,0.058555000000000024,0.0775575,0.08907999999999999,0.21195000000000003,0.21373750000000002,0.16036,0.4081653,-0.053181544,0.093765646,88,10,0,1,2402,14.906931,346.63968,0.21105805,-9999,9.880349936536561,0,0.309487968608737,52
-8092024,2026,5.0,38.744338204074964,-119.66457899756146,0.035455,0.05427874999999999,0.062047500000000005,0.19573875,0.13338250000000001,0.08994625,0.53822625,0.19243835,0.3787578,71,22,0,1,1996,28.931509,307.9524,0.124212205,-9999,10.942582169399486,0,0.16014259979128836,52
-8332773,2026,5.0,36.35481954831704,-119.68254530324386,0.0892175,0.13327250000000002,0.1549975,0.2572975,0.2638975,0.2295775,0.2481233,-0.012663207,0.060571905,38,4,0,1,77,3.7047918,-0.0,0.13271506,-9999,23.78896783808227,0,12.420162802157195,52
-8327383,2026,5.0,36.40871846536421,-119.68254530324386,0.062267499999999976,0.08927249999999998,0.0992825,0.27597,0.3226925,0.23021000000000003,0.4656018,-0.07804481,0.090402626,48,15,0,1,79,2.4829507,111.9199,0.13101642,-9999,23.78896783808227,0,1.3165121123842571,52
-8298637,2026,5.0,36.69617935628246,-119.68254530324386,0.11626375,0.15963125,0.19980875,0.28884,0.38069000000000003,0.35424875,0.18816495,-0.13353167,-0.097107224,68,9,0,1,102,2.7802885,-0.0,0.12970002,-9999,22.319747933008387,0,9.672001942344334,52
-8224975,2026,5.0,37.43279788926046,-119.68254530324386,0.014279999999999987,0.03925000000000001,0.03163250000000001,0.28556750000000003,0.145785,0.0719475,0.778251,0.29874015,0.5668265,95,7,0,1,1620,27.763002,68.34534,0.12405399,-9999,15.297675520373957,0,0.3045140158695479,52
-8215992,2026,5.0,37.52262941767241,-119.68254530324386,0.018075000000000008,0.045410000000000006,0.0418625,0.23846,0.15299000000000001,0.08520250000000001,0.68590957,0.20415674,0.46702257,98,19,0,1,1451,4.4686766,308.41833,0.15145016,-9999,13.43618726012528,0,0.2647782421857119,52
-8208805,2026,5.0,37.594494640401976,-119.68254530324386,0.011117500000000002,0.037132499999999985,0.037489999999999996,0.19940999999999998,0.11523250000000002,0.0657875,0.679302,0.26753378,0.50386035,100,16,0,1,1682,21.047,252.87413,0.1826653,-9999,12.756221492316172,0,0.2788168067485094,52
-8207008,2026,5.0,37.61246094608437,-119.68254530324386,0.016094999999999998,0.043539999999999995,0.0442275,0.22641499999999998,0.1422925,0.085175,0.662643,0.21392976,0.43918157,95,17,0,1,1792,16.482456,208.91142,0.21062562,-9999,12.756221492316172,0,0.3179202091693878,52
-8117177,2026,5.0,38.51077623020389,-119.68254530324386,0.09134875,0.1324475,0.163385,0.29633375,0.32949875,0.25846625,0.28922716,-0.038904674,0.070893526,75,23,0,1,2333,24.617989,71.46097,0.17519715,-9999,5.846380262477453,0,0.25289638368817774,52
-8097414,2026,5.0,38.708405592710186,-119.68254530324386,0.03157750000000001,0.04978250000000001,0.04722499999999999,0.206395,0.15840749999999998,0.11242750000000001,0.6122822,0.11237388,0.27670285,64,22,0,1,2389,21.587933,38.985474,0.13790284,-9999,10.942582169399486,0,0.22760438538071784,52
-8251925,2026,5.0,37.181269609706995,-119.70051160892625,0.036087499999999995,0.06323000000000001,0.06867499999999999,0.25573,0.207275,0.13011,0.59160006,0.12425241,0.34118542,59,10,0,1,580,11.891002,337.2967,0.10294652,-9999,18.381578515165643,0,0.3618369811059286,52
-8217789,2026,5.0,37.52262941767241,-119.70051160892625,0.017249999999999988,0.04829749999999999,0.039580000000000004,0.298575,0.14628000000000002,0.07491750000000003,0.7501962,0.34110394,0.5950691,100,19,0,1,1582,25.230602,355.0303,0.15145016,-9999,13.43618726012528,0,0.26681680627167226,52
-8215992,2026,5.0,37.540595723354805,-119.70051160892625,0.020302499999999987,0.0595175,0.0473625,0.36507,0.18214,0.0956525,0.7639001,0.32609245,0.5744301,100,18,0,1,1438,5.7956586,37.1147,0.1826653,-9999,13.43618726012528,0,0.29662067733705044,52
-8214195,2026,5.0,37.5585620290372,-119.70051160892625,0.028085,0.05566749999999998,0.05701499999999998,0.22204250000000003,0.1986675,0.1267275,0.574863,0.0364775,0.2555021,75,19,0,1,1249,35.992687,79.72969,0.1826653,-9999,12.756221492316172,0,0.32331608921289445,52
-8212399,2026,5.0,37.57652833471958,-119.70051160892625,0.028662500000000007,0.05742750000000002,0.0536875,0.32236250000000005,0.18750250000000002,0.11165750000000002,0.70524806,0.24389082,0.4685396,58,18,0,1,1155,23.009224,151.25104,0.1826653,-9999,12.756221492316172,0,0.29443790547549725,52
-8210602,2026,5.0,37.594494640401976,-119.70051160892625,0.022007499999999985,0.05096499999999998,0.0536875,0.267995,0.19784249999999998,0.11506749999999999,0.6311437,0.12837715,0.37662014,87,19,0,1,1364,7.2256637,255.20515,0.1826653,-9999,12.756221492316172,0,0.294140507876873,52
-8208805,2026,5.0,37.61246094608437,-119.70051160892625,0.030945,0.06067250000000002,0.062102500000000005,0.28455,0.18483500000000003,0.11251,0.6365647,0.20248666,0.42815197,41,18,0,1,1330,23.814186,187.98445,0.21062562,-9999,12.756221492316172,0,0.37260491512715815,52
-8203416,2026,5.0,37.66635986313154,-119.70051160892625,0.019202499999999983,0.048985,0.05080000000000001,0.247205,0.156785,0.09386499999999998,0.6077788,0.1841073,0.40254125,100,18,0,1,1950,20.841652,284.78122,0.21062562,-9999,11.340140238115907,0,0.2532813061773777,52
-8171076,2026,5.0,37.989753365414565,-119.70051160892625,0.04111999999999999,0.06842749999999997,0.06688749999999999,0.30085750000000006,0.22864250000000003,0.14718750000000003,0.6506399,0.13070142,0.3429617,60,21,0,1,2321,26.171026,131.20831,0.19146925,-9999,9.91951219292099,0,0.24315010740057283,52
-8104601,2026,5.0,38.654506675663015,-119.70051160892625,0.054237499999999994,0.07834125,0.0927375,0.23335875,0.2337575,0.1735325,0.42802313,-0.0042261668,0.14285241,31,15,0,1,2234,12.10572,168.8552,0.13790284,-9999,10.942582169399486,0,0.24074975742648044,52
-8097414,2026,5.0,38.72637189839257,-119.70051160892625,0.041504999999999986,0.059187500000000004,0.06323000000000001,0.2225375,0.175485,0.1223825,0.5386031,0.11442505,0.28622854,75,21,0,1,2156,16.308466,292.78613,0.13790284,-9999,10.942582169399486,0,0.20613877726718782,52
-8330976,2026,5.0,36.40871846536421,-119.71847791460864,0.02792,0.06312000000000001,0.038754999999999984,0.5535000000000001,0.19204,0.08745750000000002,0.87469536,0.47986063,0.7246356,95,4,0,1,82,0.0,-0.0,0.13101642,-9999,23.78896783808227,0,0.8444211912186196,52
-8255517,2026,5.0,37.16330330402461,-119.71847791460864,0.050387499999999974,0.073295,0.08891500000000002,0.20392,0.2681325,0.2058175,0.40959165,-0.1323611,0.013104904,45,3,0,1,410,12.8369055,321.3915,0.10294652,-9999,18.381578515165643,0,0.700286729335785,52
-8228568,2026,5.0,37.43279788926046,-119.71847791460864,0.013564999999999994,0.0352625,0.030395000000000005,0.20315,0.1113825,0.05685000000000001,0.752709,0.29012778,0.5627209,97,16,0,1,1130,34.840855,290.41614,0.12405399,-9999,15.297675520373957,0,0.27356124214828015,52
-8217788,2026,5.0,37.540595723354805,-119.71847791460864,0.037105,0.06477,0.0748625,0.2692325,0.21008,0.13374000000000003,0.55953515,0.123411134,0.3382418,100,18,0,1,1771,5.179966,26.769344,0.1826653,-9999,13.43618726012528,0,0.2677734434697777,52
-8214195,2026,5.0,37.57652833471958,-119.71847791460864,0.011997499999999994,0.043292499999999984,0.03388749999999999,0.2655475,0.13038499999999997,0.06996750000000002,0.7412155,0.3070918,0.5618943,99,19,0,1,1510,18.464426,14.163103,0.1826653,-9999,12.756221492316172,0,0.3654186998028308,52
-8210601,2026,5.0,37.61246094608437,-119.71847791460864,0.02541750000000001,0.051212499999999994,0.05080000000000001,0.24354750000000003,0.17196499999999998,0.10346250000000001,0.64848816,0.16534455,0.389686,77,18,0,1,1081,8.024279,226.45111,0.21062562,-9999,12.756221492316172,0,0.35183674648404123,52
-8205212,2026,5.0,37.66635986313154,-119.71847791460864,0.015352499999999991,0.05242249999999998,0.0417525,0.346755,0.17476999999999998,0.09587250000000003,0.77571297,0.30898818,0.5742619,89,18,0,1,1575,18.314611,222.81247,0.21062562,-9999,11.340140238115907,0,0.351800588114808,52
-8203415,2026,5.0,37.684326168813925,-119.71847791460864,0.010484999999999994,0.04224749999999999,0.028799999999999992,0.3267625,0.134345,0.06009500000000001,0.84069425,0.41598544,0.6803314,96,18,0,1,1408,30.132051,305.85086,0.21062562,-9999,11.340140238115907,0,0.317626647806416,52
-8201618,2026,5.0,37.70229247449632,-119.71847791460864,0.01546249999999999,0.03991,0.031907500000000005,0.22864250000000003,0.12769000000000003,0.0680425,0.7447248,0.28495306,0.54131484,98,19,0,1,1182,30.766176,274.6791,0.22208856,-9999,11.340140238115907,0,0.40310895078194636,52
-8187245,2026,5.0,37.846022919955445,-119.71847791460864,0.02437249999999999,0.05676749999999997,0.06504500000000002,0.23901,0.19215,0.13715,0.57214975,0.10198216,0.2620276,85,5,0,1,2268,17.629154,319.82748,0.21491593,-9999,9.57696714503794,0,0.25168372434563935,52
-8102804,2026,5.0,38.69043928702779,-119.71847791460864,0.03930499999999999,0.05770250000000002,0.06657125,0.19142125,0.19219125,0.1403675,0.48159873,-0.010986806,0.14652939,84,15,0,1,2259,22.445978,11.584423,0.13790284,-9999,10.942582169399486,0,0.24164861080829392,52
-8228568,2026,5.0,37.450764194942856,-119.73644422029102,0.022777500000000006,0.044639999999999985,0.03966249999999999,0.20969500000000002,0.13868999999999998,0.0838275,0.6841916,0.21635845,0.44264925,97,14,0,1,984,29.812906,274.86176,0.15145016,-9999,13.43618726012528,0,0.29672510707034516,52
-8224975,2026,5.0,37.486696806307634,-119.73644422029102,0.014554999999999985,0.03991,0.03465750000000001,0.2334,0.1230425,0.06661250000000002,0.7349736,0.29478723,0.54607403,95,8,0,1,1239,24.111353,253.18085,0.15145016,-9999,13.43618726012528,0,0.34417845638325584,52
-8221382,2026,5.0,37.52262941767241,-119.73644422029102,0.030119999999999994,0.054072499999999996,0.05607999999999999,0.23790999999999998,0.15495625,0.09074374999999998,0.6074664,0.19787392,0.4250041,81,18,0,1,1937,32.278763,233.88318,0.15145016,-9999,13.43618726012528,0,0.2836737834662199,52
-8219585,2026,5.0,37.540595723354805,-119.73644422029102,0.026544999999999985,0.05597000000000002,0.06251499999999999,0.24365750000000003,0.194735,0.1169925,0.5830551,0.1233633,0.3536904,100,18,0,1,1952,23.631607,2.674326,0.1826653,-9999,13.43618726012528,0,0.28991120733320713,52
-8215992,2026,5.0,37.57652833471958,-119.73644422029102,0.016782500000000006,0.043045,0.042082499999999995,0.2164875,0.14595000000000002,0.08635749999999998,0.67458415,0.20678961,0.44684625,96,19,0,1,1710,22.283108,265.46857,0.1826653,-9999,12.756221492316172,0,0.3120224662934956,52
-8208805,2026,5.0,37.64839355744915,-119.73644422029102,0.020494999999999985,0.06182749999999998,0.052669999999999995,0.3428225,0.1909675,0.1084675,0.69040424,0.25315621,0.48898372,95,18,0,1,1709,15.547278,351.54843,0.21062562,-9999,12.756221492316172,0,0.27371370055091876,52
-8192635,2026,5.0,37.81009030859066,-119.73644422029102,0.024180000000000007,0.052092499999999986,0.057510000000000006,0.24970750000000003,0.18588,0.11682749999999997,0.61010754,0.14493349,0.3513051,83,13,0,1,2009,17.656288,194.9211,0.23006395,-9999,9.57696714503794,0,0.3278381095081568,52
-8190839,2026,5.0,37.82805661427305,-119.73644422029102,0.01711249999999999,0.03934625,0.04111999999999999,0.18511,0.1232075,0.07724125000000001,0.6492183,0.17567855,0.38901973,98,16,0,1,1963,15.633495,318.76544,0.23006395,-9999,9.57696714503794,0,0.36389790996909144,52
-8189042,2026,5.0,37.846022919955445,-119.73644422029102,0.03919500000000001,0.07032499999999997,0.08611000000000002,0.20768750000000002,0.2524575,0.1966325,0.39705923,-0.10322013,0.024581976,92,10,0,1,2212,20.534409,6.28402,0.21491593,-9999,9.57696714503794,0,0.2618969756755784,52
-8185449,2026,5.0,37.88195553132022,-119.73644422029102,0.0235475,0.04582249999999999,0.0532475,0.2190725,0.18469750000000001,0.11077749999999997,0.6010865,0.0959125,0.34019998,63,14,0,1,2070,6.464861,180.0,0.21491593,-9999,9.880349936536561,0,0.2898433214134496,52
-8181856,2026,5.0,37.917888142685,-119.73644422029102,0.029212500000000002,0.05734499999999998,0.052092499999999986,0.2654375,0.1746875,0.0985125,0.66636425,0.19034702,0.44969884,76,13,0,1,2025,7.3788605,180.0,0.21491593,-9999,9.880349936536561,0,0.23661472119390964,52
-8138737,2026,5.0,38.349079479062375,-119.73644422029102,0.08620625000000001,0.11735000000000001,0.12731875,0.29055875,0.27993,0.21903124999999998,0.38954854,0.017420704,0.13665956,48,18,0,1,2549,25.837954,140.25325,0.1846631,-9999,5.268777670911561,0,0.30487797120197985,52
-8113584,2026,5.0,38.60060775861584,-119.73644422029102,0.042605000000000004,0.06171750000000001,0.06749249999999998,0.20602375,0.16438875,0.11838125000000002,0.49994045,0.11749754,0.2772106,53,15,0,1,2447,11.111328,335.04758,0.15467614,-9999,8.789114847490907,0,0.2706465654244477,52
-8111787,2026,5.0,38.61857406429823,-119.73644422029102,0.033062499999999995,0.04637250000000001,0.04882,0.170975,0.12084250000000002,0.08182,0.5489517,0.16858685,0.35213947,98,16,0,1,1987,27.55745,334.10458,0.15467614,-9999,8.789114847490907,0,0.26860032831742003,52
-8108194,2026,5.0,38.654506675663015,-119.73644422029102,0.04840749999999999,0.07087500000000002,0.07439499999999999,0.2187425,0.19424000000000002,0.14683000000000002,0.48227143,0.06602706,0.20077676,88,15,0,1,2064,22.19197,342.24844,0.13790284,-9999,10.942582169399486,0,0.18954579870721014,52
-8101007,2026,5.0,38.72637189839257,-119.73644422029102,0.05019499999999999,0.07346000000000003,0.08809,0.22009,0.17598000000000003,0.1279925,0.42832112,0.10330948,0.25866988,47,21,0,1,1968,15.327425,259.7942,0.13790284,-9999,10.942582169399486,0,0.2713764350861311,52
-8099211,2026,5.0,38.744338204074964,-119.73644422029102,0.046125,0.06463249999999998,0.07321250000000001,0.20144499999999999,0.18799749999999998,0.13165,0.48345056,0.05289041,0.22788517,57,22,0,1,1786,28.324043,43.878597,0.13790284,-9999,10.942582169399486,0,0.28972061416134237,52
-8233958,2026,5.0,37.41483158357807,-119.75441052597341,0.014142500000000002,0.038122500000000004,0.03322749999999999,0.2054875,0.12130999999999997,0.061195,0.7274913,0.26903957,0.541457,100,16,0,1,1107,15.143754,311.1431,0.12405399,-9999,16.805330510293288,0,0.3527812696993351,52
-8226772,2026,5.0,37.486696806307634,-119.75441052597341,0.012272499999999992,0.04235749999999999,0.02907499999999999,0.3298425,0.14630749999999998,0.0655675,0.8233838,0.37362668,0.66063905,95,8,0,1,1225,11.670861,99.01755,0.15145016,-9999,15.209412121516436,0,0.2848474702153068,52
-8224975,2026,5.0,37.50466311199003,-119.75441052597341,0.010760000000000006,0.04006124999999999,0.03131624999999999,0.2638425,0.121365,0.06115375000000001,0.7856526,0.37289822,0.6229743,99,8,0,1,1659,12.858947,218.73552,0.15145016,-9999,15.209412121516436,0,0.24487629152523974,52
-8223179,2026,5.0,37.52262941767241,-119.75441052597341,0.053824999999999984,0.08496875000000001,0.10072624999999999,0.24628375000000002,0.25104125,0.17378000000000002,0.4170707,-0.007525469,0.17765248,94,18,0,1,1556,25.419043,197.49559,0.15145016,-9999,15.209412121516436,0,0.3588319735844498,52
-8219585,2026,5.0,37.5585620290372,-119.75441052597341,0.03171499999999999,0.06699749999999999,0.07279999999999998,0.272285,0.211895,0.140285,0.54979813,0.117078215,0.32493976,95,18,0,1,2105,7.469008,188.96078,0.1826653,-9999,14.719298504244932,0,0.2869951349237691,52
-8217789,2026,5.0,37.57652833471958,-119.75441052597341,0.01686499999999999,0.048187499999999994,0.04543749999999999,0.289005,0.15882000000000002,0.0870725,0.71810746,0.26952136,0.52108127,100,18,0,1,1669,18.39835,247.08685,0.1826653,-9999,14.719298504244932,0,0.3196785910986364,52
-8210602,2026,5.0,37.64839355744915,-119.75441052597341,0.022364999999999996,0.06058999999999998,0.0443925,0.37711500000000003,0.174,0.08622000000000002,0.7743144,0.35422707,0.6139114,100,18,0,1,1644,21.111444,15.352977,0.21062562,-9999,14.719298504244932,0,0.24992159358225763,52
-8208806,2026,5.0,37.66635986313154,-119.75441052597341,0.016122499999999984,0.04744499999999999,0.034877500000000006,0.308915,0.1480125,0.07838250000000002,0.7583217,0.29492417,0.5454999,100,19,0,1,1301,23.962345,319.8961,0.21062562,-9999,13.249884336738205,0,0.31393685191869736,52
-8201619,2026,5.0,37.7382250858611,-119.75441052597341,0.0172225,0.04574,0.04183500000000001,0.259855,0.13338250000000001,0.073405,0.70661664,0.3166067,0.5557047,95,9,0,1,1850,20.244528,272.51562,0.22208856,-9999,13.249884336738205,0,0.24653883506967264,52
-8192636,2026,5.0,37.82805661427305,-119.75441052597341,0.05660249999999997,0.08605499999999999,0.10122125000000001,0.24873125000000001,0.26250874999999996,0.19450125,0.41711897,-0.029076824,0.11607473,45,13,0,1,1930,2.9900167,51.69639,0.23006395,-9999,11.236653489963999,0,0.43575802802418667,52
-8190839,2026,5.0,37.846022919955445,-119.75441052597341,0.026324999999999987,0.056410000000000016,0.061085,0.2810025,0.19605499999999998,0.12100749999999999,0.60683054,0.13489018,0.37451714,96,16,0,1,1982,17.131916,176.18683,0.21491593,-9999,11.236653489963999,0,0.30069094233214855,52
-8189043,2026,5.0,37.86398922563783,-119.75441052597341,0.03006500000000001,0.0623225,0.067245,0.289665,0.22795500000000002,0.13811250000000003,0.60848796,0.08447639,0.32957715,92,13,0,1,2141,13.23105,308.28998,0.21491593,-9999,11.429380199473428,0,0.2637071187567452,52
-8187246,2026,5.0,37.88195553132022,-119.75441052597341,0.02907499999999999,0.05564000000000002,0.06677749999999999,0.198585,0.21731250000000002,0.15056999999999998,0.48730302,-0.032645192,0.1560875,53,14,0,1,2083,3.9771895,117.75268,0.21491593,-9999,11.429380199473428,0,0.29855776264924894,52
-8185449,2026,5.0,37.899921837002616,-119.75441052597341,0.025389999999999996,0.0532475,0.05885750000000001,0.2454175,0.19765,0.12042999999999998,0.5854111,0.10490288,0.33508247,87,13,0,1,1944,5.446798,300.6176,0.21491593,-9999,11.429380199473428,0,0.26109721726441587,52
-8181856,2026,5.0,37.935854448367394,-119.75441052597341,0.0296525,0.052779999999999994,0.05113000000000001,0.23972500000000002,0.1543925,0.08677000000000001,0.6557738,0.21438873,0.4686299,98,13,0,1,2193,6.8721714,340.08658,0.19146925,-9999,11.429380199473428,0,0.2781350477039814,52
-8142330,2026,5.0,38.33111317337998,-119.75441052597341,0.049425,0.08300249999999998,0.0840475,0.254355,0.20240750000000002,0.150625,0.50459754,0.12384643,0.2624795,87,18,0,1,1964,27.235807,233.30586,0.1846631,-9999,6.7725237856629406,0,0.2698276888113469,52
-8133347,2026,5.0,38.42094470179194,-119.75441052597341,0.05016749999999999,0.07273125,0.0713425,0.26404875000000005,0.19894250000000002,0.13688875,0.56184095,0.13411237,0.30919832,76,18,0,1,2073,14.696518,189.06497,0.19209465,-9999,6.88728563042099,0,0.26498645859891956,52
-8221381,2026,5.0,37.5585620290372,-119.7723768316558,0.028249999999999997,0.05223,0.051680000000000004,0.194075,0.14721499999999998,0.09282000000000001,0.57552665,0.1371401,0.34048015,100,19,0,1,1676,27.079897,253.44417,0.147337,-9999,14.719298504244932,0,0.2880678769821922,52
-8217788,2026,5.0,37.594494640401976,-119.7723768316558,0.019917500000000005,0.04694999999999999,0.039112499999999994,0.31282000000000004,0.17842750000000002,0.0902075,0.77737933,0.25593498,0.54063874,91,19,0,1,1160,32.32697,18.83458,0.147337,-9999,14.719298504244932,0,0.2666776354384163,52
-8208805,2026,5.0,37.684326168813925,-119.7723768316558,0.027315000000000006,0.05332999999999999,0.05148750000000002,0.2391475,0.1631375,0.09997,0.6456896,0.18894565,0.41041085,75,14,0,1,983,32.57692,253.81853,0.17490028,-9999,13.249884336738205,0,0.351514507473136,52
-8207008,2026,5.0,37.70229247449632,-119.7723768316558,0.027975,0.055475,0.05979249999999997,0.255895,0.17622749999999998,0.11047499999999999,0.6235855,0.17021088,0.3902913,45,14,0,1,1243,17.615807,220.11766,0.1906548,-9999,13.249884336738205,0,0.2773172987314562,52
-8203415,2026,5.0,37.7382250858611,-119.7723768316558,0.022035,0.04832500000000001,0.05665749999999997,0.19872250000000002,0.1630275,0.10596499999999998,0.5610284,0.10583352,0.305864,99,12,0,1,1792,14.905638,193.33838,0.1906548,-9999,13.249884336738205,0,0.29531948665237945,52
-8198025,2026,5.0,37.792124002908274,-119.7723768316558,0.02291499999999999,0.04857249999999999,0.05674000000000001,0.20815499999999998,0.18170000000000003,0.12802000000000002,0.5688272,0.061844148,0.23053128,96,6,0,1,1816,8.36271,282.72305,0.21444052,-9999,11.236653489963999,0,0.404421276524663,52
-8196228,2026,5.0,37.81009030859066,-119.7723768316558,0.03465750000000001,0.06169000000000002,0.07527499999999998,0.22718500000000003,0.22250999999999999,0.14630749999999998,0.47670025,0.0031197013,0.19372289,100,16,0,1,1853,10.787394,120.64818,0.21444052,-9999,11.236653489963999,0,0.3968658164286843,52
-8192635,2026,5.0,37.846022919955445,-119.7723768316558,0.03187999999999999,0.06416499999999997,0.06889499999999998,0.29896,0.2142325,0.14080749999999997,0.6137279,0.1672936,0.37088716,87,13,0,1,2085,6.0182014,202.88567,0.21704347,-9999,11.236653489963999,0,0.3203635659720749,52
-8190839,2026,5.0,37.86398922563783,-119.7723768316558,0.021320000000000006,0.05316500000000002,0.05528250000000001,0.29643,0.18315750000000003,0.10448000000000002,0.67116135,0.21688972,0.47238296,71,13,0,1,2091,11.516949,17.571375,0.21704347,-9999,11.429380199473428,0,0.28368847404161224,52
-8187245,2026,5.0,37.899921837002616,-119.7723768316558,0.024400000000000005,0.05052499999999999,0.052395000000000025,0.2318325,0.16935250000000002,0.09295750000000003,0.625965,0.14653192,0.40881303,87,13,0,1,1914,10.798074,319.80682,0.21704347,-9999,11.429380199473428,0,0.3162742865582307,52
-8185449,2026,5.0,37.917888142685,-119.7723768316558,0.04135375000000001,0.06244624999999998,0.06973375000000001,0.24215875,0.193525,0.1327225,0.5643002,0.12655255,0.31196952,84,13,0,1,1921,6.019085,157.09427,0.21704347,-9999,11.429380199473428,0,0.2400477629324252,52
-8136940,2026,5.0,38.402978396109546,-119.7723768316558,0.03641749999999999,0.052092499999999986,0.04436499999999999,0.24572,0.14619749999999998,0.08710000000000001,0.6945006,0.24018496,0.47691175,100,20,0,1,2028,25.913427,317.13727,0.20907488,-9999,6.88728563042099,0,0.22512880363501608,52
-8135143,2026,5.0,38.42094470179194,-119.7723768316558,0.05760625,0.07762624999999998,0.085395,0.2401925,0.24085250000000002,0.17723125,0.4713409,-0.0066072866,0.14416759,67,19,0,1,2519,24.582973,172.21284,0.214516,-9999,6.88728563042099,0,0.19963668670970947,52
-8109990,2026,5.0,38.6724729813454,-119.7723768316558,0.045465000000000005,0.06738250000000001,0.07200250000000002,0.257435,0.18629250000000003,0.1283225,0.56043786,0.15318242,0.3316608,50,21,0,1,1976,10.433255,307.98026,0.1588816,-9999,9.846073117820197,0,0.22918921243399382,52
-8228568,2026,5.0,37.50466311199003,-119.7903431373382,0.013729999999999992,0.03969,0.03146750000000001,0.26244,0.1282125,0.06460500000000002,0.78529036,0.32447046,0.59984547,97,16,0,1,1255,19.353024,248.36417,0.13074872,-9999,15.209412121516436,0,0.36175542482389855,52
-8226772,2026,5.0,37.52262941767241,-119.7903431373382,0.01697499999999999,0.048765,0.037599999999999995,0.27839,0.1393775,0.07637500000000003,0.75146985,0.32070202,0.56289864,99,17,0,1,1665,25.660088,347.73535,0.13074872,-9999,15.209412121516436,0,0.3463547357171774,52
-8215992,2026,5.0,37.630427251766754,-119.7903431373382,0.03814999999999999,0.06617250000000002,0.07480749999999997,0.23807499999999998,0.17520999999999998,0.12389499999999998,0.51980925,0.14851867,0.30466384,62,18,0,1,1567,27.49749,154.40796,0.17490028,-9999,14.719298504244932,0,0.2910964540205896,52
-8212399,2026,5.0,37.66635986313154,-119.7903431373382,0.0233275,0.048985,0.04524500000000001,0.2467375,0.1689675,0.09386499999999998,0.7002292,0.2026421,0.4575772,90,19,0,1,829,32.995205,333.836,0.17490028,-9999,13.249884336738205,0,0.3021672604760776,52
-8207009,2026,5.0,37.72025878017871,-119.7903431373382,0.04205500000000001,0.0830575,0.08509250000000002,0.2865025,0.2317225,0.1457025,0.5759993,0.09591994,0.34124008,74,15,0,1,1513,20.382704,82.489746,0.1906548,-9999,13.249884336738205,0,0.3160273814168961,52
-8205212,2026,5.0,37.7382250858611,-119.7903431373382,0.021801249999999994,0.047513749999999993,0.05337124999999998,0.2289725,0.16935250000000002,0.09992875000000001,0.6079819,0.15972446,0.39206326,99,16,0,1,1869,22.326641,265.4784,0.1906548,-9999,13.249884336738205,0,0.3371555309065364,52
-8201619,2026,5.0,37.77415769722588,-119.7903431373382,0.0074462500000000015,0.03200375,0.02837374999999999,0.19017,0.0962025,0.055213750000000006,0.72970057,0.2971425,0.52629447,96,6,0,1,1845,14.908361,270.0,0.21444052,-9999,11.236653489963999,0,0.2680164809123828,52
-8199822,2026,5.0,37.792124002908274,-119.7903431373382,0.027232499999999993,0.06347750000000002,0.06020500000000001,0.3113075,0.18675999999999998,0.11382999999999999,0.65314454,0.21183997,0.45409745,100,14,0,1,1662,12.421479,248.44008,0.21444052,-9999,11.236653489963999,0,0.48657743668613523,52
-8198025,2026,5.0,37.81009030859066,-119.7903431373382,0.019174999999999998,0.04414499999999999,0.043155,0.24341000000000002,0.1404225,0.07689750000000001,0.68011254,0.2512353,0.5166986,96,14,0,1,1877,8.904481,231.68968,0.21444052,-9999,11.236653489963999,0,0.4802748940140009,52
-8196229,2026,5.0,37.82805661427305,-119.7903431373382,0.015600000000000003,0.04430999999999999,0.03908500000000001,0.2678575,0.14328249999999998,0.07268999999999998,0.7379468,0.3010844,0.5730992,100,14,0,1,1884,12.986069,282.15662,0.21444052,-9999,11.236653489963999,0,0.5135743964153031,52
-8192636,2026,5.0,37.86398922563783,-119.7903431373382,0.017359999999999987,0.0473625,0.04436499999999999,0.2777575,0.146885,0.08352500000000002,0.7172808,0.3012307,0.540168,95,14,0,1,1994,8.219102,83.56531,0.21704347,-9999,11.429380199473428,0,0.290357341679434,52
-8189042,2026,5.0,37.899921837002616,-119.7903431373382,0.026792499999999997,0.05198249999999999,0.05316500000000002,0.23384,0.17015000000000002,0.09889750000000003,0.6503791,0.19690372,0.45076397,69,13,0,1,1798,4.383478,327.63977,0.21704347,-9999,11.429380199473428,0,0.2933307803151282,52
-8136940,2026,5.0,38.42094470179194,-119.7903431373382,0.05722125,0.07779125,0.08481750000000002,0.24628375000000002,0.26068,0.18394125,0.5188065,0.0173434,0.18918979,93,18,0,1,2426,23.689941,196.41226,0.214516,-9999,6.88728563042099,0,0.25006285005171475,52
-8113584,2026,5.0,38.654506675663015,-119.7903431373382,0.04574,0.06467375,0.0679325,0.19582125,0.16507625,0.11618125000000001,0.47281247,0.081516646,0.23796119,71,22,0,1,2081,19.064724,286.32254,0.1588816,-9999,9.846073117820197,0,0.2423725820739161,52
-8111787,2026,5.0,38.6724729813454,-119.7903431373382,0.0430175,0.06554000000000001,0.06775375,0.24719125,0.20544625,0.14054625,0.5620796,0.088778965,0.27089867,66,21,0,1,2025,26.090881,46.037292,0.1588816,-9999,9.846073117820197,0,0.26381930380704854,52
-8104601,2026,5.0,38.744338204074964,-119.7903431373382,0.04431,0.06552624999999998,0.06530625000000001,0.24782374999999998,0.1661075,0.11548,0.58127624,0.19513285,0.36201167,52,21,0,1,1894,17.670586,15.105488,0.1588816,-9999,9.846073117820197,0,0.29179685851559045,52
-8313009,2026,5.0,36.678213050600064,-119.80830944302059,0.031027499999999986,0.052917500000000006,0.042027499999999995,0.29379,0.1632475,0.0899875,0.75230813,0.28476682,0.53037035,39,4,0,1,87,0.92740995,180.0,0.12522227,-9999,22.771969875212676,0,3.2563590796097466,52
-8237551,2026,5.0,37.43279788926046,-119.80830944302059,0.014032500000000003,0.03622500000000001,0.028579999999999994,0.252925,0.13682,0.06526500000000002,0.79824334,0.30464834,0.5873483,41,23,0,1,901,14.200924,255.17447,0.112924725,-9999,16.805330510293288,0,0.2531242945790291,52
-8230364,2026,5.0,37.50466311199003,-119.80830944302059,0.028634999999999994,0.05104750000000002,0.05497999999999997,0.2079625,0.18046250000000003,0.11762499999999998,0.58238864,0.08810898,0.30310482,64,7,0,1,1032,5.17946,206.7582,0.13074872,-9999,15.209412121516436,0,0.45086123384535315,52
-8228568,2026,5.0,37.52262941767241,-119.80830944302059,0.03333749999999999,0.06584250000000003,0.06988499999999997,0.27718,0.19514750000000003,0.1260675,0.6006029,0.17516722,0.37540063,97,18,0,1,1351,15.986835,205.30579,0.13074872,-9999,15.209412121516436,0,0.28721515828743577,52
-8226771,2026,5.0,37.540595723354805,-119.80830944302059,0.020687499999999998,0.0595175,0.04598749999999999,0.3388625,0.216625,0.11611250000000001,0.7323459,0.2020237,0.48233494,100,16,0,1,1215,5.179966,26.769344,0.147337,-9999,15.209412121516436,0,0.305933341383934,52
-8205211,2026,5.0,37.75619139154349,-119.80830944302059,0.019381250000000003,0.0398275,0.03951125,0.19415749999999998,0.12316625,0.07603125,0.6706572,0.25494507,0.47251022,100,16,0,1,1941,7.0635405,97.50663,0.1906548,-9999,11.236653489963999,0,0.26911653485149145,52
-8201618,2026,5.0,37.792124002908274,-119.80830944302059,0.02389124999999999,0.05434749999999999,0.03890624999999999,0.35385,0.16427875,0.07828625,0.7923003,0.35843617,0.6349535,100,13,0,1,1645,5.034925,68.44008,0.21444052,-9999,11.236653489963999,0,0.34393409850156825,52
-8198025,2026,5.0,37.82805661427305,-119.80830944302059,0.012410000000000004,0.049315,0.03135750000000001,0.3448575,0.15444750000000002,0.07552249999999999,0.7963773,0.33561614,0.61796945,100,14,0,1,1578,11.490884,322.77847,0.21444052,-9999,11.236653489963999,0,0.42831043254894513,52
-8196228,2026,5.0,37.846022919955445,-119.80830944302059,0.03047749999999999,0.06551249999999997,0.06215749999999998,0.29753,0.2162675,0.12656250000000002,0.6376342,0.15762898,0.39860272,76,13,0,1,1580,9.267313,187.21732,0.21704347,-9999,11.236653489963999,0,0.465560135897249,52
-8192635,2026,5.0,37.88195553132022,-119.80830944302059,0.028414999999999996,0.05915999999999999,0.06133250000000001,0.2708825,0.19803500000000002,0.11867,0.6456886,0.15260905,0.39541814,45,14,0,1,1857,9.362326,95.63455,0.21704347,-9999,11.429380199473428,0,0.38192272097196267,52
-8147719,2026,5.0,38.33111317337998,-119.80830944302059,0.05576375,0.07759875000000002,0.08912125000000001,0.228395,0.25051875,0.1736975,0.4339236,-0.044157572,0.13737166,100,18,0,1,1984,14.38425,341.22476,0.20907488,-9999,6.7725237856629406,0,0.24331151261382425,52
-8140533,2026,5.0,38.402978396109546,-119.80830944302059,0.05920124999999998,0.08362124999999998,0.0811325,0.3027825,0.23113125,0.15395250000000002,0.58223087,0.13571693,0.32144713,89,18,0,1,2032,26.016361,111.39674,0.20907488,-9999,6.88728563042099,0,0.16731221174510816,52
-8136939,2026,5.0,38.438911007474324,-119.80830944302059,0.047555,0.07963375,0.0720025,0.32608875,0.2118125,0.13572,0.6476034,0.2266546,0.43525836,62,18,0,1,2168,25.918598,137.1231,0.214516,-9999,6.88728563042099,0,0.25755222941127914,52
-8115380,2026,5.0,38.654506675663015,-119.80830944302059,0.04088625,0.06690125,0.06431624999999999,0.27524125,0.16140500000000002,0.10589625,0.62184525,0.25114742,0.43940356,50,21,0,1,1851,15.427999,355.69232,0.1588816,-9999,9.846073117820197,0,0.24874939312311736,52
-8109990,2026,5.0,38.708405592710186,-119.80830944302059,0.03703624999999999,0.06566374999999999,0.06450875,0.2821575,0.1645125,0.10479625000000001,0.6262149,0.2528472,0.4497459,36,21,0,1,2040,30.389868,82.06712,0.1588816,-9999,9.846073117820197,0,0.20960961603982883,52
-8339959,2026,5.0,36.426684771046595,-119.82627574870298,0.10654249999999998,0.14908500000000002,0.1891525,0.28697,0.4810925,0.45452750000000003,0.20290503,-0.2539905,-0.22501768,88,3,0,1,69,1.4791917,51.179234,0.12683581,-9999,23.53157273979599,0,1.7706954926252365,52
-8332773,2026,5.0,36.49854999377616,-119.82627574870298,0.04441999999999999,0.07321250000000001,0.07637500000000003,0.2907925,0.21338000000000001,0.14284249999999998,0.5914868,0.14736283,0.33357826,80,5,0,1,75,0.92740995,-0.0,0.12238148,-9999,23.436840926959974,0,1.1430470722124857,52
-8228568,2026,5.0,37.540595723354805,-119.82627574870298,0.016754999999999992,0.044117500000000004,0.03534499999999999,0.2829275,0.15714250000000002,0.084955,0.7704367,0.29044667,0.54306096,97,22,0,1,1242,26.975746,222.98923,0.147337,-9999,15.209412121516436,0,0.2981503165792674,52
-8226771,2026,5.0,37.5585620290372,-119.82627574870298,0.03215499999999999,0.06229499999999999,0.06614500000000001,0.29247,0.218605,0.13049500000000003,0.636597,0.14854021,0.39031112,89,19,0,1,1242,21.038496,72.86631,0.147337,-9999,14.719298504244932,0,0.2471630334481597,52
-8224975,2026,5.0,37.57652833471958,-119.82627574870298,0.03473999999999999,0.06301000000000001,0.06862000000000001,0.23870750000000002,0.20403,0.12925750000000003,0.5534406,0.07832519,0.29744676,37,19,0,1,1176,25.285244,72.03626,0.147337,-9999,14.719298504244932,0,0.2899601812241599,52
-8208805,2026,5.0,37.7382250858611,-119.82627574870298,0.014747499999999997,0.03740750000000001,0.04230249999999999,0.169875,0.1260675,0.07571499999999998,0.60582244,0.17742452,0.40779167,100,16,0,1,1710,5.9159327,261.0124,0.1906548,-9999,13.249884336738205,0,0.27132286317646503,52
-8203415,2026,5.0,37.792124002908274,-119.82627574870298,0.020274999999999987,0.050634999999999986,0.044942499999999996,0.2696175,0.1500475,0.08302999999999999,0.71425164,0.2661762,0.51019806,100,14,0,1,1541,15.748202,30.563519,0.21444052,-9999,11.236653489963999,0,0.32663805021539977,52
-8201618,2026,5.0,37.81009030859066,-119.82627574870298,0.019642500000000007,0.05225750000000001,0.04700499999999999,0.27003,0.17741,0.09724749999999999,0.72036046,0.19155036,0.454992,98,14,0,1,1631,17.10686,273.01495,0.21444052,-9999,11.236653489963999,0,0.4013670812516163,52
-8199822,2026,5.0,37.82805661427305,-119.82627574870298,0.019752500000000006,0.05420999999999998,0.03971749999999999,0.296375,0.15277000000000002,0.07780500000000001,0.7613166,0.3021746,0.55768573,100,14,0,1,1495,14.458253,331.51596,0.21444052,-9999,11.236653489963999,0,0.43852876250942546,52
-8196229,2026,5.0,37.86398922563783,-119.82627574870298,0.0353175,0.06741000000000003,0.06939000000000001,0.2631825,0.23169499999999998,0.15381499999999998,0.5844599,0.055083103,0.28542513,45,13,0,1,1603,7.0735793,277.49582,0.21704347,-9999,11.429380199473428,0,0.2738598046655005,52
-8194432,2026,5.0,37.88195553132022,-119.82627574870298,0.014692499999999997,0.05140499999999998,0.037242499999999984,0.2971175,0.1743575,0.09980499999999998,0.7211292,0.24777834,0.50592095,86,13,0,1,1657,3.6404011,255.25993,0.21704347,-9999,11.429380199473428,0,0.4467137095828851,52
-8149516,2026,5.0,38.33111317337998,-119.82627574870298,0.05187249999999999,0.07109499999999999,0.07695250000000001,0.2145075,0.20891125,0.15332,0.46739298,0.008817859,0.15958633,91,19,0,1,2013,21.34022,353.93604,0.20907488,-9999,6.7725237856629406,0,0.24872413968356946,52
-8147720,2026,5.0,38.349079479062375,-119.82627574870298,0.05591499999999999,0.08085750000000003,0.08701750000000003,0.256225,0.235545,0.17801499999999998,0.49052998,0.06295966,0.18885107,60,18,0,1,2221,26.097939,202.28665,0.20907488,-9999,6.7725237856629406,0,0.2294835727661848,52
-8118973,2026,5.0,38.63654036998062,-119.82627574870298,0.03963499999999999,0.05914625000000001,0.05469125,0.2332075,0.14429999999999998,0.09569375,0.6180997,0.23545721,0.4133833,98,21,0,1,2100,31.069351,300.69568,0.1786504,-9999,7.597905485091701,0,0.3250261133625394,52
-8115380,2026,5.0,38.6724729813454,-119.82627574870298,0.04206874999999999,0.06397249999999999,0.05414125,0.29306125000000005,0.1637425,0.09848499999999999,0.68795866,0.28308633,0.4982949,83,21,0,1,2018,21.532887,52.01976,0.1588816,-9999,9.846073117820197,0,0.23702752049125375,52
-8108194,2026,5.0,38.744338204074964,-119.82627574870298,0.0446675,0.06294125,0.06840000000000002,0.2272125,0.18597625,0.12476124999999999,0.53280944,0.096192,0.28176814,39,21,0,1,1910,8.177037,25.6783,0.1588816,-9999,9.846073117820197,0,0.2557626919200023,52
-8065075,2026,5.0,39.17552954045233,-119.82627574870298,0.0309725,0.04932874999999999,0.05205125000000002,0.19942375,0.14890625,0.09392,0.5895155,0.16262539,0.37244505,71,4,0,1,1756,22.13863,5.8919134,0.10099369,-9999,13.210107791039263,0,0.40939856672452557,52
-8232162,2026,5.0,37.52262941767241,-119.84424205438536,0.02437249999999999,0.05519999999999997,0.053027500000000005,0.2801775,0.2014725,0.12020999999999998,0.68266344,0.17157313,0.41782242,90,23,0,1,1022,7.219214,75.19148,0.117711194,-9999,15.209412121516436,0,0.3098010240743558,52
-8228568,2026,5.0,37.5585620290372,-119.84424205438536,0.019119999999999998,0.048022499999999996,0.038699999999999984,0.3094925,0.17551250000000002,0.09125250000000001,0.7768986,0.27435192,0.53212404,66,23,0,1,1105,6.893739,57.61778,0.12423812,-9999,14.719298504244932,0,0.2959472886286676,52
-8226772,2026,5.0,37.57652833471958,-119.84424205438536,0.01628750000000001,0.047719999999999985,0.035619999999999985,0.36476749999999997,0.1727075,0.08052749999999997,0.8242367,0.32572606,0.61045516,100,16,0,1,1201,18.60722,256.08957,0.12423812,-9999,14.719298504244932,0,0.28459368273615837,52
-8223178,2026,5.0,37.61246094608437,-119.84424205438536,0.018955,0.049589999999999995,0.03617000000000001,0.3189525,0.1585725,0.07813500000000001,0.79952997,0.33221406,0.60419035,73,18,0,1,965,26.684406,69.250435,0.15070403,-9999,14.719298504244932,0,0.33160116663202643,52
-8221382,2026,5.0,37.630427251766754,-119.84424205438536,0.02134749999999999,0.043842500000000006,0.0357025,0.20543250000000002,0.127965,0.07467000000000001,0.6878338,0.23192048,0.46009368,87,18,0,1,737,35.402504,320.75012,0.15070403,-9999,14.719298504244932,0,0.2908585385783859,52
-8219585,2026,5.0,37.64839355744915,-119.84424205438536,0.0234925,0.045630000000000004,0.046015,0.193195,0.1256,0.08050000000000002,0.62525517,0.21610522,0.42121908,53,18,0,1,870,30.409746,257.25308,0.15070403,-9999,14.719298504244932,0,0.2820703425289442,52
-8214195,2026,5.0,37.70229247449632,-119.84424205438536,0.020604999999999984,0.05234,0.04835249999999999,0.2857875,0.1658325,0.09578999999999999,0.6863904,0.24987271,0.49044278,81,11,0,1,1577,2.9869,128.35094,0.16455282,-9999,13.249884336738205,0,0.31075586058199406,52
-8212399,2026,5.0,37.72025878017871,-119.84424205438536,0.023464999999999986,0.053412499999999974,0.04532749999999999,0.2747875,0.14630749999999998,0.08531250000000001,0.71971834,0.2913647,0.5183909,85,18,0,1,1469,29.425081,258.4107,0.16455282,-9999,13.249884336738205,0,0.28069078185565205,52
-8210602,2026,5.0,37.7382250858611,-119.84424205438536,0.021485000000000004,0.05102000000000001,0.05442999999999998,0.2592775,0.18181000000000003,0.10874250000000002,0.649219,0.16928439,0.42274833,94,19,0,1,1757,16.982029,222.08923,0.16455282,-9999,13.249884336738205,0,0.26802131021395326,52
-8205212,2026,5.0,37.792124002908274,-119.84424205438536,0.024400000000000005,0.04891625000000001,0.039552500000000004,0.23802,0.14412124999999998,0.0809125,0.7174467,0.24519572,0.49860722,100,16,0,1,1432,12.208598,34.615017,0.20373476,-9999,11.236653489963999,0,0.2576558935739424,52
-8203415,2026,5.0,37.81009030859066,-119.84424205438536,0.028744999999999993,0.058087500000000014,0.05690499999999998,0.26849,0.20152750000000003,0.1229325,0.6389991,0.13979818,0.37186798,87,13,0,1,1558,11.090598,204.71533,0.20373476,-9999,11.236653489963999,0,0.44394157772573334,52
-8201619,2026,5.0,37.82805661427305,-119.84424205438536,0.018955,0.05283500000000002,0.043045,0.2686,0.14743499999999998,0.08330500000000002,0.716219,0.2722429,0.502961,100,14,0,1,1469,1.8543341,180.0,0.20373476,-9999,11.236653489963999,0,0.3965779025615616,52
-8198026,2026,5.0,37.86398922563783,-119.84424205438536,0.01551749999999999,0.04629,0.0353725,0.2907375,0.1475725,0.07703500000000002,0.7653908,0.3007248,0.5596483,53,10,0,1,1467,8.986561,337.1093,0.22562562,-9999,11.429380199473428,0,0.2797372568570806,52
-8187246,2026,5.0,37.97178705973217,-119.84424205438536,0.03471250000000001,0.061167499999999986,0.05305500000000002,0.30734750000000005,0.1838725,0.11198750000000002,0.69540054,0.2274619,0.4458166,83,14,0,1,1763,14.520768,180.0,0.21470775,-9999,11.164154225011032,0,0.3139008611602628,52
-8176466,2026,5.0,38.07958489382652,-119.84424205438536,0.05756499999999998,0.07906999999999997,0.09416750000000002,0.25553750000000003,0.27168000000000003,0.19300250000000002,0.44797328,-0.027969854,0.15508918,56,8,0,1,2374,8.2891,180.0,0.21470775,-9999,8.204602813720726,0,0.35271761439740656,52
-8147720,2026,5.0,38.36704578474477,-119.84424205438536,0.04542375,0.06852375,0.06932125,0.25350249999999996,0.1806825,0.12745625,0.56592727,0.14404713,0.32263392,96,18,0,1,1957,24.369776,304.874,0.23309053,-9999,6.88728563042099,0,0.27636835468001664,52
-8145923,2026,5.0,38.38501209042715,-119.84424205438536,0.10039625000000002,0.128625,0.13584374999999999,0.30433625000000003,0.30050000000000004,0.23410125,0.38146576,0.02783956,0.14734925,31,17,0,1,2164,35.42174,99.16747,0.23309053,-9999,6.88728563042099,0,0.2811228237301111,52
-8117177,2026,5.0,38.6724729813454,-119.84424205438536,0.03929125,0.057042499999999996,0.06338125,0.1952025,0.1871725,0.13606375,0.50703835,0.011406757,0.1735982,51,21,0,1,2193,10.880528,59.648987,0.18029206,-9999,9.846073117820197,0,0.300702312340339,52
-8113584,2026,5.0,38.708405592710186,-119.84424205438536,0.044626250000000006,0.060425000000000006,0.06485250000000001,0.1988325,0.17332625000000002,0.1292025,0.5073154,0.06901517,0.2097191,53,21,0,1,2002,17.132774,176.14142,0.18029206,-9999,9.846073117820197,0,0.29933633451305686,52
-8066872,2026,5.0,39.17552954045233,-119.84424205438536,0.042495000000000005,0.06013625,0.06145624999999999,0.22345875,0.17244625,0.115755,0.55768,0.13204804,0.3166323,70,4,0,1,2038,37.358982,57.987503,0.10859194,-9999,13.210107791039263,0,0.34378881873015094,52
-8339959,2026,5.0,36.46261738241138,-119.86220836006775,0.04076250000000001,0.07068249999999998,0.0774475,0.31150000000000005,0.194955,0.1232625,0.60177934,0.23365615,0.43437424,56,2,0,1,68,2.18319,31.869322,0.12725507,-9999,23.610443287511032,0,1.2413935456424952,52
-8233958,2026,5.0,37.52262941767241,-119.86220836006775,0.015297499999999992,0.041147500000000004,0.031907500000000005,0.27256,0.1421825,0.07758500000000002,0.79040456,0.30691284,0.55112964,99,22,0,1,1267,19.068636,289.13608,0.117711194,-9999,16.21413479876776,0,0.35237230473886366,52
-8230364,2026,5.0,37.5585620290372,-119.86220836006775,0.024152499999999993,0.053385000000000016,0.0507725,0.28680500000000003,0.19135249999999998,0.11685499999999999,0.6718043,0.1804962,0.4307816,94,17,0,1,1196,10.664415,18.985033,0.12423812,-9999,15.761120055824222,0,0.3285898862649565,52
-8228568,2026,5.0,37.57652833471958,-119.86220836006775,0.010732500000000006,0.037957500000000005,0.027535000000000004,0.2918925,0.13704,0.06721749999999999,0.81370884,0.36101833,0.619348,99,23,0,1,1261,16.344572,44.145,0.12423812,-9999,15.761120055824222,0,0.4304918375109201,52
-8226771,2026,5.0,37.594494640401976,-119.86220836006775,0.02209,0.05478749999999999,0.04332,0.3755475,0.19391000000000003,0.09972249999999999,0.7903882,0.3126413,0.57690233,99,16,0,1,1226,9.327054,84.34369,0.12423812,-9999,15.761120055824222,0,0.2926308942648272,52
-8223178,2026,5.0,37.630427251766754,-119.86220836006775,0.013014999999999999,0.03600500000000001,0.02464749999999999,0.2312825,0.10514000000000001,0.052312499999999984,0.8073887,0.36699337,0.62187266,94,19,0,1,928,30.275852,320.9329,0.15070403,-9999,15.761120055824222,0,0.3215156913451526,52
-8219585,2026,5.0,37.66635986313154,-119.86220836006775,0.02552750000000001,0.04683999999999999,0.04873749999999999,0.17364249999999998,0.151065,0.09826499999999999,0.57522887,0.08017322,0.29439336,47,11,0,1,701,46.29016,265.56238,0.15070403,-9999,14.763130934520461,0,0.8449824916509291,52
-8215991,2026,5.0,37.70229247449632,-119.86220836006775,0.020274999999999987,0.05118499999999998,0.0447225,0.3198325,0.18854749999999998,0.0984025,0.75464606,0.25824186,0.5294392,96,19,0,1,1048,6.998564,270.0,0.16455282,-9999,14.763130934520461,0,0.2857658367914458,52
-8214195,2026,5.0,37.72025878017871,-119.86220836006775,0.03355749999999999,0.06562249999999997,0.06518249999999998,0.2987675,0.22336250000000002,0.13638,0.625151,0.12860498,0.3612468,75,18,0,1,1534,12.819421,185.15987,0.16455282,-9999,14.763130934520461,0,0.3056019948456775,52
-8212398,2026,5.0,37.7382250858611,-119.86220836006775,0.016782500000000006,0.04216500000000001,0.0386725,0.2371125,0.132035,0.079345,0.72254974,0.2675855,0.49764922,94,19,0,1,1678,28.939096,271.67767,0.16455282,-9999,14.763130934520461,0,0.29153560203584755,52
-8210601,2026,5.0,37.75619139154349,-119.86220836006775,0.015710000000000002,0.0533575,0.037957500000000005,0.3538225,0.14947,0.078685,0.8056167,0.36324283,0.62102485,95,18,0,1,1583,19.363626,277.94272,0.16455282,-9999,13.546021664527188,0,0.3098277234998734,52
-8208805,2026,5.0,37.77415769722588,-119.86220836006775,0.016149999999999998,0.04554749999999999,0.043539999999999995,0.2848525,0.16195500000000002,0.08800750000000002,0.72248036,0.2346962,0.5101783,99,14,0,1,1738,14.259444,75.239334,0.20373476,-9999,13.546021664527188,0,0.2701605920396421,52
-8207008,2026,5.0,37.792124002908274,-119.86220836006775,0.011007500000000003,0.03738,0.030202499999999993,0.2202,0.1446575,0.07467000000000001,0.74610025,0.23503402,0.4978629,100,16,0,1,1465,13.78645,293.31793,0.20373476,-9999,13.546021664527188,0,0.3476251799451268,52
-8203415,2026,5.0,37.82805661427305,-119.86220836006775,0.010512500000000008,0.04519000000000001,0.03042249999999999,0.2751175,0.1531,0.0806925,0.7797152,0.23776646,0.512141,100,14,0,1,1413,12.974778,314.6344,0.20373476,-9999,13.546021664527188,0,0.3694543167061749,52
-8198025,2026,5.0,37.88195553132022,-119.86220836006775,0.02761749999999999,0.05555749999999998,0.0568225,0.28961000000000003,0.1919575,0.12235499999999999,0.68168586,0.1841364,0.41253427,99,13,0,1,1386,6.137846,287.52148,0.22562562,-9999,13.214882971650809,0,0.9407403177541235,52
-8192635,2026,5.0,37.935854448367394,-119.86220836006775,0.0463725,0.06849625000000001,0.066915,0.263705,0.21427375,0.1430625,0.5936277,0.098674305,0.29703155,53,14,0,1,1524,10.096576,-0.0,0.21470775,-9999,13.214882971650809,0,0.3176973317142414,52
-8180059,2026,5.0,38.06161858814413,-119.86220836006775,0.05275249999999998,0.07741999999999999,0.079125,0.24253000000000002,0.20994249999999998,0.14221,0.5054221,0.07062669,0.2562939,58,8,0,1,2170,10.522519,94.99968,0.21470775,-9999,9.434263011973428,0,0.31451427869498727,52
-8151313,2026,5.0,38.349079479062375,-119.86220836006775,0.06812500000000002,0.09926874999999999,0.10190874999999999,0.30821375,0.26046,0.18812125,0.50815964,0.1031634,0.26529843,90,18,0,1,2024,25.905668,42.84145,0.23309053,-9999,9.355400339762411,0,0.24462083872640505,52
-8147719,2026,5.0,38.38501209042715,-119.86220836006775,0.07468375,0.1132525,0.12216250000000001,0.30382750000000003,0.25936000000000003,0.2000425,0.42859858,0.092420734,0.22123152,44,17,0,1,2490,24.47197,185.20668,0.23309053,-9999,8.922478632773164,0,0.2775400543957949,52
-8117177,2026,5.0,38.69043928702779,-119.86220836006775,0.050621250000000007,0.07784625,0.08465249999999999,0.22163000000000002,0.19289250000000002,0.14274625000000002,0.44279125,0.06931231,0.21054946,84,22,0,1,2019,27.131638,348.3247,0.18029206,-9999,8.214539074641436,0,0.2540875199871759,52
-8115380,2026,5.0,38.708405592710186,-119.86220836006775,0.054966249999999994,0.08466625,0.09070250000000002,0.303965,0.23767625,0.17805625,0.5413462,0.123750575,0.2625153,44,21,0,1,2401,30.497454,129.20789,0.18029206,-9999,8.214539074641436,0,0.3173710308259442,52
-8235755,2026,5.0,37.52262941767241,-119.88017466575015,0.03089,0.059655000000000014,0.06180000000000002,0.2383225,0.18934499999999999,0.11762499999999998,0.6254716,0.124987125,0.35418126,40,23,0,1,936,7.421152,231.58167,0.117711194,-9999,16.21413479876776,0,0.2973088835082624,52
-8233958,2026,5.0,37.540595723354805,-119.88017466575015,0.02198,0.04873749999999999,0.043182499999999985,0.276795,0.16443000000000002,0.09474500000000002,0.7300904,0.254666,0.48313978,99,22,0,1,1115,17.745092,210.68863,0.12423812,-9999,16.21413479876776,0,0.28330635526419984,52
-8232161,2026,5.0,37.5585620290372,-119.88017466575015,0.025582500000000008,0.05869249999999998,0.0536875,0.31034500000000004,0.181865,0.10346250000000001,0.69985473,0.2533786,0.5060539,90,14,0,1,1290,4.669616,90.0,0.12423812,-9999,15.761120055824222,0,0.3178023858724729,52
-8230365,2026,5.0,37.57652833471958,-119.88017466575015,0.020549999999999985,0.049699999999999994,0.0387825,0.35781,0.17741,0.09243499999999999,0.78992766,0.31574154,0.57263774,98,16,0,1,1191,10.109406,223.42038,0.12423812,-9999,15.761120055824222,0,0.27824987859829614,52
-8228568,2026,5.0,37.594494640401976,-119.88017466575015,0.03938749999999999,0.06771250000000001,0.0751925,0.23186,0.2199525,0.1475725,0.5130374,0.02635496,0.21982342,64,3,0,1,1125,9.266828,187.19313,0.12423812,-9999,15.761120055824222,0,0.2985495409077924,52
-8226771,2026,5.0,37.61246094608437,-119.88017466575015,0.044529999999999986,0.07304749999999999,0.07467000000000001,0.2596075,0.23661749999999998,0.16173500000000002,0.5532454,0.051117435,0.23607904,48,18,0,1,1191,17.395273,101.9279,0.15070403,-9999,15.761120055824222,0,0.2781897923382728,52
-8219585,2026,5.0,37.684326168813925,-119.88017466575015,0.021045000000000008,0.04519000000000001,0.03669249999999999,0.242365,0.1316775,0.07109500000000002,0.7379985,0.30620477,0.5514871,90,19,0,1,844,13.567298,323.60608,0.15070403,-9999,14.763130934520461,0,0.3263109401644518,52
-8215992,2026,5.0,37.72025878017871,-119.88017466575015,0.022035,0.05245,0.0478025,0.30231500000000006,0.19715500000000002,0.10549750000000002,0.7178255,0.2108847,0.48261762,31,19,0,1,1255,10.592348,99.96957,0.16455282,-9999,14.763130934520461,0,0.31278628386233165,52
-8214195,2026,5.0,37.7382250858611,-119.88017466575015,0.035042500000000004,0.062350000000000017,0.058445000000000025,0.25463,0.19781500000000002,0.12086999999999998,0.6269,0.13326623,0.35668814,35,19,0,1,1183,14.371008,225.97446,0.16455282,-9999,14.763130934520461,0,0.26885553694922815,52
-8212398,2026,5.0,37.75619139154349,-119.88017466575015,0.01947750000000001,0.05069000000000001,0.040514999999999995,0.32549750000000005,0.16610750000000002,0.08644000000000002,0.75215256,0.31104863,0.56728935,32,19,0,1,1511,14.503637,108.2332,0.16455282,-9999,13.546021664527188,0,0.328856032257053,52
-8208805,2026,5.0,37.792124002908274,-119.88017466575015,0.011007500000000003,0.04447499999999999,0.03350249999999999,0.31117,0.1509275,0.07618249999999999,0.8058746,0.31141806,0.5902796,100,14,0,1,1609,11.888559,283.33698,0.20373476,-9999,13.546021664527188,0,0.28301103749651124,52
-8205212,2026,5.0,37.82805661427305,-119.88017466575015,0.041917499999999996,0.07112249999999998,0.08396500000000001,0.25639,0.2504225,0.16610750000000002,0.50397193,0.012005367,0.21368766,34,13,0,1,1389,12.100785,168.97806,0.20373476,-9999,13.546021664527188,0,0.29726330971434,52
-8201619,2026,5.0,37.86398922563783,-119.88017466575015,0.021292499999999992,0.0507725,0.051212499999999994,0.2572425,0.17884,0.12197000000000002,0.6698228,0.1995487,0.3886166,95,14,0,1,1341,4.7788615,281.1648,0.22562562,-9999,13.214882971650809,0,0.35734138912743046,52
-8199822,2026,5.0,37.88195553132022,-119.88017466575015,0.047142500000000004,0.07335000000000003,0.06798749999999998,0.2231975,0.18194749999999998,0.13013750000000002,0.5350542,0.108304456,0.2649988,39,14,0,1,963,28.714025,325.83368,0.22562562,-9999,13.214882971650809,0,0.3438059178221485,52
-8196229,2026,5.0,37.917888142685,-119.88017466575015,0.010154999999999997,0.046235,0.028002499999999986,0.35712249999999995,0.15089999999999998,0.07469749999999997,0.84037393,0.36889604,0.6556132,97,13,0,1,1522,1.4971528,51.730427,0.22562562,-9999,13.214882971650809,0,0.3271271246282951,52
-8194432,2026,5.0,37.935854448367394,-119.88017466575015,0.021044999999999994,0.04795374999999999,0.03482249999999999,0.32710625,0.17186875000000001,0.08406124999999998,0.79892474,0.30372143,0.5852462,95,14,0,1,1466,11.613763,29.955818,0.21470775,-9999,13.214882971650809,0,0.2788412708627141,52
-8192635,2026,5.0,37.95382075404979,-119.88017466575015,0.028112499999999985,0.0519,0.0354825,0.33539749999999996,0.1613775,0.07678750000000001,0.80864227,0.352051,0.623881,75,13,0,1,1288,0.0,-0.0,0.21470775,-9999,12.016239133445197,0,0.25463665122895135,52
-8187246,2026,5.0,38.00771967109696,-119.88017466575015,0.0595175,0.08743000000000001,0.09339750000000002,0.29027000000000003,0.26293500000000003,0.18494500000000003,0.5103856,0.049412064,0.22281246,95,4,0,1,1820,13.806873,131.20132,0.21470775,-9999,12.016239133445197,0,0.29097979896418424,52
-8185449,2026,5.0,38.02568597677935,-119.88017466575015,0.0471975,0.06617250000000002,0.07153500000000002,0.229055,0.2148925,0.1507075,0.52045196,0.04141478,0.2182186,85,4,0,1,2020,7.9284205,117.70645,0.21470775,-9999,12.016239133445197,0,0.20207117474637926,52
-8183652,2026,5.0,38.043652282461736,-119.88017466575015,0.05437500000000001,0.07590750000000002,0.09012500000000001,0.26123,0.2574625,0.17246,0.48807114,0.013806032,0.2086449,78,3,0,1,2076,9.374218,119.359055,0.21470775,-9999,12.016239133445197,0,0.2866321041435003,52
-8153110,2026,5.0,38.349079479062375,-119.88017466575015,0.047348749999999995,0.06761624999999999,0.0652375,0.2762175,0.1822775,0.11853249999999999,0.6062985,0.21185033,0.41372725,99,18,0,1,1976,19.558321,343.1118,0.23309053,-9999,9.355400339762411,0,0.16945074886704484,52
-8151313,2026,5.0,38.36704578474477,-119.88017466575015,0.057620000000000005,0.07592125,0.07823124999999997,0.25148125,0.22945375,0.15719750000000002,0.54025596,0.06327831,0.25318152,42,17,0,1,1754,7.9817367,216.08513,0.23309053,-9999,8.922478632773164,0,0.21995914436876773,52
-8041718,2026,5.0,39.46299043137058,-119.88017466575015,0.0598475,0.08554624999999999,0.097055,0.27205125,0.23236875,0.16091,0.481125,0.08962744,0.26949993,44,7,0,1,1874,15.872721,73.46193,0.12016763,-9999,13.045268241308065,0,0.8407372440107994,52
-8237552,2026,5.0,37.52262941767241,-119.89814097143254,0.024235000000000007,0.054952500000000015,0.046207499999999985,0.36166000000000004,0.1845325,0.09900750000000003,0.77664185,0.316999,0.56807274,97,16,0,1,1034,10.833217,32.228504,0.117711194,-9999,16.21413479876776,0,0.33077520966529844,52
-8235755,2026,5.0,37.540595723354805,-119.89814097143254,0.026022500000000004,0.05572250000000001,0.05187249999999999,0.2995375,0.1808475,0.10293999999999998,0.7103248,0.23281682,0.48420903,94,22,0,1,928,4.469338,308.4116,0.12423812,-9999,16.21413479876776,0,0.31045007635839283,52
-8233958,2026,5.0,37.5585620290372,-119.89814097143254,0.06509999999999999,0.10159249999999997,0.12879000000000002,0.19333250000000002,0.22630499999999998,0.18291000000000002,0.21046034,-0.0889853,0.023456242,76,22,0,1,1022,14.470298,251.72139,0.12423812,-9999,15.761120055824222,0,0.2890360892157663,52
-8232162,2026,5.0,37.57652833471958,-119.89814097143254,0.03047749999999999,0.05140499999999998,0.050992499999999996,0.234665,0.16588750000000002,0.10167500000000002,0.6413284,0.17299509,0.40498194,53,23,0,1,1158,23.971863,349.41196,0.12423812,-9999,15.761120055824222,0,0.2601727935607019,52
-8230365,2026,5.0,37.594494640401976,-119.89814097143254,0.028772500000000006,0.058967500000000006,0.06358750000000002,0.2802875,0.21756000000000003,0.12837749999999998,0.62733966,0.11995139,0.35014004,73,18,0,1,1097,10.089252,35.036327,0.12423812,-9999,15.761120055824222,0,0.3477554615925659,52
-8226772,2026,5.0,37.630427251766754,-119.89814097143254,0.02495,0.0447775,0.04408999999999999,0.17430250000000003,0.11589250000000001,0.07717249999999998,0.5910303,0.19568357,0.3793866,100,19,0,1,1055,34.805077,271.33435,0.15070403,-9999,15.761120055824222,0,0.3313382008028301,52
-8208805,2026,5.0,37.81009030859066,-119.89814097143254,0.023299999999999987,0.050360000000000016,0.05096499999999998,0.2626325,0.18777749999999999,0.10819250000000002,0.66544855,0.1658024,0.41942415,98,14,0,1,1364,11.489899,217.21486,0.20373476,-9999,13.546021664527188,0,0.27167031702331523,52
-8207009,2026,5.0,37.82805661427305,-119.89814097143254,0.028744999999999993,0.05245,0.05217499999999997,0.22537000000000001,0.1481225,0.0937,0.6176101,0.17374624,0.3889736,92,13,0,1,1284,21.732607,235.35075,0.20373476,-9999,13.546021664527188,0,0.2402733021669767,52
-8205212,2026,5.0,37.846022919955445,-119.89814097143254,0.033695,0.061085,0.067795,0.2373325,0.23796499999999998,0.157225,0.5647544,0.006126427,0.2045456,98,13,0,1,1408,2.9904668,231.7032,0.22562562,-9999,13.546021664527188,0,0.35868226356156496,52
-8203416,2026,5.0,37.86398922563783,-119.89814097143254,0.029982499999999995,0.05731750000000002,0.0625425,0.2763275,0.2304025,0.15705999999999998,0.62192583,0.09741955,0.27519828,100,14,0,1,1325,22.13486,5.7862616,0.22562562,-9999,13.214882971650809,0,0.32133577901708044,52
-8198026,2026,5.0,37.917888142685,-119.89814097143254,0.017937499999999995,0.04926,0.036885,0.32475499999999996,0.16432000000000002,0.08476250000000002,0.8052393,0.31305066,0.57496285,94,13,0,1,1245,10.61929,279.94342,0.22562562,-9999,13.214882971650809,0,0.35818213167721813,52
-8196229,2026,5.0,37.935854448367394,-119.89814097143254,0.025032499999999985,0.05154249999999999,0.049479999999999996,0.22303250000000002,0.1770525,0.11539749999999999,0.6318142,0.11492558,0.31804213,78,14,0,1,1164,24.721964,69.41526,0.21470775,-9999,13.214882971650809,0,0.27941557181918103,52
-8194432,2026,5.0,37.95382075404979,-119.89814097143254,0.04397999999999999,0.06498999999999999,0.06207499999999999,0.2692325,0.2051575,0.1306875,0.62661946,0.12763539,0.3452161,75,13,0,1,1355,7.966325,215.93076,0.21470775,-9999,12.016239133445197,0,0.2680536730457907,52
-8176466,2026,5.0,38.13348381087369,-119.89814097143254,0.051308749999999986,0.06852375,0.08106375000000002,0.1763925,0.23714,0.194075,0.34815142,-0.15912211,-0.06260516,58,10,0,1,2279,5.112544,43.636524,0.21307601,-9999,9.434263011973428,0,0.2471978279721478,52
-8174669,2026,5.0,38.15145011655608,-119.89814097143254,0.027755000000000002,0.043072499999999986,0.04230249999999999,0.1496075,0.11473749999999999,0.07846500000000001,0.5352753,0.1473355,0.320405,75,10,0,1,2149,1.5000979,308.18085,0.21307601,-9999,8.462436315064792,0,0.23060210737521233,52
-8156703,2026,5.0,38.33111317337998,-119.89814097143254,0.04530000000000001,0.070655,0.07132875000000002,0.280535,0.21956750000000003,0.14482250000000002,0.5895818,0.14439286,0.3465785,71,4,0,1,2236,12.405001,152.02434,0.23309053,-9999,9.355400339762411,0,0.21500956475734712,52
-8118974,2026,5.0,38.708405592710186,-119.89814097143254,0.030766249999999995,0.05460875000000001,0.05599749999999998,0.20133500000000001,0.15157375,0.10144125000000001,0.56508446,0.14125575,0.33001003,36,14,0,1,2591,16.537933,29.277319,0.18029206,-9999,8.214539074641436,0,0.2776051068323709,52
-8239348,2026,5.0,37.52262941767241,-119.91610727711493,0.020797499999999997,0.045795,0.0444475,0.28389000000000003,0.17697000000000002,0.09768749999999998,0.7223029,0.2267874,0.48377678,51,16,0,1,906,15.9471035,270.0,0.117711194,-9999,16.21413479876776,0,0.30667174227225286,52
-8235754,2026,5.0,37.5585620290372,-119.91610727711493,0.023217500000000002,0.046922500000000006,0.04582249999999999,0.22581,0.1531,0.08968500000000001,0.66677016,0.19440642,0.4318112,58,19,0,1,866,13.797508,273.7795,0.12423812,-9999,15.761120055824222,0,0.37673490502956236,52
-8230364,2026,5.0,37.61246094608437,-119.91610727711493,0.02484,0.049122499999999986,0.043594999999999995,0.2636225,0.1788675,0.10494750000000003,0.721137,0.19312257,0.4353237,63,20,0,1,960,30.947155,51.615265,0.15070403,-9999,15.761120055824222,0,0.3568726669658314,52
-8228568,2026,5.0,37.630427251766754,-119.91610727711493,0.026654999999999984,0.055035,0.05299999999999999,0.2280375,0.17273500000000003,0.11091499999999999,0.62460625,0.13965492,0.34948945,99,1,0,1,978,28.465176,48.938904,0.15070403,-9999,15.761120055824222,0,0.2788743387738412,52
-8223178,2026,5.0,37.684326168813925,-119.91610727711493,0.02134749999999999,0.04607,0.043045,0.24643500000000002,0.1487275,0.08762249999999999,0.71357346,0.24653102,0.48493955,36,18,0,1,756,26.081507,172.79828,0.15070403,-9999,14.763130934520461,0,0.30707123906662065,52
-8215991,2026,5.0,37.75619139154349,-119.91610727711493,0.02134749999999999,0.0535775,0.04436499999999999,0.30072000000000004,0.16212,0.09315000000000001,0.7392388,0.29144654,0.5264117,97,18,0,1,1436,28.169165,223.48964,0.16455282,-9999,13.546021664527188,0,0.27683562641455367,52
-8210601,2026,5.0,37.81009030859066,-119.91610727711493,0.022419999999999995,0.04895749999999999,0.0503325,0.27459500000000003,0.206395,0.11473749999999999,0.66799235,0.10145671,0.3695783,97,14,0,1,1277,17.961725,161.57748,0.20373476,-9999,13.546021664527188,0,0.3443013522773981,52
-8183652,2026,5.0,38.07958489382652,-119.91610727711493,0.037325,0.051212499999999994,0.054869999999999974,0.17207499999999998,0.1710025,0.11850500000000003,0.50125873,-0.008005995,0.18435542,100,24,0,1,2019,28.659428,281.96542,0.21470775,-9999,9.434263011973428,0,0.22535328963852447,52
-8154906,2026,5.0,38.36704578474477,-119.91610727711493,0.046619999999999995,0.07086125000000001,0.070545,0.27034625,0.20305375,0.139845,0.57528794,0.14313261,0.31780884,87,17,0,1,2048,18.807281,176.52443,0.23309053,-9999,8.922478632773164,0,0.2753448875877075,52
-8242941,2026,5.0,37.50466311199003,-119.93407358279732,0.0173325,0.04122999999999999,0.03366749999999999,0.2724775,0.16553,0.08487250000000002,0.7857481,0.26032943,0.5362317,34,23,0,1,928,6.5679455,169.79164,0.117711194,-9999,16.21413479876776,0,0.42181186216033023,52
-8233958,2026,5.0,37.594494640401976,-119.93407358279732,0.027260000000000006,0.0507725,0.0536875,0.1769425,0.1369575,0.09474500000000002,0.53442746,0.12609844,0.30846664,84,20,0,1,922,35.232643,287.33502,0.12423812,-9999,15.761120055824222,0,0.3152550851683254,52
-8232161,2026,5.0,37.61246094608437,-119.93407358279732,0.03768250000000001,0.06738250000000001,0.07981250000000001,0.2616425,0.22369250000000002,0.14919500000000002,0.5230494,0.067377895,0.25736666,37,19,0,1,945,14.99575,57.051594,0.15070403,-9999,15.761120055824222,0,0.2688727555796504,52
-8223178,2026,5.0,37.70229247449632,-119.93407358279732,0.02313499999999999,0.050744999999999985,0.048655000000000004,0.27597,0.17807,0.10657,0.6932284,0.22177786,0.4440854,40,18,0,1,1137,11.604882,209.87752,0.16455282,-9999,14.763130934520461,0,0.3263630191019426,52
-8221382,2026,5.0,37.72025878017871,-119.93407358279732,0.03089,0.059435000000000016,0.06102999999999997,0.25298,0.2099975,0.1378375,0.6166578,0.089045726,0.30035576,36,18,0,1,1071,35.723217,95.16554,0.16455282,-9999,14.763130934520461,0,0.28388487361371517,52
-8217788,2026,5.0,37.75619139154349,-119.93407358279732,0.030340000000000006,0.06592500000000001,0.06652999999999998,0.3072375,0.2170375,0.1307975,0.6376118,0.17272376,0.39908594,33,14,0,1,1567,27.11865,126.90986,0.16455282,-9999,13.546021664527188,0,0.27668297612531617,52
-8214195,2026,5.0,37.792124002908274,-119.93407358279732,0.016149999999999998,0.04285249999999999,0.037902500000000006,0.257545,0.1621475,0.08627499999999999,0.7277965,0.21598457,0.4798755,96,14,0,1,1360,12.208598,34.615017,0.20373476,-9999,13.546021664527188,0,0.2952998151913995,52
-8208805,2026,5.0,37.846022919955445,-119.93407358279732,0.038699999999999984,0.06325750000000002,0.08187499999999998,0.20669749999999998,0.24321750000000003,0.17719000000000001,0.452897,-0.07297475,0.09727814,100,13,0,1,1229,11.724562,261.02527,0.22562562,-9999,13.546021664527188,0,0.3423595794517061,52
-8207009,2026,5.0,37.86398922563783,-119.93407358279732,0.03641749999999999,0.06386249999999999,0.07142500000000002,0.23425250000000003,0.2420075,0.1660525,0.51484424,-0.021700937,0.17468755,40,14,0,1,1283,2.9909172,51.710033,0.22562562,-9999,13.214882971650809,0,0.2991134375333786,52
-8199822,2026,5.0,37.935854448367394,-119.93407358279732,0.030670000000000003,0.06422,0.06619999999999998,0.26882,0.20232499999999998,0.14100000000000001,0.5883061,0.10211569,0.28174487,95,6,0,1,1573,7.920902,242.26462,0.21470775,-9999,13.214882971650809,0,0.3325631527060812,52
-8190839,2026,5.0,38.02568597677935,-119.93407358279732,0.03606000000000001,0.060919999999999974,0.051680000000000004,0.29082,0.17485250000000002,0.10351749999999998,0.69714385,0.22814207,0.46213707,31,14,0,1,1936,17.153994,93.00616,0.21470775,-9999,12.016239133445197,0,0.2295173661162456,52
-8154906,2026,5.0,38.38501209042715,-119.93407358279732,0.05966875000000002,0.08346999999999999,0.09101875000000001,0.1897575,0.21463125,0.1705075,0.34447446,-0.07430047,0.044713277,85,19,0,1,2139,19.265453,297.59024,0.23309053,-9999,8.922478632773164,0,0.2499122191220522,52
-8147720,2026,5.0,38.45687731315672,-119.93407358279732,0.04803625,0.06698375000000001,0.072965,0.22656625,0.21241749999999998,0.14764125,0.4898507,0.009317139,0.1821348,71,3,0,1,2334,12.222795,252.60786,0.22891144,-9999,7.771087818761032,0,0.31509722862392664,52
-8341755,2026,5.0,36.534482605140944,-119.95203988847972,0.04582249999999999,0.07224999999999998,0.06785000000000002,0.3033875,0.2095575,0.13453749999999998,0.6341638,0.19047573,0.3904819,69,17,0,1,62,0.0,-0.0,0.12026058,-9999,23.77528021207422,0,0.6131411578336899,52
-8235754,2026,5.0,37.594494640401976,-119.95203988847972,0.026599999999999985,0.04664750000000001,0.0506625,0.15557500000000002,0.14317249999999998,0.09969499999999998,0.52192456,0.044013657,0.2298285,76,20,0,1,713,33.003204,298.2653,0.12423812,-9999,16.478326457033916,0,0.25794333940290887,52
-8233957,2026,5.0,37.61246094608437,-119.95203988847972,0.021540000000000004,0.0431,0.0412025,0.19099500000000003,0.12494,0.07667750000000001,0.6683794,0.2112613,0.4355161,78,20,0,1,692,33.724148,288.37622,0.15070403,-9999,16.478326457033916,0,0.3464595732157645,52
-8212398,2026,5.0,37.82805661427305,-119.95203988847972,0.021265000000000006,0.0474175,0.04356750000000001,0.24995499999999998,0.17551250000000002,0.10038249999999999,0.6902196,0.16158117,0.41401303,91,14,0,1,1329,16.600487,254.24672,0.20373476,-9999,15.120040901758387,0,0.3158866074823198,52
-8208805,2026,5.0,37.86398922563783,-119.95203988847972,0.05297249999999998,0.0922425,0.09620250000000002,0.3356725,0.2902425,0.187475,0.54978794,0.06583732,0.26429024,75,13,0,1,1261,7.9149394,62.241627,0.22562562,-9999,14.246030590098428,0,0.33328082598745823,52
-8203415,2026,5.0,37.917888142685,-119.95203988847972,0.0263525,0.05528250000000001,0.055145,0.2683525,0.1804075,0.11011749999999998,0.67000127,0.20826574,0.43540743,60,13,0,1,1370,25.783909,219.58046,0.22562562,-9999,14.246030590098428,0,0.26927913587702357,52
-8201618,2026,5.0,37.935854448367394,-119.95203988847972,0.02990000000000001,0.0657875,0.06829000000000002,0.303745,0.21555249999999998,0.13731500000000002,0.63903314,0.14059748,0.35336393,75,13,0,1,1437,15.173833,100.31535,0.21470775,-9999,14.246030590098428,0,0.3307838050203155,52
-8199821,2026,5.0,37.95382075404979,-119.95203988847972,0.023726250000000004,0.04044625,0.03742125,0.23151625,0.12954625,0.07387250000000001,0.6973881,0.2598072,0.4877606,95,4,0,1,1742,11.518196,342.4085,0.21470775,-9999,12.597236067248957,0,0.3038850818639216,52
-8196228,2026,5.0,37.989753365414565,-119.95203988847972,0.026847499999999996,0.05575000000000002,0.04321,0.32120750000000003,0.164045,0.0805825,0.7455981,0.29003417,0.5749823,100,13,0,1,1760,11.795011,117.71807,0.21470775,-9999,12.597236067248957,0,0.28050800242825696,52
-8192635,2026,5.0,38.02568597677935,-119.95203988847972,0.029239999999999988,0.04700499999999999,0.04403499999999999,0.2103275,0.14787499999999998,0.09081250000000002,0.64408696,0.16957182,0.39162725,91,14,0,1,1946,6.5624666,212.40463,0.21470775,-9999,12.597236067248957,0,0.21899622850120068,52
-8151312,2026,5.0,38.438911007474324,-119.95203988847972,0.03333749999999999,0.05756499999999998,0.05058,0.249405,0.15132625,0.09136250000000001,0.6627824,0.24372996,0.46312842,78,4,0,1,2223,12.287129,238.64975,0.22891144,-9999,10.233049134285238,0,0.1765513452903732,52
-8149516,2026,5.0,38.45687731315672,-119.95203988847972,0.05000249999999999,0.07315750000000001,0.07484874999999999,0.23120000000000002,0.19411625000000002,0.13925375,0.511027,0.08720447,0.24828638,45,11,0,1,2236,8.170998,25.58887,0.22891144,-9999,9.379872155958651,0,0.22557575682488581,52
-8109990,2026,5.0,38.852136038169306,-119.95203988847972,0.041972499999999996,0.058499999999999996,0.057730000000000004,0.20739875,0.1768875,0.12599875,0.5669224,0.077120185,0.23667884,100,21,0,1,2315,9.453121,299.0855,0.17554235,-9999,9.344290628740907,0,0.33473221336801845,52
-8108193,2026,5.0,38.8701023438517,-119.95203988847972,0.04325124999999999,0.05874750000000001,0.06252875,0.18116375,0.18225,0.14909875,0.48048913,0.004572953,0.10350609,100,21,0,1,2241,22.06766,309.70874,0.17554235,-9999,9.344290628740907,0,0.2949642876261159,52
-8106397,2026,5.0,38.888068649534084,-119.95203988847972,0.03377749999999999,0.05223,0.04794000000000001,0.20188499999999998,0.1586825,0.10698249999999998,0.61621135,0.11981806,0.3072596,97,23,0,1,2079,8.615421,344.06613,0.16090026,-9999,9.344290628740907,0,0.4214542399307615,52
-8341756,2026,5.0,36.55244891082333,-119.9700061941621,0.02291499999999999,0.05236750000000001,0.03479499999999999,0.36507000000000006,0.14471250000000002,0.06427499999999997,0.82615757,0.43274748,0.6989708,53,17,0,1,65,0.92740995,180.0,0.12026058,-9999,23.425017170239528,0,0.594058361147409,52
-8232161,2026,5.0,37.64839355744915,-119.9700061941621,0.019669999999999993,0.03960749999999999,0.037434999999999996,0.1955325,0.13824999999999998,0.08379999999999999,0.6851892,0.16378984,0.3945676,85,8,0,1,872,8.982674,22.830936,0.15070403,-9999,16.478326457033916,0,0.33056083685633814,52
-8230365,2026,5.0,37.66635986313154,-119.9700061941621,0.017194999999999988,0.03738,0.03287000000000001,0.2022425,0.12463750000000001,0.07164500000000001,0.7254268,0.22608237,0.46752632,85,8,0,1,934,5.02757,291.59323,0.15070403,-9999,15.696005388485503,0,0.33276595056734304,52
-8221381,2026,5.0,37.75619139154349,-119.9700061941621,0.011199999999999988,0.03471250000000001,0.026599999999999985,0.2550425,0.13082500000000002,0.06504500000000002,0.8198462,0.32949755,0.6044698,90,14,0,1,1201,10.480242,275.02036,0.16455282,-9999,15.120040901758387,0,0.24475134110876492,52
-8214195,2026,5.0,37.82805661427305,-119.9700061941621,0.017304999999999987,0.048490000000000005,0.04530000000000001,0.3137275,0.1911875,0.10810999999999998,0.7173962,0.19785821,0.43726155,100,14,0,1,1180,11.228963,348.08484,0.20373476,-9999,15.120040901758387,0,0.254745751619339,52
-8210602,2026,5.0,37.86398922563783,-119.9700061941621,0.034519999999999995,0.07467000000000001,0.07114999999999999,0.31826499999999996,0.2376625,0.1485625,0.6077359,0.11471253,0.3398763,82,14,0,1,1245,6.464861,-0.0,0.22562562,-9999,14.246030590098428,0,0.29993662116162123,52
-8208805,2026,5.0,37.88195553132022,-119.9700061941621,0.0144725,0.038479999999999986,0.025802500000000006,0.2433825,0.13616,0.06983,0.8137481,0.28960583,0.56400615,77,14,0,1,732,19.750214,246.06027,0.22562562,-9999,14.246030590098428,0,0.3789930338306086,52
-8205212,2026,5.0,37.917888142685,-119.9700061941621,0.02453749999999999,0.05253249999999998,0.047087500000000004,0.282625,0.17520999999999998,0.10574499999999998,0.72727734,0.232581,0.4681253,37,14,0,1,1099,9.825451,200.82086,0.22562562,-9999,14.246030590098428,0,0.289076030254364,52
-8201618,2026,5.0,37.95382075404979,-119.9700061941621,0.0353725,0.061896250000000014,0.07655375,0.23481625,0.21932,0.139955,0.5025003,0.036982097,0.2509358,45,14,0,1,1734,19.44718,248.48302,0.21470775,-9999,12.597236067248957,0,0.312120231192397,52
-8199822,2026,5.0,37.97178705973217,-119.9700061941621,0.035922499999999996,0.05440250000000002,0.05294500000000002,0.21492,0.19171,0.12235499999999999,0.58054155,0.056182254,0.26680055,95,14,0,1,1553,8.3859005,303.30197,0.21470775,-9999,12.597236067248957,0,0.299351626414467,52
-8198025,2026,5.0,37.989753365414565,-119.9700061941621,0.034822500000000006,0.057152499999999995,0.053412499999999974,0.2620825,0.16195500000000002,0.103435,0.6623446,0.23040801,0.43608817,96,13,0,1,1650,17.322666,278.95752,0.21470775,-9999,12.597236067248957,0,0.21388869465369245,52
-8196229,2026,5.0,38.00771967109696,-119.9700061941621,0.061002500000000015,0.08800750000000002,0.09491,0.25232,0.21857749999999998,0.164595,0.45212242,0.06134132,0.2055019,75,14,0,1,1739,15.366601,256.3722,0.21470775,-9999,12.597236067248957,0,0.28146621941224387,52
-8174669,2026,5.0,38.22331533928564,-119.9700061941621,0.03243,0.06456374999999998,0.06422,0.2719825,0.23675500000000002,0.15011625,0.625079,0.03767072,0.269915,87,6,0,1,2005,15.751083,12.660213,0.22374812,-9999,10.669485941240907,0,0.3157762283120643,52
-8111787,2026,5.0,38.852136038169306,-119.9700061941621,0.07904249999999999,0.1041225,0.12522875,0.2015,0.283065,0.2694525,0.2344793,-0.17504661,-0.14477506,65,21,0,1,2322,10.684346,19.300467,0.17554235,-9999,9.344290628740907,0,0.34642374608665705,52
-8109990,2026,5.0,38.8701023438517,-119.9700061941621,0.030477500000000005,0.04596,0.04697749999999999,0.18082,0.13694375,0.08556,0.59387225,0.14241166,0.35101822,98,23,0,1,2040,6.0168304,307.9032,0.17554235,-9999,9.344290628740907,0,0.24753573131747544,52
-8108194,2026,5.0,38.888068649534084,-119.9700061941621,0.051886249999999995,0.06932124999999997,0.0771725,0.2186875,0.2361775,0.15322375,0.47552255,-0.023809232,0.18301325,63,13,0,1,1948,5.1381316,316.06345,0.16090026,-9999,9.344290628740907,0,0.4343900395263183,52
-8241145,2026,5.0,37.57652833471958,-119.98797249984449,0.028579999999999994,0.056327499999999975,0.059655000000000014,0.2749525,0.18962,0.10838500000000001,0.66615134,0.21319386,0.4662251,56,8,0,1,848,14.447599,28.402668,0.12423812,-9999,16.478326457033916,0,0.27347095393074244,52
-8237551,2026,5.0,37.61246094608437,-119.98797249984449,0.01551749999999999,0.036775,0.02739749999999999,0.19657750000000002,0.11333500000000002,0.059819999999999984,0.7589156,0.27175978,0.53097177,85,8,0,1,672,28.894287,355.75314,0.15070403,-9999,16.478326457033916,0,0.2696635667234659,52
-8235755,2026,5.0,37.630427251766754,-119.98797249984449,0.024867499999999987,0.045107499999999995,0.04543749999999999,0.18651250000000003,0.1532925,0.09752250000000001,0.6120002,0.10952662,0.322625,47,8,0,1,823,2.517584,291.6027,0.15070403,-9999,16.478326457033916,0,0.3084001272606353,52
-8233958,2026,5.0,37.64839355744915,-119.98797249984449,0.017937499999999995,0.03735250000000001,0.03171499999999999,0.19852999999999998,0.1281025,0.07332250000000001,0.73424894,0.22582975,0.47455928,90,8,0,1,906,12.801033,278.19193,0.15070403,-9999,16.478326457033916,0,0.36443032826418464,52
-8224975,2026,5.0,37.7382250858611,-119.98797249984449,0.03047749999999999,0.055145,0.06251499999999999,0.19737500000000002,0.17004000000000002,0.10648750000000001,0.5450515,0.08626019,0.31011176,60,16,0,1,1066,8.156342,25.370066,0.16455282,-9999,15.696005388485503,0,0.23285118462517856,52
-8219585,2026,5.0,37.792124002908274,-119.98797249984449,0.02209,0.05126750000000002,0.04375999999999999,0.2877675,0.1707825,0.09518500000000002,0.7236305,0.235963,0.48917565,80,13,0,1,1495,10.283545,206.84746,0.20373476,-9999,15.120040901758387,0,0.3160318700330598,52
-8217788,2026,5.0,37.81009030859066,-119.98797249984449,0.02145749999999999,0.0503325,0.042605000000000004,0.297365,0.17174499999999998,0.09326000000000001,0.7466525,0.26208103,0.5225088,77,14,0,1,970,25.231247,184.98888,0.20373476,-9999,15.120040901758387,0,0.30278790396239075,52
-8215992,2026,5.0,37.82805661427305,-119.98797249984449,0.022254999999999997,0.05071749999999997,0.046867500000000006,0.270745,0.17812499999999998,0.10181249999999997,0.71542686,0.2097538,0.45937726,90,14,0,1,1004,11.801173,308.30362,0.20373476,-9999,15.120040901758387,0,0.2811372219584882,52
-8208805,2026,5.0,37.899921837002616,-119.98797249984449,0.028689999999999993,0.0567125,0.06072749999999999,0.2995925,0.2080725,0.1285425,0.6645507,0.18871172,0.41341385,62,13,0,1,1197,13.612723,222.66574,0.22562562,-9999,14.246030590098428,0,0.23092641021040353,52
-8207009,2026,5.0,37.917888142685,-119.98797249984449,0.024152499999999993,0.05624499999999999,0.05591499999999999,0.29962,0.21230749999999998,0.12647999999999998,0.6761646,0.16286658,0.39309493,99,14,0,1,1278,16.583298,49.28446,0.22562562,-9999,14.246030590098428,0,0.30733576595783235,52
-8205212,2026,5.0,37.935854448367394,-119.98797249984449,0.032594999999999985,0.06427499999999997,0.062460000000000016,0.31106000000000006,0.22025499999999998,0.1377,0.6520345,0.16090666,0.37445518,31,13,0,1,1297,15.020493,147.62715,0.21470775,-9999,14.246030590098428,0,0.38918760564664134,52
-8203415,2026,5.0,37.95382075404979,-119.98797249984449,0.024180000000000007,0.05712499999999998,0.06034250000000002,0.2796825,0.19927250000000002,0.1230425,0.6260324,0.15269592,0.37741175,66,14,0,1,1431,13.220538,254.00084,0.21470775,-9999,12.597236067248957,0,0.24971397974613038,52
-8201619,2026,5.0,37.97178705973217,-119.98797249984449,0.0507725,0.07637500000000003,0.08478999999999998,0.27973750000000003,0.236755,0.16410000000000002,0.5326013,0.061825406,0.24729608,62,13,0,1,1549,16.046726,128.24915,0.21470775,-9999,12.597236067248957,0,0.24046605971196425,52
-8199822,2026,5.0,37.989753365414565,-119.98797249984449,0.04475,0.06899125,0.07754375000000002,0.2621375,0.21769750000000002,0.14589500000000002,0.5360076,0.08961382,0.28103298,46,13,0,1,1722,9.481389,165.76074,0.21470775,-9999,12.597236067248957,0,0.3932365591383793,52
-8198026,2026,5.0,38.00771967109696,-119.98797249984449,0.031577499999999994,0.0562725,0.04378749999999999,0.33549375,0.16920125,0.08721000000000001,0.76631725,0.3201178,0.58155644,99,13,0,1,1712,11.883978,180.0,0.21470775,-9999,12.597236067248957,0,0.30656456032201,52
-8176466,2026,5.0,38.22331533928564,-119.98797249984449,0.02576125,0.05024999999999999,0.05361874999999999,0.21138625,0.15842124999999999,0.094525,0.5957444,0.14150697,0.37362343,95,24,0,1,1939,8.993151,337.00842,0.22374812,-9999,10.669485941240907,0,0.271261739121242,52
-8160296,2026,5.0,38.38501209042715,-119.98797249984449,0.028634999999999994,0.051363750000000014,0.0502775,0.23269874999999998,0.14090375,0.08237,0.65367764,0.25374272,0.4836597,89,11,0,1,2113,10.868879,327.46732,0.23309053,-9999,10.233049134285238,0,0.2451868899166584,52
-8115381,2026,5.0,38.83416973248691,-119.98797249984449,0.05091000000000001,0.06581500000000001,0.08074749999999997,0.15007500000000001,0.22823,0.20777,0.30316588,-0.20659256,-0.1533723,100,21,0,1,2317,21.45603,25.024126,0.17554235,-9999,7.897607791039263,0,0.3184813071219694,52
-8113584,2026,5.0,38.852136038169306,-119.98797249984449,0.046152499999999985,0.05792249999999999,0.06257000000000001,0.17666749999999998,0.1794175,0.12554500000000002,0.47658202,-0.007722875,0.16916077,99,21,0,1,2037,13.895487,310.8695,0.17554235,-9999,9.344290628740907,0,0.5373802095847694,52
-8063278,2026,5.0,39.355192597276236,-119.98797249984449,0.03320000000000001,0.05397625,0.05426500000000001,0.18564625,0.14463,0.094305,0.5476418,0.1227415,0.32549194,85,1,0,1,2114,34.16609,321.91046,0.11980465,-9999,10.326686252060767,0,0.3642955336512791,52
-8343552,2026,5.0,36.57041521650572,-120.00593880552688,0.09876000000000001,0.13835999999999998,0.1797475,0.2935975,0.41712750000000004,0.34617749999999997,0.24290514,-0.1734752,-0.08176354,67,2,0,1,66,2.4874105,248.12149,0.12247991,-9999,23.425017170239528,0,6.9605613998744795,52
-8253720,2026,5.0,37.46873050062524,-120.00593880552688,0.035454999999999987,0.05539250000000001,0.05902249999999998,0.18351499999999998,0.17287249999999998,0.12546249999999998,0.5285406,0.043551195,0.19668548,53,17,0,1,694,22.780983,67.32832,0.111599125,-9999,17.001850587578247,0,0.2942298015890022,52
-8246534,2026,5.0,37.540595723354805,-120.00593880552688,0.023712499999999997,0.047719999999999985,0.048242499999999994,0.28125,0.16641,0.09496500000000002,0.71572906,0.24218711,0.48207593,78,8,0,1,1067,21.467733,279.47702,0.118118025,-9999,17.001850587578247,0,0.39424052216112615,52
-8242941,2026,5.0,37.57652833471958,-120.00593880552688,0.02016499999999999,0.04194500000000001,0.03606000000000001,0.19671500000000003,0.14179750000000002,0.084515,0.69678634,0.16182935,0.39315194,47,8,0,1,787,6.451865,115.43215,0.118118025,-9999,16.478326457033916,0,0.26361402374907184,52
-8241144,2026,5.0,37.594494640401976,-120.00593880552688,0.03042249999999999,0.056630000000000014,0.04983750000000001,0.25474,0.19894250000000002,0.11512250000000002,0.6853863,0.1323512,0.38781953,85,8,0,1,447,36.00548,79.734566,0.118118025,-9999,16.478326457033916,0,0.31637253368703216,52
-8237551,2026,5.0,37.630427251766754,-120.00593880552688,0.022199999999999998,0.043265,0.04263249999999999,0.1648425,0.12543500000000002,0.07838250000000002,0.6123977,0.15295605,0.38205513,71,8,0,1,734,35.690647,264.82825,0.14151324,-9999,16.478326457033916,0,0.43404813452313346,52
-8233958,2026,5.0,37.66635986313154,-120.00593880552688,0.048242499999999994,0.08467999999999998,0.10005249999999999,0.22776249999999998,0.21954,0.16286250000000002,0.4124092,0.019391851,0.17415655,60,8,0,1,986,8.708484,147.72159,0.14151324,-9999,15.696005388485503,0,0.32360901194624603,52
-8219584,2026,5.0,37.81009030859066,-120.00593880552688,0.015077499999999994,0.040185,0.034877500000000006,0.23923,0.13005499999999998,0.07235999999999998,0.7491133,0.2930977,0.5365175,92,16,0,1,1115,37.32469,70.142136,0.19756004,-9999,15.120040901758387,0,0.2560515830462629,52
-8215991,2026,5.0,37.846022919955445,-120.00593880552688,0.019642500000000007,0.04915,0.04821500000000001,0.258975,0.16511750000000003,0.09584500000000001,0.68692553,0.22131374,0.45372754,85,4,0,1,1046,10.939978,312.0653,0.23033927,-9999,15.120040901758387,0,0.25533859697835787,52
-8214195,2026,5.0,37.86398922563783,-120.00593880552688,0.015792499999999987,0.042440000000000005,0.03419,0.2568575,0.1573075,0.08341500000000002,0.76787,0.24455187,0.52130014,58,14,0,1,1098,9.267348,7.2190714,0.23033927,-9999,14.246030590098428,0,0.2609731701335737,52
-8208805,2026,5.0,37.917888142685,-120.00593880552688,0.031494999999999995,0.06014999999999998,0.0661175,0.25710500000000003,0.22537000000000001,0.146445,0.58793086,0.063639514,0.2788351,90,14,0,1,1259,5.105435,43.55234,0.23033927,-9999,14.246030590098428,0,0.34107322739842144,52
-8203415,2026,5.0,37.97178705973217,-120.00593880552688,0.035826250000000004,0.05826624999999999,0.05317875,0.28849625,0.1836525,0.10982875,0.67945343,0.20629735,0.437056,76,13,0,1,1421,15.359849,256.36578,0.23640579,-9999,12.597236067248957,0,0.27760906960390025,52
-8201618,2026,5.0,37.989753365414565,-120.00593880552688,0.036651249999999996,0.0662825,0.07251125,0.28972,0.2270475,0.14857625,0.5944397,0.11315682,0.313793,73,13,0,1,1576,6.922236,57.768696,0.23640579,-9999,12.597236067248957,0,0.24060898477380926,52
-8180059,2026,5.0,38.20534903360325,-120.00593880552688,0.026338749999999994,0.047623750000000006,0.049507499999999996,0.19685249999999999,0.16261499999999998,0.10881125,0.5970942,0.09101573,0.28943682,92,23,0,1,1781,7.7389817,197.64832,0.25463712,-9999,10.669485941240907,0,0.31933570307834697,52
-8176465,2026,5.0,38.24128164496803,-120.00593880552688,0.031577499999999994,0.058513749999999976,0.056946250000000004,0.26363625,0.19340125000000002,0.11411875000000002,0.63476044,0.1499879,0.3938274,78,17,0,1,1704,28.392138,188.77322,0.25463712,-9999,10.669485941240907,0,0.31145939137786627,52
-8165686,2026,5.0,38.349079479062375,-120.00593880552688,0.048696249999999996,0.06827625000000001,0.078905,0.19450125,0.22237250000000003,0.15586375,0.41043785,-0.06674713,0.11029434,75,19,0,1,2164,8.4226675,102.62965,0.2454462,-9999,10.93957372685918,0,0.26979620902178186,52
-8118973,2026,5.0,38.81620342680453,-120.00593880552688,0.04417249999999999,0.061992500000000006,0.066915,0.18750250000000002,0.15618,0.11695124999999998,0.4739349,0.09260537,0.23487915,91,22,0,1,2379,36.79398,270.0,0.20156819,-9999,7.897607791039263,0,0.36127815590727896,52
-8117177,2026,5.0,38.83416973248691,-120.00593880552688,0.04686749999999999,0.06470124999999999,0.06571875000000002,0.22013125,0.19081625000000002,0.139955,0.5398911,0.07177255,0.22240585,92,21,0,1,2235,12.27978,252.69371,0.20156819,-9999,7.897607791039263,0,0.3730411618439989,52
-8115380,2026,5.0,38.852136038169306,-120.00593880552688,0.015366249999999998,0.034836249999999985,0.02730125,0.183845,0.10284375000000001,0.05899500000000002,0.73975545,0.2895355,0.51592803,91,7,0,1,1990,13.951249,293.0149,0.20156819,-9999,9.344290628740907,0,1.3950392066648132,52
-8066871,2026,5.0,39.33722629159385,-120.00593880552688,0.032072500000000004,0.052931249999999985,0.05009875000000001,0.21624000000000002,0.139185,0.08241125000000002,0.6311939,0.2100956,0.43917775,85,1,0,1,2144,33.42154,293.1089,0.14641881,-9999,9.760098865468024,0,0.2640628525497098,52
-8061481,2026,5.0,39.39112520864102,-120.00593880552688,0.05070375000000002,0.07154875,0.07662250000000001,0.23399125,0.19920374999999998,0.14245750000000001,0.5045605,0.08024803,0.24308127,56,1,0,1,2153,10.172158,215.71072,0.1391419,-9999,10.326686252060767,0,0.42837839212049456,52
-8329179,2026,5.0,36.732111967647235,-120.02390511120927,0.028689999999999993,0.052917500000000006,0.039965,0.3175225,0.1536225,0.08212249999999999,0.77666944,0.34671855,0.58958757,45,7,0,1,76,2.4919071,248.16306,0.12760438,-9999,23.440975566576924,0,2.0716659228006997,52
-8248331,2026,5.0,37.540595723354805,-120.02390511120927,0.026737499999999997,0.05165249999999999,0.05091000000000001,0.2812225,0.18079250000000002,0.10701,0.68600905,0.19853044,0.42933264,60,8,0,1,1048,14.219309,75.19491,0.118118025,-9999,17.001850587578247,0,0.2532527014756432,52
-8246534,2026,5.0,37.5585620290372,-120.02390511120927,0.024867499999999987,0.0471975,0.04683999999999999,0.23956,0.16891250000000002,0.10426000000000002,0.6679957,0.1642908,0.38595638,78,8,0,1,821,12.346735,228.27274,0.118118025,-9999,16.478326457033916,0,0.31318175764038014,52
-8244738,2026,5.0,37.57652833471958,-120.02390511120927,0.018102499999999994,0.0418075,0.027370000000000005,0.2526225,0.134125,0.06455,0.7997348,0.306395,0.59296596,85,8,0,1,489,16.344572,315.855,0.118118025,-9999,16.478326457033916,0,0.2437816196336196,52
-8242941,2026,5.0,37.594494640401976,-120.02390511120927,0.021540000000000004,0.04744499999999999,0.037847500000000006,0.2535575,0.1419625,0.0772275,0.739257,0.28044656,0.5317417,47,8,0,1,933,10.340549,51.6086,0.118118025,-9999,16.478326457033916,0,0.3293835895959861,52
-8241144,2026,5.0,37.61246094608437,-120.02390511120927,0.024345000000000006,0.0478025,0.042192499999999994,0.22405000000000003,0.16058,0.0934525,0.6765742,0.169783,0.41948038,99,8,0,1,485,22.228117,64.16858,0.14151324,-9999,16.478326457033916,0,0.293409234414307,52
-8239348,2026,5.0,37.630427251766754,-120.02390511120927,0.0264075,0.051680000000000004,0.048765,0.22179500000000002,0.15389750000000002,0.0930125,0.6574467,0.19048609,0.4130915,47,8,0,1,729,22.166172,17.519388,0.14151324,-9999,16.478326457033916,0,0.3025067410587023,52
-8237551,2026,5.0,37.64839355744915,-120.02390511120927,0.030147499999999994,0.05187249999999999,0.05294500000000002,0.18013250000000003,0.17312,0.11625000000000002,0.5456876,0.013178216,0.21554072,45,8,0,1,805,13.20818,128.37119,0.14151324,-9999,16.478326457033916,0,0.27682372149080037,52
-8226771,2026,5.0,37.75619139154349,-120.02390511120927,0.01848749999999999,0.044749999999999984,0.0382325,0.2659875,0.170205,0.09039999999999998,0.7486523,0.22105034,0.5095772,36,14,0,1,848,17.633764,215.43054,0.15678553,-9999,15.120040901758387,0,0.2578164914792234,52
-8214195,2026,5.0,37.88195553132022,-120.02390511120927,0.0173875,0.04431,0.034038750000000007,0.28987125,0.17173125,0.0931225,0.7814589,0.26079777,0.51393753,36,14,0,1,990,16.020596,90.0,0.23033927,-9999,14.246030590098428,0,0.35451755046167155,52
-8212398,2026,5.0,37.899921837002616,-120.02390511120927,0.019174999999999998,0.0490125,0.039057499999999995,0.29489,0.177135,0.09536375,0.756974,0.23586431,0.50109226,52,13,0,1,1052,3.641234,75.2634,0.23033927,-9999,14.246030590098428,0,0.3594304939643258,52
-8210602,2026,5.0,37.917888142685,-120.02390511120927,0.02226874999999999,0.05639625000000001,0.052312499999999984,0.31067500000000003,0.18828625,0.10303625,0.7083008,0.25197,0.5081985,100,13,0,1,1247,5.968294,231.73042,0.23033927,-9999,14.246030590098428,0,0.3162296463775894,52
-8205212,2026,5.0,37.97178705973217,-120.02390511120927,0.031247499999999997,0.05937999999999999,0.05075875000000002,0.23282250000000002,0.14296625,0.08524375000000001,0.64129233,0.22659756,0.46280172,95,14,0,1,1163,6.921048,302.23758,0.23640579,-9999,12.597236067248957,0,0.2647711720884494,52
-8203415,2026,5.0,37.989753365414565,-120.02390511120927,0.04327874999999999,0.073075,0.0809675,0.28343625,0.25563375,0.16645125,0.5511573,0.04446357,0.2534999,98,13,0,1,1529,8.232782,96.423805,0.23640579,-9999,12.597236067248957,0,0.2892659434371374,52
-8198025,2026,5.0,38.043652282461736,-120.02390511120927,0.02781,0.05888499999999999,0.041876250000000004,0.32578625,0.1931125,0.0987325,0.7760476,0.2555885,0.53471994,100,13,0,1,1410,13.554345,199.94038,0.23640579,-9999,12.597236067248957,0,0.22482792889122324,52
-8196229,2026,5.0,38.06161858814413,-120.02390511120927,0.026531249999999992,0.05587375,0.0460425,0.31891125000000003,0.14750375000000002,0.07471125,0.7484663,0.3594646,0.61990935,98,13,0,1,1663,12.16422,72.518745,0.23640579,-9999,10.664049218290643,0,0.29956271766644454,52
-8192635,2026,5.0,38.09755119950891,-120.02390511120927,0.017112500000000003,0.038974999999999996,0.032155,0.23525625,0.10909999999999997,0.05982000000000001,0.7534251,0.36527836,0.5965874,98,17,0,1,1783,8.163587,154.52145,0.25255895,-9999,10.664049218290643,0,0.3011879741983569,52
-8181856,2026,5.0,38.20534903360325,-120.02390511120927,0.01649375,0.031164999999999998,0.03249874999999999,0.13836,0.09882874999999999,0.06503125000000001,0.61928713,0.17132927,0.36708856,100,6,0,1,1740,14.681287,308.16025,0.25463712,-9999,10.669485941240907,0,0.329468334481741,52
-8178262,2026,5.0,38.24128164496803,-120.02390511120927,0.018707500000000002,0.044461249999999994,0.029569999999999985,0.27872,0.12793749999999998,0.06512749999999998,0.80970955,0.36824965,0.62414414,94,14,0,1,1486,30.144506,263.5981,0.25463712,-9999,10.669485941240907,0,0.3776572647814949,52
-8124363,2026,5.0,38.78027081543974,-120.02390511120927,0.05817,0.0782175,0.08411625,0.21883875,0.20613375,0.15178,0.4385356,0.028802088,0.1794426,45,4,0,1,2313,5.4958916,300.31335,0.19677751,-9999,7.897607791039263,0,0.18774296086104142,52
-8120770,2026,5.0,38.81620342680453,-120.02390511120927,0.05822499999999997,0.07142500000000002,0.08140750000000002,0.2000425,0.2150575,0.1640725,0.41281682,-0.03196606,0.10381461,86,21,0,1,2001,10.629746,85.05204,0.20156819,-9999,7.897607791039263,0,0.5342278226278723,52
-8111787,2026,5.0,38.90603495521648,-120.02390511120927,0.03374999999999999,0.05232624999999999,0.04648250000000001,0.2280925,0.14094500000000001,0.08230125000000002,0.6673503,0.22338104,0.455354,77,7,0,1,2145,23.048956,8.43412,0.20272744,-9999,9.344290628740907,0,1.1132940279319883,52
-8109990,2026,5.0,38.92400126089887,-120.02390511120927,0.04352624999999999,0.06450874999999998,0.07538500000000001,0.22645625,0.1952575,0.12096625,0.49407282,0.07710605,0.3063481,73,17,0,1,1911,8.751508,327.27148,0.20272744,-9999,9.344290628740907,0,1.320894279051572,52
-8077651,2026,5.0,39.247394763181894,-120.02390511120927,0.02985874999999999,0.04996125,0.05451249999999999,0.22818875000000002,0.15723875,0.088805,0.60969085,0.18318275,0.44144002,83,15,0,1,1977,7.207302,277.35452,0.14809063,-9999,10.61825841267904,0,0.6078569882206226,52
-8066871,2026,5.0,39.355192597276236,-120.02390511120927,0.03836999999999999,0.05624500000000002,0.05859624999999999,0.18836875,0.151615,0.10155124999999998,0.53159785,0.103826314,0.29778117,85,1,0,1,1953,26.492895,340.3653,0.14641881,-9999,10.326686252060767,0,0.3690627144856585,52
-8065075,2026,5.0,39.37315890295863,-120.02390511120927,0.04404875,0.06208875,0.067795,0.17439875,0.15435125,0.11295,0.44124943,0.056916237,0.2102448,66,1,0,1,1807,27.353024,345.94345,0.1391419,-9999,10.326686252060767,0,0.38199419856948014,52
-8250128,2026,5.0,37.540595723354805,-120.04187141689167,0.022584999999999994,0.04513500000000001,0.04252249999999999,0.2593325,0.1503775,0.0864125,0.72110564,0.2601717,0.49696663,47,17,0,1,1021,14.219309,284.80508,0.118118025,-9999,17.001850587578247,0,0.47701548770070074,52
-8248331,2026,5.0,37.5585620290372,-120.04187141689167,0.021925,0.04587749999999999,0.043292499999999984,0.23774499999999998,0.16195500000000002,0.090785,0.7119369,0.20632866,0.46465015,71,8,0,1,1068,22.54859,333.7283,0.118118025,-9999,16.478326457033916,0,0.3008210617303848,52
-8241145,2026,5.0,37.630427251766754,-120.04187141689167,0.024070000000000008,0.04678499999999999,0.039855,0.21013500000000002,0.13506,0.0804725,0.6936282,0.2385434,0.46461368,70,8,0,1,717,13.206277,51.62204,0.14151324,-9999,16.478326457033916,0,0.307882197573781,52
-8239348,2026,5.0,37.64839355744915,-120.04187141689167,0.0265725,0.04961750000000001,0.050937500000000024,0.19099500000000003,0.15513500000000002,0.0992825,0.6018535,0.12638561,0.33813807,60,8,0,1,733,27.097057,233.05014,0.14151324,-9999,16.478326457033916,0,0.3387286137789488,52
-8221382,2026,5.0,37.82805661427305,-120.04187141689167,0.01986249999999999,0.044969999999999996,0.030587500000000004,0.27476,0.13771375,0.06929374999999999,0.7873003,0.30767673,0.584423,73,14,0,1,614,35.92898,40.57838,0.19756004,-9999,15.120040901758387,0,0.32159932635047217,52
-8210602,2026,5.0,37.935854448367394,-120.04187141689167,0.029789999999999997,0.05518624999999999,0.06316125,0.2251775,0.205625,0.13088,0.54704326,0.024261963,0.24799293,78,14,0,1,1276,4.783322,258.8458,0.23640579,-9999,14.246030590098428,0,0.30233674841028085,52
-8205212,2026,5.0,37.989753365414565,-120.04187141689167,0.042673749999999996,0.07688375,0.08044500000000002,0.27488375,0.2272675,0.13732875,0.5362657,0.07950616,0.32544374,100,16,0,1,1518,0.92740995,-0.0,0.23640579,-9999,12.597236067248957,0,0.2514981191859327,52
-8196229,2026,5.0,38.07958489382652,-120.04187141689167,0.035166249999999996,0.06166250000000001,0.07559125,0.23465125,0.21558,0.13496375,0.51533407,0.04183872,0.26479614,91,23,0,1,1849,8.924312,128.20818,0.23640579,-9999,10.664049218290643,0,0.3201971494127065,52
-8117177,2026,5.0,38.8701023438517,-120.04187141689167,0.04256375,0.06283125,0.07918,0.20818250000000002,0.2128575,0.14207250000000002,0.4637877,0.00931481,0.2085683,37,22,0,1,2002,4.4004536,32.70874,0.20156819,-9999,9.344290628740907,0,0.41832010820508003,52
-8115381,2026,5.0,38.888068649534084,-120.04187141689167,0.0398825,0.0622675,0.06046625,0.24793375,0.1989425,0.12349625,0.6097395,0.109537475,0.32333714,90,7,0,1,2046,11.025576,131.65523,0.20272744,-9999,9.344290628740907,0,0.3644762179373126,52
-8113584,2026,5.0,38.90603495521648,-120.04187141689167,0.03192125,0.0476925,0.04655124999999999,0.20106,0.14200374999999998,0.08829624999999999,0.62351584,0.17195913,0.3895831,90,11,0,1,2009,10.642804,274.94174,0.20272744,-9999,9.344290628740907,0,0.2642647375352681,52
-8111787,2026,5.0,38.92400126089887,-120.04187141689167,0.026627499999999985,0.04134,0.03340625,0.18545375,0.112565,0.06302374999999999,0.6925198,0.2479857,0.49211982,87,22,0,1,1952,13.648223,-0.0,0.20272744,-9999,9.344290628740907,0,0.2982485732063651,52
-8399248,2026,5.0,36.06735865739879,-120.05983772257406,0.03479499999999999,0.10662500000000003,0.07219500000000001,0.5303175,0.1229325,0.06818000000000002,0.77143264,0.6397345,0.7827633,89,10,0,1,142,2.4736536,67.99332,0.099303246,-9999,22.917094413183065,0,0.6337759471856631,52
-8316603,2026,5.0,36.89380871878875,-120.05983772257406,0.05889875,0.08535375,0.08571125000000002,0.33508125,0.277015,0.1942675,0.56798726,0.08420412,0.25642884,54,22,0,1,82,1.1595696,90.0,0.12751432,-9999,22.70710984917099,0,0.9844363194245559,52
-8246534,2026,5.0,37.594494640401976,-120.05983772257406,0.024867499999999987,0.044694999999999985,0.0414775,0.1802975,0.138635,0.08412999999999998,0.6371455,0.1481836,0.37944227,66,8,0,1,589,27.785488,255.77245,0.118118025,-9999,17.003793211906213,0,0.25550345234572885,52
-8242941,2026,5.0,37.630427251766754,-120.05983772257406,0.04100999999999999,0.06570500000000001,0.07202999999999998,0.19209500000000002,0.2037275,0.1432,0.46053723,-0.02747838,0.14933445,45,8,0,1,554,24.578726,172.29538,0.14151324,-9999,17.003793211906213,0,0.25415598787367344,52
-8241144,2026,5.0,37.64839355744915,-120.05983772257406,0.020604999999999984,0.04890249999999999,0.036500000000000005,0.2655475,0.156345,0.08385500000000001,0.7580823,0.25816372,0.5168151,41,17,0,1,567,13.546253,19.842201,0.14151324,-9999,17.003793211906213,0,0.3195798170566559,52
-8223178,2026,5.0,37.82805661427305,-120.05983772257406,0.01822625,0.044969999999999996,0.038755,0.264585,0.152055,0.08093999999999998,0.7469488,0.26625964,0.529181,73,14,0,1,987,13.2272,308.30362,0.19756004,-9999,15.375102225683065,0,0.2902806987139312,52
-8221381,2026,5.0,37.846022919955445,-120.05983772257406,0.021553749999999997,0.04404875,0.04432375000000001,0.1870625,0.1405325,0.08477625,0.6191733,0.145553,0.37945458,58,13,0,1,711,22.293268,270.0,0.23033927,-9999,15.375102225683065,0,0.5430690625216812,52
-8219585,2026,5.0,37.86398922563783,-120.05983772257406,0.02386374999999999,0.04712875,0.05414125,0.18845125,0.15113375,0.09816875,0.5538058,0.10987,0.3149994,71,13,0,1,716,29.621275,256.8343,0.23033927,-9999,14.56513551281347,0,0.39837174430828204,52
-8207008,2026,5.0,37.989753365414565,-120.05983772257406,0.04451625000000001,0.066915,0.07421625000000001,0.20689000000000002,0.236315,0.16389375,0.47415236,-0.062158715,0.1196006,53,14,0,1,1424,34.40075,81.84533,0.23640579,-9999,13.268517779278511,0,0.3267038437453183,52
-8205212,2026,5.0,38.00771967109696,-120.05983772257406,0.04230250000000001,0.06838624999999998,0.06816624999999998,0.26809125,0.214425,0.14285625,0.597501,0.11771698,0.31069565,36,13,0,1,1241,25.890068,165.28723,0.23640579,-9999,13.268517779278511,0,0.3058180238696791,52
-8190838,2026,5.0,38.15145011655608,-120.05983772257406,0.027672500000000003,0.052202499999999985,0.05367374999999999,0.23973875,0.17358749999999998,0.10855000000000001,0.63275564,0.15703268,0.3717208,95,23,0,1,1693,10.357239,166.98148,0.25255895,-9999,12.092458261469403,0,0.4954572306217059,52
-8187245,2026,5.0,38.18738272792086,-120.05983772257406,0.02584375,0.04707375,0.048242499999999994,0.21097375,0.16537875000000002,0.10145499999999999,0.6112967,0.13512209,0.35231468,91,24,0,1,1537,10.815371,319.6959,0.25463712,-9999,12.092458261469403,0,0.2657749111848799,52
-8135143,2026,5.0,38.708405592710186,-120.05983772257406,0.045685,0.05745499999999998,0.06875749999999997,0.1408625,0.206065,0.15458500000000003,0.34028712,-0.18807144,-0.04644649,75,23,0,1,2379,18.428709,43.221287,0.19677751,-9999,8.255817216442495,0,0.2715075614729098,52
-8081244,2026,5.0,39.247394763181894,-120.05983772257406,0.03252624999999999,0.04806375,0.04594625000000001,0.21883875,0.154695,0.09192624999999999,0.65296376,0.17028496,0.40289414,88,10,0,1,2001,12.980135,85.972916,0.14809063,-9999,10.891257509621255,0,0.5153089607134461,52
-8338163,2026,5.0,36.69617935628246,-120.07780402825644,0.030752499999999988,0.059435000000000016,0.04631750000000001,0.373925,0.15043250000000002,0.07984000000000002,0.77810115,0.42316616,0.64593256,41,18,0,1,66,0.92740995,-0.0,0.12401789,-9999,23.339972227363205,0,0.9768055528402328,52
-8332773,2026,5.0,36.75007827332963,-120.07780402825644,0.03798499999999999,0.07016,0.066585,0.30938250000000006,0.164485,0.10945749999999999,0.6356155,0.28919378,0.47585043,81,2,0,1,70,1.4829625,128.70358,0.12760438,-9999,23.207674260293288,0,1.6196854196745774,52
-8250128,2026,5.0,37.57652833471958,-120.07780402825644,0.02495,0.04873749999999999,0.046564999999999995,0.23329,0.163385,0.09790749999999998,0.66722053,0.17748187,0.4087667,71,8,0,1,767,25.285244,72.03626,0.118118025,-9999,17.003793211906213,0,0.2615519372503395,52
-8246534,2026,5.0,37.61246094608437,-120.07780402825644,0.0327325,0.0562725,0.059462499999999974,0.18271749999999998,0.1697925,0.11864249999999998,0.48697764,0.0074749556,0.18456662,78,8,0,1,650,29.899048,286.35123,0.14151324,-9999,17.003793211906213,0,0.29092847905121744,52
-8233958,2026,5.0,37.7382250858611,-120.07780402825644,0.012602500000000003,0.031577499999999994,0.024455000000000005,0.1921225,0.10380625000000002,0.051267499999999994,0.777124,0.30273953,0.5787555,90,16,0,1,885,10.282049,333.16937,0.15678553,-9999,16.051846912343024,0,0.23583423967162767,52
-8230365,2026,5.0,37.77415769722588,-120.07780402825644,0.024743749999999995,0.052188750000000006,0.05179,0.23725,0.1973475,0.1171025,0.6408544,0.093721166,0.33905658,41,17,0,1,945,6.129762,252.45448,0.19756004,-9999,15.375102225683065,0,0.25459116688844835,52
-8224975,2026,5.0,37.82805661427305,-120.07780402825644,0.03139875,0.057729999999999976,0.06620000000000001,0.21397125000000003,0.16993,0.1141325,0.5274296,0.11371753,0.30551913,44,13,0,1,1050,3.9749207,297.76993,0.19756004,-9999,15.375102225683065,0,0.2871225360907953,52
-8212398,2026,5.0,37.95382075404979,-120.07780402825644,0.020687499999999998,0.04990625,0.047994999999999996,0.25285625,0.18511,0.11200125,0.6790879,0.13479944,0.3703693,99,15,0,1,1413,11.518196,197.59149,0.23640579,-9999,13.268517779278511,0,0.3449655553059919,52
-8194432,2026,5.0,38.13348381087369,-120.07780402825644,0.03810875,0.06368375000000001,0.0723325,0.25051875,0.2314475,0.14633500000000002,0.54586565,0.04169875,0.2686674,83,23,0,1,1565,15.427405,184.27689,0.25255895,-9999,12.238496357907536,0,0.32772109970789065,52
-8190839,2026,5.0,38.16941642223847,-120.07780402825644,0.028263750000000004,0.05115750000000001,0.057633749999999984,0.21608875000000002,0.169545,0.1011525,0.5806755,0.12855512,0.36785847,78,24,0,1,1521,17.417122,191.35599,0.25463712,-9999,12.092458261469403,0,0.24011513619663435,52
-8165686,2026,5.0,38.42094470179194,-120.07780402825644,0.0426875,0.06024625,0.06081,0.20865,0.173065,0.11339000000000002,0.55163515,0.089255795,0.29210532,74,12,0,1,1978,13.849707,228.9598,0.23601049,-9999,10.868279414023164,0,0.2009879042953253,52
-8129753,2026,5.0,38.78027081543974,-120.07780402825644,0.05881624999999999,0.08764999999999998,0.10421875,0.21551125000000002,0.22179500000000002,0.16709749999999998,0.34641847,-0.01680827,0.1245079,62,22,0,1,2469,28.842766,236.04956,0.19677751,-9999,7.9137420736333866,0,0.27282981388270855,52
-8126160,2026,5.0,38.81620342680453,-120.07780402825644,0.07611374999999998,0.09898000000000001,0.11436625,0.2117025,0.30622000000000005,0.24253000000000002,0.29136553,-0.18252233,-0.07250648,82,22,0,1,2112,11.648401,30.258327,0.20156819,-9999,7.9137420736333866,0,0.26097516742135796,52
-8113584,2026,5.0,38.94196756658126,-120.07780402825644,0.039360000000000006,0.055901249999999986,0.06345,0.22521875,0.1688025,0.1105025,0.56056607,0.14947277,0.339748,78,17,0,1,1933,14.736692,119.49503,0.20272744,-9999,8.972291195777188,0,0.3472201099619269,52
-8079448,2026,5.0,39.28332737454668,-120.07780402825644,0.053137500000000004,0.07585249999999999,0.09066125,0.2258925,0.2476175,0.17675,0.42596063,-0.04876866,0.117626235,68,17,0,1,2147,9.849022,338.81442,0.14809063,-9999,10.552395572457272,0,0.5476760350699935,52
-8341756,2026,5.0,36.678213050600064,-120.09577033393883,0.02855250000000001,0.06452249999999998,0.045355000000000006,0.4058525,0.16784,0.07703500000000002,0.7956819,0.40792707,0.67342657,75,10,0,1,65,1.8543341,180.0,0.12799777,-9999,23.339972227363205,0,0.5773757580253813,52
-8248331,2026,5.0,37.61246094608437,-120.09577033393883,0.031164999999999998,0.05294500000000002,0.05286249999999998,0.2005925,0.16069,0.10450749999999998,0.6102536,0.13167113,0.34396085,51,17,0,1,424,33.64453,292.90326,0.13340874,-9999,17.003793211906213,0,0.3357047466966121,52
-8242942,2026,5.0,37.66635986313154,-120.09577033393883,0.020714999999999997,0.04832500000000001,0.0354825,0.2833675,0.16804625,0.09099125,0.77853423,0.25555462,0.51462877,41,17,0,1,670,21.515987,34.792,0.13340874,-9999,16.051846912343024,0,0.2704019295051694,52
-8217789,2026,5.0,37.917888142685,-120.09577033393883,0.01582,0.046647499999999995,0.03738,0.26833874999999996,0.18352875,0.0995025,0.7552379,0.18596591,0.45867163,59,13,0,1,1323,4.6273675,-0.0,0.21585076,-9999,14.56513551281347,0,0.31984207017177885,52
-8215992,2026,5.0,37.935854448367394,-120.09577033393883,0.014857499999999996,0.0427425,0.03742125,0.264255,0.14904375,0.08144874999999999,0.7445854,0.26716226,0.5286047,71,10,0,1,1418,21.657965,31.122171,0.23791352,-9999,14.56513551281347,0,0.3250620437108658,52
-8214195,2026,5.0,37.95382075404979,-120.09577033393883,0.01913374999999999,0.04682625,0.047885,0.22475125,0.1646775,0.10156499999999999,0.64381087,0.14935209,0.37937856,93,14,0,1,1426,12.795566,244.681,0.23791352,-9999,13.268517779278511,0,0.2947491598093793,52
-8212399,2026,5.0,37.97178705973217,-120.09577033393883,0.007597500000000007,0.028483750000000002,0.02456499999999999,0.16951750000000002,0.0898775,0.049479999999999996,0.7500988,0.3054416,0.5414614,100,14,0,1,1434,5.8622227,90.0,0.23791352,-9999,13.268517779278511,0,0.33772661944939975,52
-8208806,2026,5.0,38.00771967109696,-120.09577033393883,0.013798749999999999,0.03397,0.021718749999999995,0.23773125,0.09321875000000002,0.04527249999999999,0.82345074,0.4215319,0.67843974,100,14,0,1,1539,15.561478,242.28773,0.23791352,-9999,13.268517779278511,0,0.2902280789249661,52
-8205212,2026,5.0,38.043652282461736,-120.09577033393883,0.028662499999999994,0.057895,0.05690499999999998,0.28103,0.1890425,0.10085,0.6619517,0.19620565,0.4699097,95,18,0,1,1640,8.389567,257.31897,0.23791352,-9999,13.268517779278511,0,0.3395735172643548,52
-8203416,2026,5.0,38.06161858814413,-120.09577033393883,0.015379999999999991,0.036788749999999995,0.03618375,0.2168175,0.12082874999999998,0.06171749999999998,0.70887476,0.2847063,0.55830526,96,18,0,1,1673,5.0508347,248.51173,0.23791352,-9999,12.238496357907536,0,0.3473376701807692,52
-8187246,2026,5.0,38.22331533928564,-120.09577033393883,0.027741249999999995,0.05463625,0.050373749999999995,0.2648325,0.17598,0.097825,0.67696404,0.20261163,0.4586634,89,16,0,1,1519,7.107424,97.45954,0.29474527,-9999,12.092458261469403,0,0.30875550532205537,52
-8185449,2026,5.0,38.24128164496803,-120.09577033393883,0.022846249999999985,0.048187499999999994,0.041917499999999996,0.28906,0.16752375,0.09261375,0.7407853,0.28087378,0.5156788,71,24,0,1,1778,11.78476,81.072815,0.29474527,-9999,12.092458261469403,0,0.24492721784521232,52
-8136940,2026,5.0,38.72637189839257,-120.09577033393883,0.05874750000000001,0.08194374999999998,0.0899875,0.15156,0.1937725,0.17096125,0.26215297,-0.11116349,-0.048985098,62,22,0,1,2368,30.622263,190.09462,0.22377093,-9999,8.255817216442495,0,0.24369197330721046,52
-8135144,2026,5.0,38.744338204074964,-120.09577033393883,0.0712875,0.09448374999999998,0.10199125,0.2032875,0.21278875,0.16966875,0.3361277,-0.020338275,0.088208,95,22,0,1,2303,32.91029,239.98328,0.22377093,-9999,8.255817216442495,0,0.31394022014801914,52
-8084838,2026,5.0,39.247394763181894,-120.09577033393883,0.05159749999999999,0.07197500000000001,0.08543624999999999,0.24374,0.263045,0.175375,0.47967595,-0.047034986,0.16211718,82,24,0,1,2219,10.365238,193.21259,0.17724524,-9999,10.891257509621255,0,0.23394886884642274,52
-8244738,2026,5.0,37.66635986313154,-120.11373663962122,0.022585000000000008,0.04629,0.04523124999999999,0.22684125000000002,0.16364625,0.09563875,0.6696734,0.1715654,0.41874373,41,17,0,1,1074,15.003069,302.92944,0.13340874,-9999,16.051846912343024,0,0.30389671966743964,52
-8226771,2026,5.0,37.846022919955445,-120.11373663962122,0.02803,0.05400375000000002,0.04814624999999999,0.2752,0.17124999999999999,0.09698625,0.6977068,0.22944355,0.47044274,36,13,0,1,627,36.03312,57.7182,0.21585076,-9999,15.375102225683065,0,0.27756700535183365,52
-8215991,2026,5.0,37.95382075404979,-120.11373663962122,0.021031249999999987,0.05243625000000002,0.04600125000000001,0.30787000000000003,0.19604125,0.10460375,0.7411845,0.2219028,0.48855883,85,14,0,1,1240,28.080778,105.84724,0.23791352,-9999,13.268517779278511,0,0.33654514105901834,52
-8214195,2026,5.0,37.97178705973217,-120.11373663962122,0.021828749999999994,0.05085500000000001,0.05305499999999999,0.266345,0.1860175,0.10738125000000001,0.6689687,0.1797256,0.42677638,75,14,0,1,1664,23.857273,123.30199,0.23791352,-9999,13.268517779278511,0,0.3046138489707595,52
-8199822,2026,5.0,38.1155175051913,-120.11373663962122,0.016026249999999992,0.03716,0.03171500000000001,0.2251225,0.12327625,0.0627625,0.7571152,0.27575135,0.5499018,99,3,0,1,1676,15.572473,338.33728,0.2838222,-9999,12.238496357907536,0,0.3070936744056997,52
-8198025,2026,5.0,38.13348381087369,-120.11373663962122,0.014156249999999995,0.03871374999999999,0.030518749999999997,0.26081750000000004,0.11124499999999998,0.058142499999999986,0.7854584,0.40656865,0.6347558,99,7,0,1,1623,15.572972,338.33243,0.2838222,-9999,12.238496357907536,0,0.25284310210157523,52
-8190839,2026,5.0,38.20534903360325,-120.11373663962122,0.04854499999999999,0.08067875,0.08918999999999999,0.26050125,0.21069875000000002,0.15888875,0.4899733,0.09949951,0.24266888,85,4,0,1,1371,6.569907,169.69626,0.29474527,-9999,12.092458261469403,0,0.3226560921492902,52
-8189042,2026,5.0,38.22331533928564,-120.11373663962122,0.020398749999999993,0.048049999999999995,0.039580000000000004,0.29251125,0.14112375,0.07645750000000001,0.7574898,0.35126355,0.59242976,56,5,0,1,1630,16.512932,209.11325,0.29474527,-9999,12.092458261469403,0,0.30094016667293466,52
-8138736,2026,5.0,38.72637189839257,-120.11373663962122,0.06223999999999999,0.09310874999999999,0.0933425,0.28940375,0.19986375,0.15475,0.512228,0.18296735,0.3032809,53,21,0,1,2158,31.956867,189.57343,0.22377093,-9999,8.255817216442495,0,0.2542433892154977,52
-8131550,2026,5.0,38.798237121122135,-120.11373663962122,0.057303750000000014,0.07439500000000002,0.08480375000000001,0.18638875,0.250725,0.184835,0.37580112,-0.14928854,0.005994111,99,21,0,1,2069,10.683478,340.71313,0.22377093,-9999,7.9137420736333866,0,0.38884326851084117,52
-8129753,2026,5.0,38.81620342680453,-120.11373663962122,0.072745,0.09192625000000001,0.09959875000000001,0.19373125,0.21316000000000002,0.17519625,0.3149957,-0.04685857,0.048170906,82,22,0,1,2122,42.236637,259.72943,0.23114225,-9999,7.9137420736333866,0,0.22569712023029015,52
-8305823,2026,5.0,37.07347177561265,-120.13170294530362,0.07186500000000001,0.11735000000000001,0.14259500000000003,0.3509075,0.3218125,0.2469575,0.42541152,0.04180535,0.17362888,45,5,0,1,90,1.1623071,270.0,0.1265785,-9999,21.59754583707422,0,0.9206079728543185,52
-8237551,2026,5.0,37.75619139154349,-120.13170294530362,0.025664999999999993,0.052285,0.05283499999999999,0.24178750000000002,0.166795,0.0962575,0.6496376,0.19467269,0.43858457,39,16,0,1,1031,4.772465,165.80394,0.14415807,-9999,15.375102225683065,0,0.3463711745875037,52
-8235755,2026,5.0,37.77415769722588,-120.13170294530362,0.019697499999999993,0.04348500000000001,0.03924999999999999,0.22692375,0.1493325,0.0837175,0.70507807,0.20014802,0.4525785,58,16,0,1,1006,6.907906,122.30701,0.17769527,-9999,15.375102225683065,0,0.46312051969157025,52
-8232161,2026,5.0,37.81009030859066,-120.13170294530362,0.016163750000000005,0.0398275,0.0325125,0.24768625,0.14948375,0.07215374999999999,0.76936466,0.24344473,0.54579866,58,17,0,1,917,8.943096,245.703,0.17769527,-9999,15.375102225683065,0,0.44420453787527303,52
-8219585,2026,5.0,37.935854448367394,-120.13170294530362,0.011667499999999997,0.045657500000000004,0.023066249999999996,0.3992525,0.17130499999999999,0.07201625,0.8907632,0.39948943,0.69434434,39,14,0,1,1035,19.73675,30.988554,0.23791352,-9999,14.56513551281347,0,0.30743187928402965,52
-8214195,2026,5.0,37.989753365414565,-120.13170294530362,0.009852499999999986,0.029982499999999995,0.023767499999999997,0.20183,0.0981825,0.04983750000000001,0.7892929,0.33726457,0.6039417,100,17,0,1,1247,22.57189,333.59546,0.23791352,-9999,13.268517779278511,0,0.30512386223389987,52
-8205212,2026,5.0,38.07958489382652,-120.13170294530362,0.03346125,0.06483874999999997,0.058115,0.31799000000000005,0.21955375000000002,0.119055,0.6846424,0.18110691,0.4550878,83,16,0,1,1500,11.912044,157.04895,0.23791352,-9999,12.238496357907536,0,0.35569871157746424,52
-8192636,2026,5.0,38.20534903360325,-120.13170294530362,0.03304875,0.05851375,0.06089249999999999,0.25849374999999997,0.19972625,0.12531125,0.6170989,0.1270981,0.34469298,83,16,0,1,1407,10.162519,186.5992,0.29474527,-9999,12.092458261469403,0,0.29568936742599244,52
-8181856,2026,5.0,38.3131468676976,-120.13170294530362,0.06456375,0.08788375000000001,0.111905,0.20628500000000002,0.3277525,0.23197,0.29923484,-0.22741473,-0.064201474,85,22,0,1,1748,18.474855,345.70007,0.28048527,-9999,11.656995391845726,0,0.2284972354148825,52
-8180059,2026,5.0,38.33111317337998,-120.13170294530362,0.07114999999999999,0.10008,0.12345500000000001,0.26083125,0.331905,0.25524875,0.3502553,-0.12267896,0.010816283,40,18,0,1,1913,16.236565,112.89874,0.27521852,-9999,11.656995391845726,0,0.26274671444358927,52
-8144127,2026,5.0,38.69043928702779,-120.13170294530362,0.04509375,0.06644750000000002,0.06289999999999998,0.27254625,0.18831375,0.12395,0.6259915,0.1823814,0.3743298,96,21,0,1,2189,11.5287,197.75987,0.22377093,-9999,8.255817216442495,0,0.29087585453753884,52
-8142330,2026,5.0,38.708405592710186,-120.13170294530362,0.028772500000000006,0.043251250000000005,0.03903000000000001,0.186485,0.11590625000000002,0.0739825,0.64729005,0.24206819,0.4343991,100,23,0,1,2024,18.428709,316.77872,0.22377093,-9999,8.255817216442495,0,0.23389650269856918,52
-8136940,2026,5.0,38.76230450975736,-120.13170294530362,0.0861925,0.10815125,0.12960125,0.22147875,0.29783250000000006,0.25348875,0.27382478,-0.13857187,-0.058831334,52,21,0,1,2248,15.103292,270.0,0.22377093,-9999,7.9137420736333866,0,0.24461721832101996,52
-8133347,2026,5.0,38.798237121122135,-120.13170294530362,0.038301249999999995,0.05795,0.04859999999999999,0.280095,0.16191375,0.09628500000000001,0.7041954,0.26385406,0.48840484,99,21,0,1,2058,12.275454,41.929348,0.22377093,-9999,7.9137420736333866,0,0.26830003258179536,52
-8131550,2026,5.0,38.81620342680453,-120.13170294530362,0.06140124999999999,0.0779975,0.09130749999999999,0.18165874999999998,0.24411125,0.186705,0.32868555,-0.14709078,-0.012513782,99,21,0,1,2221,14.917053,193.53058,0.23114225,-9999,7.9137420736333866,0,0.22893292492344267,52
-8068668,2026,5.0,39.44502412568819,-120.13170294530362,0.035303749999999995,0.05826625000000002,0.06159375,0.23437625,0.16653375,0.10134500000000002,0.58695924,0.17097437,0.39989403,70,1,0,1,1811,10.915296,147.0781,0.16497268,-9999,11.065660546415643,0,0.35164575755377026,52
-8402841,2026,5.0,36.12125757444596,-120.14966925098601,0.08220499999999997,0.1173225,0.15398,0.23384,0.34378500000000006,0.2618075,0.21101426,-0.19386375,-0.06844719,56,2,0,1,143,2.1805396,31.757017,0.10144184,-9999,22.917094413183065,0,0.9098704239087445,52
-8325586,2026,5.0,36.89380871878875,-120.14966925098601,0.031316250000000004,0.05617624999999998,0.05434749999999999,0.34158499999999997,0.1767225,0.10128999999999999,0.71401906,0.29611608,0.5176652,96,1,0,1,71,1.1595696,90.0,0.130992,-9999,22.70710984917099,0,0.6241818465149174,52
-8255517,2026,5.0,37.594494640401976,-120.14966925098601,0.019779999999999992,0.04748625000000001,0.037627499999999994,0.24331375,0.14395625,0.08122875000000002,0.7348541,0.26182044,0.5036459,41,17,0,1,620,18.806612,356.56073,0.116902836,-9999,17.003793211906213,0,0.28583795895489555,52
-8235754,2026,5.0,37.792124002908274,-120.14966925098601,0.03634875,0.066805,0.06995374999999998,0.22893125,0.2104375,0.1397625,0.53767234,0.04654812,0.2542104,82,16,0,1,1031,4.7744,101.17542,0.17769527,-9999,15.375102225683065,0,0.3506909144872969,52
-8228568,2026,5.0,37.86398922563783,-120.14966925098601,0.02405625,0.04942500000000001,0.05174875000000001,0.21635,0.154035,0.09866375,0.6139707,0.16983517,0.37381405,53,14,0,1,932,8.908424,308.28998,0.21585076,-9999,14.56513551281347,0,0.38077783908533014,52
-8214195,2026,5.0,38.00771967109696,-120.14966925098601,0.0522025,0.07732375,0.08726500000000001,0.25705,0.2613675,0.17409625,0.49289146,-0.00302318,0.19881956,41,16,0,1,1092,16.341785,145.90666,0.23791352,-9999,13.268517779278511,0,0.32664441086706664,52
-8199821,2026,5.0,38.15145011655608,-120.14966925098601,0.025169999999999998,0.05143249999999999,0.05169375000000001,0.26063875000000003,0.17555375,0.10289875000000001,0.67011213,0.19910167,0.439498,71,23,0,1,1590,12.822888,244.7407,0.2838222,-9999,12.092458261469403,0,0.25937957627077896,52
-8145923,2026,5.0,38.69043928702779,-120.14966925098601,0.05841749999999998,0.0809675,0.08470750000000002,0.2323,0.200565,0.14949749999999998,0.4605576,0.06974138,0.20965119,74,21,0,1,2025,12.257917,252.66087,0.22377093,-9999,8.255817216442495,0,0.3296048836377652,52
-8138736,2026,5.0,38.76230450975736,-120.14966925098601,0.044406249999999994,0.062047500000000005,0.06874374999999999,0.20756375,0.2189625,0.15455750000000001,0.5032278,-0.029197056,0.13889131,46,21,0,1,2202,5.1337795,136.11417,0.22377093,-9999,7.9137420736333866,0,0.21382269949059596,52
-8136939,2026,5.0,38.78027081543974,-120.14966925098601,0.04699125,0.06261125000000001,0.06162124999999999,0.20968124999999999,0.18575625,0.12701625,0.54569817,0.060478088,0.23796669,98,21,0,1,1862,20.450352,356.80774,0.22377093,-9999,7.9137420736333866,0,0.2658436258577488,52
-8135143,2026,5.0,38.798237121122135,-120.14966925098601,0.055172499999999985,0.0761,0.07460125000000001,0.2929925,0.22194624999999998,0.15322375,0.5944087,0.130486,0.3098824,95,21,0,1,1860,19.680925,140.29903,0.22377093,-9999,7.9137420736333866,0,1.1149067036984932,52
-8133346,2026,5.0,38.81620342680453,-120.14966925098601,0.09455249999999998,0.12019625,0.14208625,0.25743499999999997,0.34752500000000003,0.295935,0.28673843,-0.14790687,-0.06891218,45,21,0,1,2391,13.570752,159.86229,0.23114225,-9999,7.9137420736333866,0,0.23615750506342875,52
-8097414,2026,5.0,39.17552954045233,-120.14966925098601,0.045107499999999995,0.06222625000000001,0.07212625,0.20357625000000001,0.1823325,0.1289825,0.48139653,0.060737316,0.23049013,87,22,0,1,1996,13.212389,78.06221,0.6013881,-9999,10.891257509621255,0,0.6748245113529265,52
-8259111,2026,5.0,37.57652833471958,-120.1676355566684,0.027122499999999994,0.054333749999999986,0.05874750000000001,0.2392025,0.20537750000000002,0.12833624999999999,0.60722136,0.07834032,0.30363324,35,17,0,1,532,10.088463,35.029797,0.12072162,-9999,17.795554384621255,0,0.1874377137940863,52
-8253721,2026,5.0,37.630427251766754,-120.1676355566684,0.027809999999999988,0.052972500000000006,0.047843750000000004,0.25203125000000004,0.181315,0.10732624999999998,0.6811966,0.16249748,0.40705472,37,17,0,1,332,23.012682,28.766468,0.13121247,-9999,17.795554384621255,0,0.3034533593981039,52
-8237551,2026,5.0,37.792124002908274,-120.1676355566684,0.014898750000000002,0.039607500000000004,0.03187999999999999,0.24532125000000002,0.12208000000000002,0.06144249999999998,0.7657016,0.33349282,0.5927699,94,17,0,1,1177,22.135935,23.75686,0.15818605,-9999,16.141270635461296,0,0.39004297125274723,52
-8235754,2026,5.0,37.81009030859066,-120.1676355566684,0.014843749999999989,0.036898749999999994,0.029336249999999994,0.21853625,0.11853250000000001,0.06347749999999999,0.76123154,0.2962771,0.54976577,90,16,0,1,1149,15.747053,347.40866,0.15818605,-9999,16.141270635461296,0,0.33729434507372585,52
-8208805,2026,5.0,38.07958489382652,-120.1676355566684,0.026146249999999996,0.04510750000000001,0.052408749999999976,0.21562125000000001,0.1889875,0.12481625000000002,0.5959593,0.068100885,0.2707645,98,21,0,1,1463,16.025312,343.35767,0.21382244,-9999,13.861007698633387,0,0.3613541215150194,52
-8199822,2026,5.0,38.16941642223847,-120.1676355566684,0.015599999999999989,0.036706249999999996,0.03181125,0.224875,0.11689625000000001,0.06273499999999999,0.75097823,0.31988648,0.56550723,85,9,0,1,1429,10.114833,324.7532,0.2742683,-9999,13.33867014402989,0,0.3454276609811045,52
-8192635,2026,5.0,38.24128164496803,-120.1676355566684,0.011901250000000002,0.03040875,0.02253000000000001,0.21446625,0.09094999999999998,0.047142500000000004,0.8084763,0.40333697,0.6374972,99,2,0,1,1534,44.064865,323.3983,0.2742683,-9999,13.33867014402989,0,0.2675508683466393,52
-8190839,2026,5.0,38.25924795065042,-120.1676355566684,0.04800875,0.07082,0.09176125000000002,0.21342125,0.26242625,0.1886025,0.40914908,-0.08689295,0.0814348,96,24,0,1,1748,18.775116,-0.0,0.2707278,-9999,12.277128330353776,0,0.24220546311698854,52
-8183652,2026,5.0,38.33111317337998,-120.1676355566684,0.04499750000000001,0.06827625000000001,0.07400999999999999,0.2835875,0.22002125,0.14078000000000002,0.5830756,0.12617235,0.33646157,96,8,0,1,1925,16.0931,308.11206,0.2896694,-9999,12.277128330353776,0,0.2901713567165037,52
-8165686,2026,5.0,38.51077623020389,-120.1676355566684,0.027548749999999997,0.050140000000000004,0.04025374999999999,0.28478375,0.13174625,0.06806999999999999,0.75095713,0.36031505,0.6140185,99,5,0,1,1896,10.077163,248.63231,0.27316654,-9999,10.946246903942495,0,0.20009878302073997,52
-8149516,2026,5.0,38.6724729813454,-120.1676355566684,0.0710125,0.09206374999999997,0.09893874999999999,0.19650875,0.22939875,0.1894,0.33341256,-0.07942572,0.015860917,52,21,0,1,2034,17.472996,261.12515,0.26212463,-9999,9.790731950985503,0,0.2904227296045671,52
-8145923,2026,5.0,38.708405592710186,-120.1676355566684,0.04715625,0.07935875,0.07713124999999998,0.29610000000000003,0.19377250000000001,0.12954625,0.58153915,0.20880336,0.39057553,53,19,0,1,2012,24.919321,150.5832,0.26212463,-9999,9.790731950985503,0,0.20000162832438945,52
-8144126,2026,5.0,38.72637189839257,-120.1676355566684,0.044117500000000004,0.06329874999999999,0.06760250000000001,0.21083625,0.1929475,0.13059125,0.5128741,0.040886432,0.23713222,67,22,0,1,2047,11.5420265,217.56354,0.26212463,-9999,9.790731950985503,0,0.22280486242379993,52
-8140533,2026,5.0,38.76230450975736,-120.1676355566684,0.04380125,0.057578749999999984,0.06586999999999998,0.16683625,0.19985,0.144575,0.4229862,-0.10019013,0.06335298,99,22,0,1,2116,10.850813,40.529575,0.26212463,-9999,9.663534685360503,0,0.29619180178269744,52
-8138736,2026,5.0,38.78027081543974,-120.1676355566684,0.049479999999999996,0.0655125,0.0654025,0.18028375000000002,0.16990249999999998,0.130715,0.45644808,0.010345655,0.1408337,100,21,0,1,1936,17.132847,3.8624642,0.26212463,-9999,9.663534685360503,0,0.24461084055171037,52
-8136940,2026,5.0,38.798237121122135,-120.1676355566684,0.051570000000000005,0.072635,0.07896,0.24577500000000002,0.248635,0.16966875,0.5138432,0.0067800623,0.18942808,98,21,0,1,2164,22.032898,180.0,0.26212463,-9999,9.663534685360503,0,0.27295577043498104,52
-8090227,2026,5.0,39.26536106886429,-120.1676355566684,0.02130625,0.03601875,0.03483625,0.18141125000000002,0.094415,0.0597375,0.6778884,0.32423422,0.5116383,98,2,0,1,2014,22.273829,322.22528,0.21508949,-9999,10.839087545743553,0,0.2625779383815825,52
-8081244,2026,5.0,39.355192597276236,-120.1676355566684,0.04167,0.0596825,0.06585625,0.15248124999999998,0.13306625,0.10021749999999999,0.39579058,0.07571892,0.21022516,66,5,0,1,1803,8.126678,132.85745,0.21470593,-9999,11.21153063210113,0,0.7069294874866804,52
-8072261,2026,5.0,39.44502412568819,-120.1676355566684,0.029886250000000003,0.05238124999999999,0.053508749999999994,0.226305,0.1619,0.09475875,0.6127887,0.16808878,0.40326315,58,18,0,1,1935,7.168645,270.0,0.20028235,-9999,11.21153063210113,0,0.3148052618887864,52
-8401045,2026,5.0,36.175156491493134,-120.18560186235078,0.10216999999999998,0.15617999999999999,0.19061,0.24767250000000002,0.32324250000000004,0.29890500000000003,0.12808448,-0.14203052,-0.10448216,99,9,0,1,144,1.4763055,308.91098,0.101327285,-9999,23.08155068838471,0,0.46860868572864844,52
-8399248,2026,5.0,36.193122797175526,-120.18560186235078,0.04582249999999999,0.06823499999999999,0.07348749999999998,0.296485,0.199465,0.12455500000000003,0.6236308,0.1946916,0.408346,41,15,0,1,137,0.92740995,180.0,0.101327285,-9999,23.08155068838471,0,0.44771759143030204,52
-8241145,2026,5.0,37.77415769722588,-120.18560186235078,0.01582,0.042632500000000004,0.035633750000000006,0.304955,0.17533375,0.08267250000000001,0.7916691,0.2644971,0.5687457,70,17,0,1,1031,12.2076645,325.39154,0.15818605,-9999,16.141270635461296,0,0.48848868627101183,52
-8239348,2026,5.0,37.792124002908274,-120.18560186235078,0.021099999999999994,0.041092500000000004,0.041436249999999994,0.2050475,0.11579624999999999,0.06782250000000001,0.6633243,0.28002465,0.5034402,99,1,0,1,1083,8.605884,195.70647,0.15818605,-9999,16.141270635461296,0,0.23243650826423065,52
-8235755,2026,5.0,37.82805661427305,-120.18560186235078,0.02341,0.04385625,0.04605625000000001,0.19358,0.137425,0.08659125000000001,0.61712694,0.17013909,0.384147,85,3,0,1,990,11.091054,335.27942,0.15818605,-9999,16.141270635461296,0,0.47412905139340594,52
-8223178,2026,5.0,37.95382075404979,-120.18560186235078,0.013069999999999998,0.04002,0.030697500000000003,0.32905875,0.1826625,0.08197125,0.8314398,0.2923668,0.6080804,41,15,0,1,1030,10.355855,12.984632,0.21382244,-9999,14.510109366140057,0,0.46608026536262553,52
-8208805,2026,5.0,38.09755119950891,-120.18560186235078,0.025376250000000003,0.04978250000000001,0.0427975,0.28046625000000003,0.1645675,0.08875,0.73545235,0.260911,0.5197451,69,10,0,1,1308,15.609842,106.83989,0.24236235,-9999,13.861007698633387,0,0.3335923253558576,52
-8198026,2026,5.0,38.20534903360325,-120.18560186235078,0.03461624999999999,0.061305,0.06688750000000002,0.238185,0.211125,0.1320625,0.5612092,0.055562627,0.27808926,98,18,0,1,1400,15.232091,310.83948,0.2742683,-9999,13.33867014402989,0,0.2639749693967726,52
-8196229,2026,5.0,38.22331533928564,-120.18560186235078,0.027273749999999986,0.05145999999999998,0.0505525,0.25153625,0.16810125,0.10442499999999999,0.65710443,0.19569534,0.41517776,96,13,0,1,1629,17.973606,356.3583,0.2742683,-9999,13.33867014402989,0,0.27772096661931794,52
-8187246,2026,5.0,38.3131468676976,-120.18560186235078,0.06453624999999999,0.09115625,0.10628125000000002,0.29168625000000004,0.27796375,0.18559125,0.45742062,0.03042928,0.22728798,85,17,0,1,1739,12.769178,180.0,0.2707278,-9999,12.277128330353776,0,0.23795626459953687,52
-8153110,2026,5.0,38.654506675663015,-120.18560186235078,0.05812875000000001,0.07462875,0.0811325,0.20917249999999998,0.21435625000000003,0.16278,0.4431682,-0.020748742,0.115145184,91,21,0,1,2120,17.900097,303.45612,0.26212463,-9999,9.790731950985503,0,0.26474145873604965,52
-8151313,2026,5.0,38.6724729813454,-120.18560186235078,0.06841375,0.08886,0.09416749999999999,0.21883875,0.21404,0.17140125,0.39530596,0.009074169,0.115952834,91,21,0,1,1973,12.449498,48.70646,0.26212463,-9999,9.790731950985503,0,0.29105518804863095,52
-8149517,2026,5.0,38.69043928702779,-120.18560186235078,0.049823749999999986,0.06420624999999999,0.06851000000000002,0.17101625,0.1860175,0.14090375,0.41764593,-0.04473837,0.09582944,99,22,0,1,1822,16.38761,339.35284,0.26212463,-9999,9.790731950985503,0,0.4131812851546388,52
-8147720,2026,5.0,38.708405592710186,-120.18560186235078,0.0462625,0.06302375000000002,0.06871625,0.2068625,0.19202625,0.13309375,0.49475607,0.03456957,0.21305504,52,22,0,1,1975,14.69792,350.8993,0.26212463,-9999,9.790731950985503,0,0.2667695827037096,52
-8145923,2026,5.0,38.72637189839257,-120.18560186235078,0.06291374999999999,0.08010125000000001,0.09567999999999999,0.20792125,0.25821875,0.19425375,0.367486,-0.111180246,0.02808205,84,21,0,1,1983,12.030052,283.17258,0.26212463,-9999,9.790731950985503,0,0.2680774546849231,52
-8142330,2026,5.0,38.76230450975736,-120.18560186235078,0.04226125,0.059819999999999984,0.06115375000000001,0.24779625,0.1951475,0.13059125000000002,0.6040258,0.10903716,0.3043522,45,22,0,1,2171,5.547545,180.0,0.26212463,-9999,9.663534685360503,0,0.31192172780309035,52
-8140533,2026,5.0,38.78027081543974,-120.18560186235078,0.051941249999999994,0.07526124999999997,0.08162749999999999,0.20221499999999998,0.22103875,0.16245,0.43355182,-0.03638984,0.1191233,96,22,0,1,1835,25.320137,41.1738,0.26212463,-9999,9.663534685360503,0,0.21360688140107828,52
-8138737,2026,5.0,38.798237121122135,-120.18560186235078,0.048833749999999995,0.07752999999999999,0.07669125000000002,0.28727250000000004,0.19382749999999999,0.132035,0.5778002,0.19425742,0.3683074,43,21,0,1,1897,24.361708,227.21608,0.26212463,-9999,9.663534685360503,0,0.2614961325057915,52
-8093821,2026,5.0,39.247394763181894,-120.18560186235078,0.02815374999999999,0.04145,0.0416425,0.1853025,0.12148875,0.07427125000000001,0.6364321,0.21441326,0.43314624,91,15,0,1,2158,5.1507,44.082237,0.21508949,-9999,10.445887255925015,0,0.3293180052368414,52
-8090228,2026,5.0,39.28332737454668,-120.18560186235078,0.029240000000000002,0.043045,0.04512124999999999,0.21586875,0.13622875,0.07894625,0.6414582,0.20924948,0.4470045,53,21,0,1,1962,2.2072577,327.13858,0.21508949,-9999,10.839087545743553,0,0.3425451721996069,52
-8081245,2026,5.0,39.37315890295863,-120.18560186235078,0.01979375,0.03773750000000001,0.03280124999999999,0.23901,0.10739500000000002,0.05447125,0.75715107,0.37331766,0.6264826,83,4,0,1,1817,7.392736,75.55056,0.20028235,-9999,11.21153063210113,0,0.4406460026013,52
-8075855,2026,5.0,39.4270578200058,-120.18560186235078,0.023409999999999986,0.04183500000000001,0.03831499999999999,0.22988000000000003,0.1223825,0.0653475,0.7163412,0.29629517,0.5549713,98,15,0,1,2044,6.258732,287.16974,0.20028235,-9999,11.21153063210113,0,0.2513275242557651,52
-8327382,2026,5.0,36.92974133015353,-120.20356816803317,0.02686124999999999,0.054553749999999984,0.03562,0.35120999999999997,0.1619275,0.07555,0.8076513,0.36993182,0.6455229,37,11,0,1,65,4.9854484,111.78593,0.13573171,-9999,22.831125411166965,0,5.978371400099534,52
-8241144,2026,5.0,37.792124002908274,-120.20356816803317,0.028951249999999998,0.05404500000000001,0.05510375000000001,0.21666625,0.11174,0.06805625000000001,0.5969091,0.31505567,0.52194625,83,1,0,1,1008,10.6021185,260.03992,0.15818605,-9999,16.141270635461296,0,0.23918018012267092,52
-8239347,2026,5.0,37.81009030859066,-120.20356816803317,0.01855625000000001,0.042426249999999985,0.04055625,0.21711999999999998,0.11959124999999998,0.0686475,0.6845386,0.2865707,0.51684517,95,1,0,1,1092,5.101913,223.5105,0.15818605,-9999,16.141270635461296,0,0.4647227143463881,52
-8235754,2026,5.0,37.846022919955445,-120.20356816803317,0.038273749999999995,0.06527875,0.0744225,0.24858,0.25104125,0.16834875,0.544836,-0.002433219,0.19951628,85,8,0,1,826,15.027016,96.92671,0.19041477,-9999,16.141270635461296,0,1.128401838065613,52
-8228568,2026,5.0,37.917888142685,-120.20356816803317,0.01522875,0.03816375000000001,0.03159124999999999,0.252045,0.13900625,0.0681525,0.77725494,0.29147106,0.57539177,91,16,0,1,961,24.58669,321.1084,0.19041477,-9999,15.337176423431742,0,0.32559123481421365,52
-8219585,2026,5.0,38.00771967109696,-120.20356816803317,0.030174999999999993,0.059448749999999995,0.05238124999999999,0.307925,0.19810375,0.10879749999999999,0.7046956,0.20953101,0.47388744,99,7,0,1,1374,14.694548,170.98549,0.21382244,-9999,14.510109366140057,0,0.27387439501895144,52
-8214195,2026,5.0,38.06161858814413,-120.20356816803317,0.03754500000000001,0.06481124999999999,0.07106749999999998,0.31613375,0.22834000000000002,0.13462,0.63472277,0.15859263,0.40994892,90,21,0,1,1300,11.573489,224.64967,0.21382244,-9999,13.861007698633387,0,1.4432733140208505,52
-8194432,2026,5.0,38.25924795065042,-120.20356816803317,0.013056250000000005,0.035565,0.029281249999999995,0.24336875000000002,0.10680375,0.05559875,0.7837004,0.37798643,0.62121814,69,2,0,1,1627,15.57646,201.7015,0.2707278,-9999,12.277128330353776,0,0.26949706790037453,52
-8192635,2026,5.0,38.27721425633281,-120.20356816803317,0.07696624999999999,0.10632249999999999,0.13992749999999998,0.25313125000000003,0.3741175,0.28191,0.28566173,-0.19191909,-0.052200828,89,21,0,1,1660,11.651515,270.0,0.2707278,-9999,12.277128330353776,0,0.23516939701917378,52
-8190838,2026,5.0,38.295180562015204,-120.20356816803317,0.018281249999999985,0.04321,0.03959375,0.25483625,0.13752125,0.07654,0.72723967,0.30616942,0.5424124,74,4,0,1,1594,14.564787,184.55316,0.2707278,-9999,12.277128330353776,0,0.2139429882492708,52
-8189042,2026,5.0,38.3131468676976,-120.20356816803317,0.064275,0.0844875,0.10333875000000001,0.22079125,0.28615875,0.2070275,0.35967907,-0.13133605,0.030834202,96,20,0,1,1706,18.075346,352.73694,0.2707278,-9999,12.277128330353776,0,0.2780242390606714,52
-8169279,2026,5.0,38.51077623020389,-120.20356816803317,0.02279125,0.05389374999999999,0.03588124999999999,0.34597125,0.12412875000000001,0.06222625000000001,0.8117468,0.4719146,0.69513845,95,4,0,1,1850,19.561743,163.07611,0.27316654,-9999,10.946246903942495,0,0.2142178911405305,52
-8156702,2026,5.0,38.63654036998062,-120.20356816803317,0.06283124999999998,0.07871250000000002,0.09172000000000002,0.19289250000000002,0.2395325,0.18352875,0.35621378,-0.11116629,0.01639947,91,21,0,1,2184,3.6531339,220.4798,0.27466238,-9999,10.173213679816172,0,0.2378951304902633,52
-8154906,2026,5.0,38.654506675663015,-120.20356816803317,0.0687025,0.08389624999999998,0.09220125000000001,0.1769975,0.22750125000000002,0.1825525,0.3148943,-0.13010226,-0.020400716,93,21,0,1,1969,4.7760324,345.63498,0.26212463,-9999,9.790731950985503,0,0.28787475289857906,52
-8153109,2026,5.0,38.6724729813454,-120.20356816803317,0.050744999999999985,0.07011875000000001,0.07599,0.19499625,0.25760000000000005,0.1829375,0.42822665,-0.14014916,0.02606688,90,21,0,1,1889,1.5068129,232.01976,0.26212463,-9999,9.790731950985503,0,0.2320992032235319,52
-8151313,2026,5.0,38.69043928702779,-120.20356816803317,0.03959375,0.05878875,0.05444375000000001,0.27158375,0.176145,0.10809625,0.66384846,0.21252993,0.43017638,73,21,0,1,1781,9.001939,23.125229,0.26212463,-9999,9.790731950985503,0,0.25464641319020936,52
-8147719,2026,5.0,38.72637189839257,-120.20356816803317,0.057771249999999996,0.07339124999999999,0.08767749999999999,0.1859625,0.2441525,0.18735125,0.3561834,-0.14286828,-0.012010608,82,22,0,1,1896,13.838564,189.69865,0.26212463,-9999,9.790731950985503,0,0.2648173424161293,52
-8145923,2026,5.0,38.744338204074964,-120.20356816803317,0.05114374999999999,0.07003625,0.07427125000000001,0.22046125,0.24059125,0.17059,0.49453816,-0.044514634,0.10903252,79,22,0,1,2005,7.6132464,291.3045,0.26212463,-9999,9.790731950985503,0,0.29334530720244284,52
-8142329,2026,5.0,38.78027081543974,-120.20356816803317,0.03313125,0.04543749999999999,0.0432375,0.1697925,0.13312125,0.084735,0.5995311,0.10011613,0.320604,100,23,0,1,1837,26.726923,355.26895,0.26212463,-9999,9.663534685360503,0,0.22858969799496912,52
-8136940,2026,5.0,38.83416973248691,-120.20356816803317,0.07520625,0.09717875000000001,0.11788625,0.2103275,0.29619625,0.24540375,0.28758436,-0.15789382,-0.06792474,87,21,0,1,2299,10.191267,136.08527,0.26890808,-9999,9.663534685360503,0,0.26361526398076895,52
-8083041,2026,5.0,39.37315890295863,-120.20356816803317,0.026545,0.04305874999999999,0.0369125,0.24156750000000002,0.13434500000000002,0.06861999999999999,0.73100597,0.27430698,0.54727,93,12,0,1,2045,10.539576,64.212814,0.20028235,-9999,11.21153063210113,0,0.3057208891957998,52
-8325586,2026,5.0,36.96567394151831,-120.22153447371556,0.04663374999999999,0.07483499999999998,0.07347375,0.3001975,0.24072875,0.15036375,0.61284614,0.1165244,0.33255777,68,2,0,1,67,1.16066,270.0,0.136463,-9999,22.320498731059445,0,0.7613913064392713,52
-8244738,2026,5.0,37.77415769722588,-120.22153447371556,0.01649375,0.03772375,0.03161875,0.18816249999999998,0.12610875000000002,0.07064124999999999,0.71226007,0.1950158,0.45848697,79,1,0,1,700,17.238226,7.58555,0.15818605,-9999,16.141270635461296,0,0.31949391790355247,52
-8241144,2026,5.0,37.81009030859066,-120.22153447371556,0.03203125,0.05575000000000002,0.0599575,0.21820625,0.20517125,0.13001374999999998,0.56890786,0.034301743,0.25371113,95,10,0,1,984,6.0177627,202.8757,0.15818605,-9999,16.141270635461296,0,0.3622027850554635,52
-8239348,2026,5.0,37.82805661427305,-120.22153447371556,0.019353750000000003,0.044461249999999994,0.03795749999999999,0.26105125,0.144135,0.07554999999999998,0.7424365,0.28854987,0.55188876,52,16,0,1,997,8.612503,71.29857,0.15818605,-9999,16.141270635461296,0,1.155078080361304,52
-8201619,2026,5.0,38.20534903360325,-120.22153447371556,0.02745249999999999,0.05529624999999999,0.05548875,0.24794750000000002,0.16488375,0.10520874999999999,0.63768446,0.20693384,0.4090546,61,12,0,1,1372,10.968921,131.92564,0.2742683,-9999,13.33867014402989,0,0.29336743679050414,52
-8194432,2026,5.0,38.27721425633281,-120.22153447371556,0.03265,0.055172499999999985,0.06369750000000002,0.2404125,0.2047725,0.12857,0.5775276,0.07124532,0.29409745,99,6,0,1,1554,7.5710444,291.43057,0.2707278,-9999,12.277128330353776,0,0.3336622971110046,52
-8176466,2026,5.0,38.45687731315672,-120.22153447371556,0.025719999999999993,0.04759625000000001,0.03962125,0.23850125,0.1197975,0.06934875000000001,0.71561074,0.32015717,0.5348712,78,8,0,1,1795,3.6673,255.37077,0.2769971,-9999,10.946246903942495,0,0.263083562720567,52
-8169279,2026,5.0,38.52874253588628,-120.22153447371556,0.05723500000000001,0.07790125,0.09365874999999999,0.24312125,0.2784725,0.18421625,0.43725172,-0.073012196,0.1398728,56,5,0,1,2052,11.636887,149.84172,0.27316654,-9999,10.946246903942495,0,0.28011577082392963,52
-8158499,2026,5.0,38.63654036998062,-120.22153447371556,0.0595175,0.0808575,0.09205000000000002,0.16936625000000002,0.21705125,0.1806275,0.28324473,-0.13040887,-0.03812076,93,21,0,1,2091,13.695975,4.8782063,0.27466238,-9999,10.173213679816172,0,0.19523602302955545,52
-8156703,2026,5.0,38.654506675663015,-120.22153447371556,0.04795375,0.06708,0.07014625,0.2163225,0.1882175,0.126755,0.5036066,0.062040325,0.25104174,87,22,0,1,2033,14.221765,101.047005,0.26212463,-9999,9.790731950985503,0,0.2183623099140823,52
-8154906,2026,5.0,38.6724729813454,-120.22153447371556,0.03960749999999999,0.05234,0.05867875,0.15512125,0.17959625,0.12935375000000002,0.45004857,-0.06519512,0.104524836,90,23,0,1,1944,12.41759,28.088318,0.26212463,-9999,9.790731950985503,0,0.24368111306632106,52
-8153110,2026,5.0,38.69043928702779,-120.22153447371556,0.04644124999999999,0.06492124999999999,0.06448124999999999,0.22028250000000002,0.17881249999999999,0.12350999999999998,0.54678994,0.096299,0.28037447,98,21,0,1,1851,8.460218,77.42816,0.26212463,-9999,9.790731950985503,0,0.23060267348773777,52
-8151313,2026,5.0,38.708405592710186,-120.22153447371556,0.05664374999999999,0.07966124999999999,0.078575,0.26536875000000004,0.22516375000000002,0.16713875,0.54251826,0.08154042,0.22390452,37,21,0,1,1662,29.13767,48.0955,0.26212463,-9999,9.790731950985503,0,0.2211196085681086,52
-8149516,2026,5.0,38.72637189839257,-120.22153447371556,0.054182499999999995,0.06987125,0.084735,0.18313,0.2399175,0.18348750000000003,0.37208405,-0.14018308,0.0071693547,89,22,0,1,1766,16.29339,276.3593,0.26212463,-9999,9.790731950985503,0,0.18760207140197357,52
-8145923,2026,5.0,38.76230450975736,-120.22153447371556,0.044997499999999996,0.06078250000000002,0.06114,0.20907625,0.18047625,0.12081499999999998,0.54709214,0.076034024,0.27020288,93,21,0,1,2072,7.100254,270.0,0.26212463,-9999,9.663534685360503,0,0.2398149993058051,52
-8144126,2026,5.0,38.78027081543974,-120.22153447371556,0.036994999999999986,0.054182499999999995,0.05129499999999998,0.1730925,0.14232,0.09954374999999999,0.53213155,0.09900233,0.2695009,95,22,0,1,1563,28.20101,38.28779,0.26212463,-9999,9.663534685360503,0,0.31289575442982215,52
-8140533,2026,5.0,38.81620342680453,-120.22153447371556,0.05275250000000001,0.06856499999999999,0.07785999999999998,0.18020124999999998,0.25706375000000004,0.20044125,0.396485,-0.17368118,-0.04763084,89,21,0,1,2104,4.6273675,180.0,0.26890808,-9999,9.663534685360503,0,0.2235931795414375,52
-8101007,2026,5.0,39.211462151817116,-120.22153447371556,0.03810875,0.05441625,0.061896250000000014,0.20720625,0.16851375000000002,0.10751875,0.53999573,0.10304967,0.31693417,76,24,0,1,2094,11.054826,6.138704,0.21508949,-9999,10.445887255925015,0,0.4054241808397429,52
-8093821,2026,5.0,39.28332737454668,-120.22153447371556,0.067355,0.09499249999999998,0.1287625,0.22157500000000002,0.31337,0.23315249999999998,0.2649231,-0.17159708,-0.027093597,90,24,0,1,1961,13.441024,74.28003,0.21508949,-9999,10.839087545743553,0,0.39013663845668944,52
-8079448,2026,5.0,39.4270578200058,-120.22153447371556,0.022337499999999996,0.03688499999999999,0.031233750000000005,0.21199125000000002,0.11107999999999998,0.05878875,0.7416598,0.31239715,0.56808245,98,15,0,1,2027,12.110572,348.73575,0.20028235,-9999,11.21153063210113,0,0.3270321402343966,52
-8323790,2026,5.0,37.00160655288309,-120.23950077939796,0.03018875,0.05562624999999999,0.033681249999999996,0.38529625,0.1643475,0.07325375,0.8356896,0.41831183,0.69071686,78,17,0,1,66,2.7802885,180.0,0.136463,-9999,22.320498731059445,0,0.8161566388607026,52
-8316603,2026,5.0,37.07347177561265,-120.23950077939796,0.06566374999999999,0.09959874999999999,0.12330374999999999,0.30890125,0.30909375,0.217615,0.4265283,1.5235532E-4,0.17708743,76,20,0,1,68,1.4868003,231.41487,0.1348372,-9999,21.827444925615907,0,0.8775381391438154,52
-8230365,2026,5.0,37.935854448367394,-120.23950077939796,0.019779999999999992,0.041766250000000005,0.03788875,0.22768,0.13565125,0.07165875,0.7146442,0.25667638,0.52385443,85,6,0,1,802,14.69421,350.99417,0.21382244,-9999,15.337176423431742,0,0.38996497609398584,52
-8212399,2026,5.0,38.1155175051913,-120.23950077939796,0.02237874999999999,0.04289375000000001,0.03509749999999999,0.25238875000000005,0.14722875,0.07357,0.7564946,0.26541644,0.5499168,69,6,0,1,970,10.530048,274.996,0.24236235,-9999,13.861007698633387,0,0.33626809995621443,52
-8207009,2026,5.0,38.16941642223847,-120.23950077939796,0.0205775,0.048407500000000006,0.0342725,0.34033375,0.1587925,0.07640250000000001,0.81415486,0.36974964,0.6351903,99,9,0,1,1403,27.76208,30.56415,0.2742683,-9999,13.33867014402989,0,0.23709896930747412,52
-8171076,2026,5.0,38.52874253588628,-120.23950077939796,0.040679999999999994,0.05900875,0.06406875000000001,0.2242425,0.18434,0.11891749999999998,0.55543363,0.09768656,0.30692655,64,5,0,1,1970,9.268673,187.28453,0.27316654,-9999,10.946246903942495,0,0.23907323026408753,52
-8156703,2026,5.0,38.6724729813454,-120.23950077939796,0.035276249999999995,0.04919124999999999,0.048861249999999995,0.18647125,0.154365,0.100465,0.5920685,0.089588545,0.29557118,99,21,0,1,2078,25.40732,315.6992,0.26212463,-9999,9.790731950985503,0,0.2433796303913645,52
-8154907,2026,5.0,38.69043928702779,-120.23950077939796,0.029501249999999993,0.05359124999999998,0.04316874999999999,0.29295125,0.13886875,0.07396875,0.7427751,0.35952005,0.5962051,78,21,0,1,1932,16.805267,335.66858,0.26212463,-9999,9.790731950985503,0,0.19588430997227196,52
-8153110,2026,5.0,38.708405592710186,-120.23950077939796,0.043980000000000005,0.06233625000000001,0.06185499999999999,0.203315,0.17763,0.11948125000000001,0.5327793,0.06422106,0.25468817,91,22,0,1,1915,13.203599,333.76215,0.26212463,-9999,9.790731950985503,0,0.29987839791599824,52
-8149517,2026,5.0,38.744338204074964,-120.23950077939796,0.0428525,0.060755,0.0532475,0.23626000000000003,0.16114375,0.1078625,0.62749237,0.18046601,0.36660364,96,21,0,1,1762,23.186054,304.53534,0.26212463,-9999,9.790731950985503,0,0.23576250799338927,52
-8095618,2026,5.0,39.28332737454668,-120.23950077939796,0.045905,0.06775375,0.08120125,0.22873875,0.24618750000000003,0.17354625,0.46390182,-0.055162445,0.12835178,53,20,0,1,2131,9.541733,95.52634,0.21508949,-9999,10.839087545743553,0,0.3772962635637007,52
-8219585,2026,5.0,38.06161858814413,-120.25746708508035,0.012520000000000003,0.023877499999999996,0.01716749999999999,0.16372874999999998,0.0835525,0.0416975,0.80398405,0.33123085,0.59485036,100,14,0,1,1263,12.895843,321.05356,0.18669248,-9999,15.435727855723428,0,0.35846239402890206,52
-8210601,2026,5.0,38.15145011655608,-120.25746708508035,0.02873125,0.06037000000000001,0.053343749999999995,0.32021750000000004,0.19513375000000002,0.106735,0.71407384,0.24970904,0.49953422,67,18,0,1,1125,8.9771595,65.80272,0.20987117,-9999,14.476567594466701,0,0.313085562327788,52
-8203415,2026,5.0,38.22331533928564,-120.25746708508035,0.07143875,0.09448375,0.12385375000000001,0.21373750000000002,0.36166,0.25810875,0.26938143,-0.25160706,-0.08844211,99,24,0,1,1460,11.0531435,173.94498,0.24200168,-9999,14.476567594466701,0,0.330078017115593,52
-8196228,2026,5.0,38.295180562015204,-120.25746708508035,0.0233825,0.04517625,0.0475275,0.21146875,0.14401125,0.0805825,0.63251275,0.19360203,0.44713676,70,20,0,1,1496,17.46546,128.1258,0.26018745,-9999,13.235149268693817,0,0.21484923005724946,52
-8190839,2026,5.0,38.349079479062375,-120.25746708508035,0.019518749999999987,0.03865874999999999,0.030257500000000007,0.2427775,0.10833000000000001,0.05598375,0.7768113,0.38659033,0.6263234,85,3,0,1,1616,6.8766685,200.0176,0.29439148,-9999,13.235149268693817,0,0.2593766756472178,52
-8183652,2026,5.0,38.42094470179194,-120.25746708508035,0.04190374999999999,0.067685,0.069555,0.28466,0.21485125,0.13726,0.6103809,0.13805872,0.3468692,90,12,0,1,1656,14.386023,161.20311,0.29918313,-9999,12.616528426959974,0,0.3126034564524889,52
-8174669,2026,5.0,38.51077623020389,-120.25746708508035,0.032485,0.055172499999999985,0.057867500000000016,0.23648000000000002,0.179005,0.1042325,0.60447794,0.14492999,0.38873547,95,5,0,1,1772,13.715791,302.04626,0.3001127,-9999,12.287453116140057,0,0.24501418367028235,52
-8162092,2026,5.0,38.63654036998062,-120.25746708508035,0.050607499999999986,0.06472875,0.08363500000000001,0.155025,0.26007500000000006,0.22037874999999998,0.28538594,-0.25288486,-0.17298946,71,21,0,1,2247,14.948088,111.33373,0.30303565,-9999,11.539175226355155,0,0.26592258718751727,52
-8160296,2026,5.0,38.654506675663015,-120.25746708508035,0.06024624999999997,0.0804725,0.09788,0.235435,0.2592225,0.19701749999999998,0.3937039,-0.05494303,0.07250307,54,21,0,1,2095,16.766525,254.41608,0.28557742,-9999,11.406430980723428,0,0.3251228655378024,52
-8156703,2026,5.0,38.69043928702779,-120.25746708508035,0.040803749999999986,0.06003999999999998,0.05559875,0.23858374999999998,0.15798125000000002,0.0984575,0.61523557,0.19952299,0.409306,76,21,0,1,1989,22.470022,295.5009,0.28557742,-9999,11.406430980723428,0,0.18774881850307187,52
-8154906,2026,5.0,38.708405592710186,-120.25746708508035,0.05128124999999997,0.06411,0.08316749999999998,0.18137,0.25012,0.1768875,0.36627606,-0.16510214,0.0048348117,60,21,0,1,1860,20.680725,189.48933,0.28557742,-9999,11.406430980723428,0,0.21593626268693936,52
-8153109,2026,5.0,38.72637189839257,-120.25746708508035,0.050951249999999976,0.06841375,0.06448125000000002,0.23536625,0.19993249999999999,0.13764500000000002,0.574164,0.08949959,0.2693167,85,21,0,1,1822,12.80339,55.260246,0.28557742,-9999,11.406430980723428,0,0.2398639463353902,52
-8151313,2026,5.0,38.744338204074964,-120.25746708508035,0.042027499999999995,0.0596275,0.04982375,0.27389375,0.17115375,0.10316,0.6972765,0.22975726,0.45696002,84,22,0,1,1519,13.225997,195.3626,0.28557742,-9999,11.406430980723428,0,0.2613423950970173,52
-8144126,2026,5.0,38.81620342680453,-120.25746708508035,0.04363624999999999,0.062157500000000004,0.07209875000000002,0.16799124999999998,0.1862375,0.12950499999999998,0.40712136,-0.042209547,0.13825725,78,22,0,1,2042,9.436697,270.0,0.28090054,-9999,11.522972689392759,0,0.3015131295213233,52
-8088431,2026,5.0,39.37315890295863,-120.25746708508035,0.03909875,0.05910499999999999,0.06698375000000001,0.23195625,0.1888775,0.12107625,0.55182135,0.103454016,0.3159858,72,13,0,1,2059,4.409649,327.10495,0.22816898,-9999,10.55347451650971,0,0.36369578145067427,52
-8392062,2026,5.0,36.35481954831704,-120.27543339076274,0.07472499999999999,0.12375750000000002,0.140285,0.35786500000000004,0.3006925,0.234665,0.4033096,0.04681741,0.17951064,96,1,0,1,122,1.1514931,90.0,0.09991089,-9999,23.242158467282536,0,0.3361473572082244,52
-8309417,2026,5.0,37.181269609706995,-120.27543339076274,0.04892999999999999,0.08261749999999998,0.08517499999999997,0.29443625,0.23648,0.15333375,0.5507447,0.10838733,0.31442875,62,8,0,1,77,3.94818,297.97513,0.14291707,-9999,21.89558641167099,0,0.5453052798596522,52
-8250128,2026,5.0,37.77415769722588,-120.27543339076274,0.01869375000000001,0.0488475,0.03465750000000001,0.255015,0.14057375,0.07136999999999999,0.7617183,0.2894033,0.56284267,41,17,0,1,561,33.572613,17.972692,0.14509676,-9999,17.189253456361882,0,0.39609884067128104,52
-8210602,2026,5.0,38.16941642223847,-120.27543339076274,0.017964999999999995,0.033901249999999994,0.022887500000000005,0.20962625,0.10685875,0.0492325,0.79556286,0.32467276,0.6196006,85,9,0,1,592,37.823708,336.5573,0.24200168,-9999,14.476567594466701,0,0.3295472788370468,52
-8207009,2026,5.0,38.20534903360325,-120.27543339076274,0.013826249999999998,0.03955249999999999,0.03252624999999999,0.24109999999999998,0.10874249999999999,0.05456749999999999,0.76565355,0.36148867,0.62194246,95,1,0,1,1113,18.508331,330.50772,0.24200168,-9999,14.476567594466701,0,0.2549948466476053,52
-8203415,2026,5.0,38.24128164496803,-120.27543339076274,0.021911249999999993,0.04381499999999999,0.04176624999999999,0.20547374999999998,0.1346475,0.07869874999999998,0.65647393,0.19556741,0.43471998,96,12,0,1,1375,13.83604,170.36517,0.24200168,-9999,14.476567594466701,0,0.2981323981657624,52
-8192636,2026,5.0,38.349079479062375,-120.27543339076274,0.0631475,0.08851625000000002,0.10630875000000001,0.25310375,0.30312625,0.22158875,0.40392944,-0.089955255,0.06636643,98,19,0,1,1684,17.932901,296.75528,0.29439148,-9999,13.235149268693817,0,0.35273454105481505,52
-8185449,2026,5.0,38.42094470179194,-120.27543339076274,0.07260749999999999,0.09470375,0.12245124999999998,0.22068125,0.33607125000000004,0.24807125000000002,0.28141195,-0.2131276,-0.06870962,83,24,0,1,1660,7.7410765,197.69759,0.29918313,-9999,12.616528426959974,0,0.2228137891739607,52
-8178263,2026,5.0,38.492809924521495,-120.27543339076274,0.030188749999999986,0.0537425,0.04536875,0.2784725,0.15234375,0.08458375000000001,0.7223359,0.28049767,0.53884137,59,4,0,1,1578,3.88864,197.71414,0.3001127,-9999,12.287453116140057,0,0.27464135792916233,52
-8172873,2026,5.0,38.546708841568666,-120.27543339076274,0.02551375,0.042467500000000005,0.03790249999999999,0.18621000000000001,0.11559,0.06988499999999997,0.658901,0.22478168,0.44442034,95,24,0,1,1869,14.932614,248.642,0.3001127,-9999,12.287453116140057,0,0.278083796845749,52
-8163889,2026,5.0,38.63654036998062,-120.27543339076274,0.05906375,0.07839625,0.09225625000000001,0.17404125,0.25838375,0.21801375,0.2851601,-0.21216439,-0.14191619,85,21,0,1,2131,8.439105,56.93842,0.30303565,-9999,11.539175226355155,0,0.24522669989939616,52
-8162093,2026,5.0,38.654506675663015,-120.27543339076274,0.053549999999999986,0.07053124999999999,0.07846500000000001,0.19219125,0.20764625,0.16704249999999998,0.40805858,-0.048492577,0.05343479,100,21,0,1,1999,11.537832,322.4643,0.28557742,-9999,11.406430980723428,0,0.3058303947059008,52
-8160296,2026,5.0,38.6724729813454,-120.27543339076274,0.04081750000000001,0.05729000000000001,0.055804999999999993,0.21386125,0.17329875,0.11928875,0.58565396,0.10326746,0.283486,100,21,0,1,2033,9.516717,29.651453,0.28557742,-9999,11.406430980723428,0,0.324680934920907,52
-8158500,2026,5.0,38.69043928702779,-120.27543339076274,0.03717374999999999,0.05557124999999999,0.05144625,0.235325,0.1745225,0.10475499999999999,0.64020365,0.14717011,0.3825474,96,13,0,1,1936,20.750755,260.1598,0.28557742,-9999,11.406430980723428,0,0.2312658173390306,52
-8156703,2026,5.0,38.708405592710186,-120.27543339076274,0.04223375,0.060699999999999976,0.06072749999999999,0.21804125000000002,0.17642,0.12228624999999999,0.5521707,0.10237737,0.27763328,97,21,0,1,1871,3.01248,307.9663,0.28557742,-9999,11.406430980723428,0,0.2561585151630899,52
-8154906,2026,5.0,38.72637189839257,-120.27543339076274,0.03194875,0.04888875000000001,0.045973749999999994,0.21563500000000002,0.15012999999999999,0.09195375,0.64255273,0.17378657,0.39536753,93,14,0,1,2000,10.682336,340.73105,0.28557742,-9999,11.406430980723428,0,0.18089865548941103,52
-8149516,2026,5.0,38.78027081543974,-120.27543339076274,0.04825624999999999,0.08336000000000002,0.07905625000000002,0.32289875,0.23459625,0.15409,0.6064202,0.15745994,0.35249895,99,4,0,1,1484,28.280993,195.67462,0.28557742,-9999,11.522972689392759,0,0.3034539235674817,52
-8147720,2026,5.0,38.798237121122135,-120.27543339076274,0.0281125,0.04149124999999999,0.04366374999999999,0.19175125,0.13875875,0.08261749999999998,0.62782925,0.16672777,0.4062258,97,11,0,1,2108,4.3991556,327.3177,0.28557742,-9999,11.522972689392759,0,0.22602423598679403,52
-8079448,2026,5.0,39.48095673705297,-120.27543339076274,0.025334999999999996,0.04457124999999999,0.04263249999999999,0.23822625,0.1385525,0.076705,0.6964044,0.26625848,0.51290536,85,8,0,1,2008,4.7794986,345.47287,0.22816898,-9999,10.278078641173693,0,0.18860892849043012,52
-8393858,2026,5.0,36.35481954831704,-120.29339969644514,0.1112725,0.1742475,0.2209975,0.2948625,0.38410000000000005,0.3294025,0.15122247,-0.13558462,-0.056566898,56,8,0,1,135,1.1514931,90.0,0.09991089,-9999,23.242158467282536,0,0.4570312763199858,52
-8345349,2026,5.0,36.83990980174158,-120.29339969644514,0.038425,0.06312000000000001,0.0535225,0.32193625000000003,0.18163125000000002,0.09843000000000002,0.7068872,0.2601009,0.5079201,42,13,0,1,55,1.4840239,231.32925,0.13679947,-9999,22.934969182168288,0,1.2923467230796815,52
-8325586,2026,5.0,37.037539164247875,-120.29339969644514,0.07533000000000001,0.12118625,0.16207875,0.35518375,0.35401499999999997,0.23366125000000001,0.37471065,0.0027672092,0.2072529,53,23,0,1,63,0.92740995,180.0,0.14057373,-9999,22.335690578337676,0,0.6509040187184627,52
-8210601,2026,5.0,38.18738272792086,-120.29339969644514,0.016369999999999996,0.03942875,0.0293225,0.24275000000000002,0.106075,0.05139125,0.78243434,0.38785723,0.6500843,85,2,0,1,1132,2.9990585,308.16705,0.24200168,-9999,14.476567594466701,0,0.2248180345632136,52
-8208805,2026,5.0,38.20534903360325,-120.29339969644514,0.04041875,0.0691425,0.08727874999999999,0.24670999999999998,0.2224275,0.13236499999999998,0.4773272,0.047018494,0.29890016,99,1,0,1,1174,20.313692,213.81352,0.24200168,-9999,14.476567594466701,0,0.2648559589870274,52
-8199821,2026,5.0,38.295180562015204,-120.29339969644514,0.04457124999999999,0.07193374999999999,0.08089874999999999,0.2406325,0.2273775,0.1469675,0.49282336,0.028961457,0.24231578,96,16,0,1,1436,7.468791,308.1258,0.26018745,-9999,13.235149268693817,0,0.22778717145168534,52
-8187245,2026,5.0,38.42094470179194,-120.29339969644514,0.021264999999999992,0.04085875,0.03475375,0.26209625000000003,0.11340375,0.05999875000000002,0.7658511,0.39785537,0.62882406,85,1,0,1,1612,12.247622,138.22037,0.29918313,-9999,12.616528426959974,0,0.27305358100663096,52
-8183652,2026,5.0,38.45687731315672,-120.29339969644514,0.01649375,0.0357025,0.027576249999999997,0.22139625000000002,0.099695,0.05128125,0.7761326,0.37855637,0.6202276,85,2,0,1,1627,11.6340475,210.13353,0.29918313,-9999,12.287453116140057,0,0.3381917541070531,52
-8169279,2026,5.0,38.60060775861584,-120.29339969644514,0.024702500000000002,0.04447499999999999,0.04022624999999999,0.22519125,0.12481624999999999,0.07094375,0.70158416,0.28788152,0.51569927,83,2,0,1,1830,16.034338,163.2443,0.30303565,-9999,11.539175226355155,0,0.3245054627345367,52
-8165685,2026,5.0,38.63654036998062,-120.29339969644514,0.04842125,0.06008125,0.07024249999999999,0.12458250000000001,0.18003625,0.15102375,0.27556184,-0.17928667,-0.095166795,100,21,0,1,1992,31.852118,306.8177,0.30303565,-9999,11.539175226355155,0,0.2725501601369335,52
-8163889,2026,5.0,38.654506675663015,-120.29339969644514,0.04363625,0.06013625,0.0623775,0.21636375,0.19311250000000002,0.13808499999999999,0.5520351,0.05284021,0.21560103,98,21,0,1,1883,13.047528,314.3088,0.28557742,-9999,11.406430980723428,0,0.2581865622733648,52
-8158499,2026,5.0,38.708405592710186,-120.29339969644514,0.04198625,0.06076875000000001,0.05397625,0.24705375,0.1744675,0.112455,0.6493227,0.169793,0.38184956,96,21,0,1,1760,22.193375,17.764076,0.28557742,-9999,11.406430980723428,0,0.2741820498962294,52
-8156702,2026,5.0,38.72637189839257,-120.29339969644514,0.0567125,0.07876749999999999,0.096615,0.21886624999999998,0.2531725,0.19120125000000002,0.39279795,-0.07197999,0.06951211,89,12,0,1,1883,5.6719213,347.94083,0.28557742,-9999,11.406430980723428,0,0.2510260015048764,52
-8154906,2026,5.0,38.744338204074964,-120.29339969644514,0.029473750000000007,0.04382875,0.03810875,0.19326375,0.1362975,0.0803625,0.67391616,0.1824513,0.41588074,99,22,0,1,1675,30.316288,263.64227,0.28557742,-9999,11.406430980723428,0,0.2724425331266089,52
-8151312,2026,5.0,38.78027081543974,-120.29339969644514,0.041175,0.06346374999999999,0.05386624999999998,0.28896375,0.1961925,0.11592,0.679204,0.17936781,0.41535518,85,4,0,1,1413,21.132746,164.418,0.28557742,-9999,11.522972689392759,0,0.3495702486307848,52
-8149516,2026,5.0,38.798237121122135,-120.29339969644514,0.041395,0.059146249999999984,0.06489375,0.18737875,0.18795625,0.12720874999999998,0.4854568,-0.002280484,0.18689072,83,5,0,1,1928,20.933449,257.7846,0.28557742,-9999,11.522972689392759,0,0.3293913943774026,52
-8260907,2026,5.0,37.70229247449632,-120.31136600212751,0.032897499999999996,0.05572250000000001,0.06613124999999997,0.19069250000000001,0.1954775,0.13092125000000002,0.48542494,-0.0119649405,0.18647557,85,6,0,1,388,9.68876,286.52557,0.13548127,-9999,17.9282723785729,0,0.4196210516535718,52
-8205212,2026,5.0,38.25924795065042,-120.31136600212751,0.023863750000000003,0.043429999999999996,0.04806375,0.20019375,0.14585375,0.08179250000000002,0.6139468,0.15314198,0.40607178,90,5,0,1,1441,8.262428,263.59967,0.26018745,-9999,13.235149268693817,0,0.40883336720677715,52
-8192635,2026,5.0,38.38501209042715,-120.31136600212751,0.017827499999999996,0.032333749999999994,0.020316250000000008,0.20959875000000003,0.081985,0.038823750000000004,0.82863516,0.45135313,0.69769955,95,2,0,1,1345,26.011473,291.4016,0.29439148,-9999,12.616528426959974,0,0.30096948697852594,52
-8181856,2026,5.0,38.492809924521495,-120.31136600212751,0.033172499999999994,0.0535225,0.0463175,0.27918750000000003,0.16040125000000002,0.09170624999999999,0.7181636,0.27033734,0.5055653,83,4,0,1,1332,16.399225,188.07979,0.3001127,-9999,12.287453116140057,0,0.2928815578731398,52
-8171076,2026,5.0,38.60060775861584,-120.31136600212751,0.06252875,0.07988124999999999,0.09225625000000001,0.23584750000000002,0.27315125,0.19072,0.43762994,-0.07415758,0.10491864,53,18,0,1,1718,6.0276613,203.09933,0.30303565,-9999,11.539175226355155,0,0.2446941410501798,52
-8169279,2026,5.0,38.61857406429823,-120.31136600212751,0.041188749999999996,0.061016249999999994,0.06334000000000001,0.25262249999999997,0.17862,0.11175374999999999,0.59498256,0.1689971,0.38783598,87,17,0,1,1953,9.837297,201.00513,0.30303565,-9999,11.539175226355155,0,0.2225405344596276,52
-8167482,2026,5.0,38.63654036998062,-120.31136600212751,0.043265,0.06160749999999998,0.06090625000000002,0.24983125,0.18765375,0.12940875,0.60552824,0.1360301,0.30616245,96,21,0,1,1812,14.565205,355.42535,0.30303565,-9999,11.539175226355155,0,0.2765698247402906,52
-8165686,2026,5.0,38.654506675663015,-120.31136600212751,0.04571249999999999,0.064385,0.06500375,0.25615625,0.190225,0.12462375,0.5937539,0.14585991,0.3430556,85,21,0,1,1983,8.4405775,236.94502,0.28557742,-9999,11.406430980723428,0,0.23333000943064688,52
-8163889,2026,5.0,38.6724729813454,-120.31136600212751,0.045465000000000005,0.06666749999999999,0.0633125,0.27568125,0.19260375,0.12913375,0.61866045,0.17345576,0.3599597,90,16,0,1,1868,8.613492,195.88814,0.28557742,-9999,11.406430980723428,0,0.25837839030039805,52
-8160296,2026,5.0,38.708405592710186,-120.31136600212751,0.04002,0.05848625000000002,0.0535225,0.25743499999999997,0.1683075,0.10772499999999999,0.6476083,0.19094975,0.3996462,87,21,0,1,1734,8.176278,205.66708,0.28557742,-9999,11.406430980723428,0,0.2080652069138444,52
-8158499,2026,5.0,38.72637189839257,-120.31136600212751,0.037709999999999994,0.060232499999999994,0.04641374999999999,0.33747375,0.17848250000000002,0.09852625000000001,0.75087374,0.30803722,0.5477902,36,21,0,1,1765,18.81542,121.507,0.28557742,-9999,11.406430980723428,0,0.18794448989986753,52
-8156703,2026,5.0,38.744338204074964,-120.31136600212751,0.030477500000000005,0.05231250000000001,0.05013999999999999,0.209475,0.14424499999999998,0.09101875000000001,0.61369914,0.17412227,0.38006625,98,22,0,1,1744,18.390238,305.75208,0.28557742,-9999,11.406430980723428,0,0.23078125836327673,52
-8154906,2026,5.0,38.76230450975736,-120.31136600212751,0.058664999999999995,0.076155,0.0900425,0.20178875,0.26794,0.20759125,0.38200024,-0.146805,-0.020800108,73,13,0,1,1360,16.664797,295.63388,0.28557742,-9999,11.522972689392759,0,0.26719744831678416,52
-8153109,2026,5.0,38.78027081543974,-120.31136600212751,0.03329625,0.06621374999999999,0.053756250000000005,0.33601625,0.18636125,0.10597875000000001,0.71565825,0.28717476,0.5210079,99,4,0,1,1504,18.807653,176.50443,0.28557742,-9999,11.522972689392759,0,0.2925062865085368,52
-8304027,2026,5.0,37.289067443801336,-120.3293323078099,0.028194999999999998,0.05284875,0.040404999999999996,0.28186875,0.14277374999999998,0.07363875,0.7503812,0.32943946,0.5857873,78,8,0,1,74,3.0140393,22.732502,0.13350147,-9999,21.433417707873957,0,2.944476894710375,52
-8203415,2026,5.0,38.295180562015204,-120.3293323078099,0.041161249999999996,0.063835,0.07215375000000002,0.23463750000000003,0.2296325,0.14568874999999998,0.5202355,0.0037834472,0.22798246,93,17,0,1,1414,11.689187,265.51248,0.23025885,-9999,13.235149268693817,0,0.3200670364920212,52
-8198026,2026,5.0,38.349079479062375,-120.3293323078099,0.030642500000000003,0.052669999999999995,0.04568499999999999,0.26069375,0.158655,0.08700374999999999,0.69379467,0.22981405,0.4893451,87,12,0,1,1452,9.529059,132.457,0.2676446,-9999,13.235149268693817,0,0.25011851568706334,52
-8194432,2026,5.0,38.38501209042715,-120.3293323078099,0.012423749999999997,0.03139874999999999,0.020495,0.22938499999999998,0.08272750000000001,0.037930000000000005,0.83318126,0.4639436,0.7113183,85,1,0,1,1509,26.498827,308.09134,0.2676446,-9999,12.616528426959974,0,0.28650099264147383,52
-8187246,2026,5.0,38.45687731315672,-120.3293323078099,0.03304875,0.055227499999999985,0.046413750000000004,0.28107125,0.16748249999999998,0.0956525,0.71527576,0.24956751,0.49483207,95,12,0,1,1249,16.37196,325.7422,0.30096513,-9999,12.287453116140057,0,0.30677445807858655,52
-8181856,2026,5.0,38.51077623020389,-120.3293323078099,0.024771249999999995,0.04392499999999999,0.04002,0.2249025,0.124665,0.07379,0.69788545,0.28881338,0.5066653,85,5,0,1,1573,12.820052,270.0,0.32127872,-9999,12.287453116140057,0,0.27092330789436464,52
-8172873,2026,5.0,38.60060775861584,-120.3293323078099,0.027864999999999987,0.03898874999999999,0.041120000000000004,0.16815625,0.11801,0.07018750000000001,0.6110349,0.18298702,0.41764632,99,18,0,1,1705,9.583426,258.9449,0.32325292,-9999,11.539175226355155,0,0.23444690252654254,52
-8167483,2026,5.0,38.654506675663015,-120.3293323078099,0.03935999999999999,0.060026249999999975,0.06272125,0.23285,0.1888775,0.12040250000000002,0.5707344,0.108952485,0.31831017,92,19,0,1,1913,2.548331,248.67116,0.33105412,-9999,11.406430980723428,0,0.2709296355870637,52
-8165686,2026,5.0,38.6724729813454,-120.3293323078099,0.04986500000000001,0.06838625000000001,0.07124625000000001,0.24125125,0.20178875,0.13902,0.54349434,0.079871126,0.26329064,83,21,0,1,1885,14.219914,54.905922,0.33105412,-9999,11.406430980723428,0,0.24485135840421374,52
-8163890,2026,5.0,38.69043928702779,-120.3293323078099,0.03194875,0.049947500000000006,0.04831125,0.205515,0.13999625,0.08703125,0.6217816,0.18476288,0.39146084,99,7,0,1,1831,16.21448,86.808914,0.33105412,-9999,11.406430980723428,0,0.2511946714172761,52
-8162093,2026,5.0,38.708405592710186,-120.3293323078099,0.060383750000000014,0.08181999999999998,0.10107,0.19692125000000002,0.24588500000000002,0.19495500000000002,0.32282555,-0.10786362,0.0058866153,67,8,0,1,1646,14.072094,14.375398,0.33105412,-9999,11.406430980723428,0,0.2130840129988349,52
-8160296,2026,5.0,38.72637189839257,-120.3293323078099,0.060658749999999984,0.07790124999999998,0.09596874999999999,0.17481125000000003,0.26242624999999997,0.2123075,0.29847792,-0.20002262,-0.09339561,90,22,0,1,1671,19.505604,275.244,0.33105412,-9999,11.406430980723428,0,0.22537029543448062,52
-8158500,2026,5.0,38.744338204074964,-120.3293323078099,0.038631250000000006,0.06486624999999999,0.047665,0.3837425,0.19040375,0.1021975,0.7797076,0.3374055,0.58098876,89,21,0,1,1625,16.66156,64.36048,0.33105412,-9999,11.406430980723428,0,0.26368203617277597,52
-8153110,2026,5.0,38.798237121122135,-120.3293323078099,0.05041499999999999,0.06665375000000001,0.0745325,0.22601625,0.2291375,0.15208249999999998,0.50914824,-0.0091938265,0.19653524,99,5,0,1,1864,6.9774632,301.94302,0.33105412,-9999,11.522972689392759,0,0.24440498073540984,52
-8151313,2026,5.0,38.81620342680453,-120.3293323078099,0.069995,0.09545999999999999,0.11157499999999998,0.25178375,0.29105375,0.21542875,0.3858843,-0.07152785,0.07781232,37,8,0,1,1737,15.266714,27.174706,0.31936473,-9999,11.522972689392759,0,0.2448964821682735,52
-8359722,2026,5.0,36.75007827332963,-120.3472986134923,0.0382325,0.05674000000000001,0.04495624999999999,0.040088750000000006,0.029817499999999997,0.0233825,-0.15193279,0.10361138,0.18249324,70,10,0,1,46,0.0,-0.0,0.13438663,-9999,22.934969182168288,0,1.898203311143098,52
-8309416,2026,5.0,37.25313483243656,-120.3472986134923,0.025224999999999997,0.04828375,0.032388749999999994,0.3358375,0.14489125,0.06566374999999999,0.8236606,0.39834252,0.6737751,89,9,0,1,70,1.4889631,231.48128,0.14349385,-9999,21.433417707873957,0,0.7298107001309594,52
-8207008,2026,5.0,38.27721425633281,-120.3472986134923,0.024386249999999998,0.043154999999999985,0.043265,0.19661875,0.133245,0.08639875,0.6380677,0.18883711,0.37355706,59,23,0,1,1303,23.472641,85.72429,0.23025885,-9999,13.235149268693817,0,0.32064064576600987,52
-8205211,2026,5.0,38.295180562015204,-120.3472986134923,0.014403749999999993,0.038644999999999985,0.021952499999999986,0.24287375,0.11732250000000002,0.05576374999999997,0.84213805,0.33875,0.6178309,95,2,0,1,1422,21.017965,315.744,0.23025885,-9999,13.235149268693817,0,0.2617515618354082,52
-8196228,2026,5.0,38.38501209042715,-120.3472986134923,0.013798749999999999,0.032155,0.02044,0.24609125,0.08850249999999998,0.0399375,0.8458566,0.46767923,0.71748084,99,1,0,1,1475,14.702832,308.09134,0.2676446,-9999,12.616528426959974,0,0.290067352160501,52
-8194432,2026,5.0,38.402978396109546,-120.3472986134923,0.04531375,0.0711225,0.0812425,0.28010875,0.226525,0.14617,0.5440452,0.10225941,0.31313607,98,18,0,1,1263,14.979753,218.14146,0.2676446,-9999,12.616528426959974,0,0.28140470176003873,52
-8192635,2026,5.0,38.42094470179194,-120.3472986134923,0.02439999999999999,0.046922500000000006,0.042467500000000005,0.21768375,0.12669999999999998,0.07460124999999998,0.67324066,0.25670952,0.48266828,85,8,0,1,1411,21.993895,309.88547,0.30096513,-9999,12.616528426959974,0,0.26680189355586964,52
-8189042,2026,5.0,38.45687731315672,-120.3472986134923,0.029693750000000005,0.05129500000000001,0.0442,0.27691875,0.1516975,0.08807625,0.72578883,0.2919629,0.51745987,96,12,0,1,1342,18.903671,6.934288,0.30096513,-9999,12.287453116140057,0,0.22821049174914756,52
-8185449,2026,5.0,38.492809924521495,-120.3472986134923,0.020701250000000004,0.0387275,0.03326875,0.21226625000000002,0.11002125000000001,0.05966874999999999,0.73280334,0.32806167,0.5694274,99,5,0,1,1569,22.90876,32.57147,0.32127872,-9999,12.287453116140057,0,0.26262762770056725,52
-8183652,2026,5.0,38.51077623020389,-120.3472986134923,0.036445000000000005,0.06008125,0.04528625,0.336965,0.19358,0.10401250000000001,0.7623523,0.26077527,0.5277562,95,4,0,1,1509,13.970285,86.269165,0.32127872,-9999,12.287453116140057,0,0.2166857243232105,52
-8181855,2026,5.0,38.52874253588628,-120.3472986134923,0.04110625,0.06228125000000001,0.06963749999999999,0.24374,0.18453250000000002,0.11292250000000001,0.5552207,0.13709213,0.3690858,100,21,0,1,1684,4.8208337,258.93408,0.32127872,-9999,12.287453116140057,0,0.26170180636373436,52
-8171075,2026,5.0,38.63654036998062,-120.3472986134923,0.04011624999999999,0.057097499999999995,0.05609375,0.21831625,0.17156625,0.11015875,0.5888577,0.11033951,0.32086813,95,22,0,1,1767,9.587954,281.0497,0.32325292,-9999,11.539175226355155,0,0.26304988376796246,52
-8169279,2026,5.0,38.654506675663015,-120.3472986134923,0.04509374999999999,0.063945,0.06434375,0.24099,0.18335,0.12093874999999998,0.5778176,0.1396762,0.33447677,96,21,0,1,1808,8.2891,180.0,0.33105412,-9999,11.406430980723428,0,0.33806473988553754,52
-8167482,2026,5.0,38.6724729813454,-120.3472986134923,0.04664750000000001,0.06406875000000001,0.06295500000000001,0.23272625,0.19513375,0.12540749999999998,0.571925,0.08604627,0.29749072,97,21,0,1,1860,11.939874,354.373,0.33105412,-9999,11.406430980723428,0,0.22134581807514894,52
-8163889,2026,5.0,38.708405592710186,-120.3472986134923,0.0401025,0.05966874999999999,0.04982375,0.28508625,0.15987875,0.09217375,0.70209706,0.284012,0.5107946,99,21,0,1,1697,11.502085,66.56221,0.33105412,-9999,11.406430980723428,0,0.24350215624208035,52
-8160296,2026,5.0,38.744338204074964,-120.3472986134923,0.06357374999999998,0.08510625,0.09616125,0.22772125000000001,0.269865,0.19883250000000002,0.39659393,-0.08535178,0.06528545,42,21,0,1,1710,15.294543,229.37228,0.33105412,-9999,11.406430980723428,0,0.30447888162664394,52
-8156702,2026,5.0,38.78027081543974,-120.3472986134923,0.02556875,0.05187249999999999,0.04524500000000001,0.31766,0.14793,0.08197125,0.7504897,0.36454022,0.5897484,99,4,0,1,1688,18.247099,190.89162,0.33105412,-9999,11.522972689392759,0,0.27680494915694,52
-8144126,2026,5.0,38.90603495521648,-120.3472986134923,0.073185,0.094745,0.12430750000000002,0.21450750000000002,0.34300125,0.2464625,0.26901677,-0.23085025,-0.07053416,70,24,0,1,1737,8.750867,212.72188,0.2969036,-9999,10.719298504244932,0,0.2145881618965756,52
-8230365,2026,5.0,38.06161858814413,-120.36526491917469,0.02125125,0.0401575,0.026325,0.27143249999999997,0.1379475,0.061731250000000015,0.8200848,0.3267899,0.6301836,95,10,0,1,787,26.151539,17.044111,0.1716868,-9999,16.376147042551395,0,0.46556355504562025,52
-8207008,2026,5.0,38.295180562015204,-120.36526491917469,0.035894999999999996,0.06434375,0.06514124999999998,0.29269,0.24072875000000002,0.152935,0.6359327,0.106911175,0.32398728,91,24,0,1,1345,19.629362,39.504215,0.23025885,-9999,14.571378162343024,0,0.25520656257867813,52
-8198025,2026,5.0,38.38501209042715,-120.36526491917469,0.014623749999999991,0.03209999999999999,0.02276375,0.22183625,0.09073,0.04241249999999999,0.8145652,0.4211282,0.68008983,95,1,0,1,1304,12.7638035,304.86728,0.2676446,-9999,14.089969602195197,0,0.24817248915011683,52
-8196229,2026,5.0,38.402978396109546,-120.36526491917469,0.04352624999999999,0.06582874999999999,0.0716725,0.28435750000000004,0.23118625,0.13768625,0.5962654,0.09899324,0.3441442,81,16,0,1,1243,15.249326,207.04091,0.2676446,-9999,14.089969602195197,0,0.3255411366311212,52
-8194432,2026,5.0,38.42094470179194,-120.36526491917469,0.02666874999999999,0.04370500000000001,0.03912625,0.20217374999999999,0.12492624999999999,0.0753575,0.67733186,0.22199126,0.46030107,91,17,0,1,1400,11.939485,185.60748,0.30096513,-9999,14.089969602195197,0,0.28207885567098856,52
-8187246,2026,5.0,38.492809924521495,-120.36526491917469,0.01973875,0.032388749999999994,0.02081124999999999,0.16302750000000002,0.07993624999999999,0.04151874999999999,0.7863387,0.3432089,0.58749247,95,5,0,1,1281,24.722473,341.6729,0.32127872,-9999,13.68316831691294,0,0.25425507475368003,52
-8185449,2026,5.0,38.51077623020389,-120.36526491917469,0.01554499999999999,0.035166249999999996,0.02686124999999999,0.2286975,0.09723374999999998,0.04778874999999999,0.79191244,0.39094964,0.6469496,75,5,0,1,1512,16.283789,4.0610933,0.32127872,-9999,13.68316831691294,0,0.3117436802257662,52
-8174669,2026,5.0,38.61857406429823,-120.36526491917469,0.04820124999999999,0.06739625000000002,0.06547125000000001,0.27469125000000005,0.20250375,0.13353375,0.611915,0.14347158,0.33653176,78,21,0,1,1763,20.486397,150.06021,0.32325292,-9999,12.782276284822899,0,0.3063826078306074,52
-8171076,2026,5.0,38.654506675663015,-120.36526491917469,0.04248125,0.05900874999999997,0.05477374999999998,0.2369475,0.1644575,0.10735375,0.62578297,0.15611489,0.3579116,94,21,0,1,1670,10.721938,260.15497,0.33105412,-9999,12.737711432672313,0,0.20258718339556997,52
-8169279,2026,5.0,38.6724729813454,-120.36526491917469,0.042866249999999995,0.061057500000000015,0.05768875000000001,0.25489125,0.17956875000000003,0.11420125,0.6296504,0.16680261,0.37353912,94,21,0,1,1863,11.053895,6.09255,0.33105412,-9999,12.737711432672313,0,0.27869101567193866,52
-8167483,2026,5.0,38.69043928702779,-120.36526491917469,0.0444475,0.06379375000000001,0.058005,0.27896750000000003,0.19127,0.12663125,0.6500519,0.1772737,0.37470305,44,21,0,1,1765,5.1966496,152.86632,0.33105412,-9999,12.737711432672313,0,0.22090285395582518,52
-8165686,2026,5.0,38.708405592710186,-120.36526491917469,0.0502225,0.07501374999999999,0.07310249999999999,0.26272875,0.19219125,0.13169124999999998,0.55140865,0.14565302,0.32126096,40,18,0,1,1788,4.6273675,-0.0,0.33105412,-9999,12.737711432672313,0,0.26114569333466614,52
-8124363,2026,5.0,39.12163062340516,-120.36526491917469,0.039855,0.056258749999999996,0.05309625000000001,0.25524875,0.177795,0.10344875,0.6552551,0.17847343,0.42277193,93,20,0,1,1953,12.370805,121.10704,0.2848104,-9999,10.63833569762528,0,0.3488831832681013,52
-8104601,2026,5.0,39.31925998591146,-120.36526491917469,0.043209999999999985,0.06378,0.07603125,0.2141225,0.17401375,0.11351375,0.466774,0.09168133,0.29677424,85,24,0,1,2079,10.533137,244.1955,0.25985882,-9999,10.302500579177718,0,0.6400478473376661,52
-8257314,2026,5.0,37.81009030859066,-120.38323122485708,0.045753749999999996,0.07066875,0.08155874999999999,0.23341375,0.21017625,0.14298000000000002,0.4821714,0.05291026,0.24006802,70,6,0,1,472,29.108322,73.097885,0.13934018,-9999,18.073066145373957,0,0.3154259097451965,52
-8199822,2026,5.0,38.38501209042715,-120.38323122485708,0.024949999999999986,0.04525875,0.041821250000000004,0.255235,0.12561375,0.06915624999999997,0.7188176,0.32607824,0.56306,85,4,0,1,1208,7.580696,291.4016,0.2676446,-9999,14.089969602195197,0,0.28749973156853864,52
-8196229,2026,5.0,38.42094470179194,-120.38323122485708,0.03557874999999999,0.053288749999999996,0.05310999999999999,0.19612375,0.1427325,0.09462125000000002,0.5868663,0.15047263,0.36052808,83,13,0,1,1306,5.993606,128.07755,0.30096513,-9999,14.089969602195197,0,0.2554257377826919,52
-8183653,2026,5.0,38.546708841568666,-120.38323122485708,0.04564375,0.06893624999999998,0.07416124999999998,0.24845625000000002,0.22398125,0.13673749999999998,0.54326785,0.060779024,0.29246718,45,8,0,1,1684,7.3625097,28.721622,0.32127872,-9999,13.68316831691294,0,0.273819143474102,52
-8178263,2026,5.0,38.60060775861584,-120.38323122485708,0.03406624999999999,0.052876249999999986,0.04965875,0.22032374999999998,0.15820125,0.10032750000000001,0.6293172,0.1720826,0.3855612,90,22,0,1,1735,15.791571,30.842745,0.32325292,-9999,12.782276284822899,0,0.22133091675198596,52
-8172873,2026,5.0,38.654506675663015,-120.38323122485708,0.05145999999999998,0.07410625000000001,0.07286874999999998,0.30524375,0.21331125,0.13614625,0.6155332,0.17347266,0.3787311,45,16,0,1,1658,22.354584,135.11577,0.33105412,-9999,12.737711432672313,0,0.32817737241698935,52
-8171076,2026,5.0,38.6724729813454,-120.38323122485708,0.040459999999999996,0.0597925,0.052766250000000015,0.29039375,0.17334,0.10228000000000001,0.6910628,0.24699204,0.47736168,90,21,0,1,1799,4.5121303,232.01976,0.33105412,-9999,12.737711432672313,0,0.23676440329290926,52
-8169280,2026,5.0,38.69043928702779,-120.38323122485708,0.03962125,0.05927000000000002,0.048875,0.29176875,0.17596625,0.10353124999999999,0.7127714,0.24371715,0.47582972,93,21,0,1,1687,6.6111274,134.29446,0.33105412,-9999,12.737711432672313,0,0.21070430588654496,52
-8167483,2026,5.0,38.708405592710186,-120.38323122485708,0.045052499999999995,0.05994375000000002,0.06310625,0.1641275,0.17588375,0.1274975,0.42753273,-0.040169984,0.09636242,100,21,0,1,1661,15.630378,305.35187,0.33105412,-9999,12.737711432672313,0,0.29281215218915824,52
-8153110,2026,5.0,38.852136038169306,-120.38323122485708,0.054292499999999994,0.07556375000000001,0.08216375000000001,0.23059500000000002,0.26443375,0.1745225,0.47532377,-0.06833415,0.13759579,85,7,0,1,1542,15.224651,83.167946,0.31936473,-9999,12.349202318088999,0,0.24822907398144403,52
-8145923,2026,5.0,38.92400126089887,-120.38323122485708,0.04123,0.06501749999999998,0.062308749999999996,0.19719625000000002,0.14782,0.09512999999999999,0.5312337,0.16305986,0.35379618,91,14,0,1,1718,1.5101254,52.117863,0.2969036,-9999,12.349202318088999,0,0.2615231965624151,52
-8142330,2026,5.0,38.95993387226365,-120.38323122485708,0.039731249999999996,0.05948999999999999,0.06752,0.21883875,0.19128375,0.12096625,0.5287711,0.06817409,0.2897069,95,20,0,1,1679,15.272874,332.7781,0.2969036,-9999,11.14848459715489,0,0.16609574144794828,52
-8140533,2026,5.0,38.97790017794604,-120.38323122485708,0.03966249999999999,0.0599025,0.06103,0.21911375,0.20073,0.12224499999999999,0.56979245,0.051881723,0.2837818,71,4,0,1,1666,6.553715,244.99414,0.28985244,-9999,11.14848459715489,0,0.2579045245157821,52
-8124364,2026,5.0,39.13959692908755,-120.38323122485708,0.0432925,0.06371125,0.06389,0.2669225,0.20673875,0.12186,0.6130062,0.12746935,0.3719076,90,20,0,1,1822,12.108739,11.219294,0.2778993,-9999,10.63833569762528,0,0.3058762764963119,52
-8118974,2026,5.0,39.193495846134724,-120.38323122485708,0.027919999999999986,0.04146375000000001,0.03962125,0.20781125,0.12532500000000002,0.07333625000000002,0.6717843,0.24242783,0.47036487,87,19,0,1,1810,5.547545,180.0,0.2778993,-9999,10.638130934520461,0,0.2976616124029864,52
-8090228,2026,5.0,39.48095673705297,-120.38323122485708,0.03497375,0.052408750000000004,0.05367374999999999,0.19450125000000001,0.16735875,0.10556625,0.56830436,0.08452921,0.29637554,90,18,0,1,2016,5.6745825,167.81488,0.2511669,-9999,9.468660588418288,0,0.30136569384485484,52
-8309416,2026,5.0,37.30703374948373,-120.40119753053948,0.025431250000000002,0.0473625,0.03868624999999999,0.28357374999999996,0.15238500000000002,0.08367625000000001,0.7599302,0.3009199,0.54431486,31,13,0,1,60,0.0,-0.0,0.13756394,-9999,21.572094833209974,0,1.721675490339597,52
-8242941,2026,5.0,37.97178705973217,-120.40119753053948,0.0519,0.08605499999999999,0.13072875,0.25599125,0.3289075,0.22895875,0.3245569,-0.12778443,0.05592612,73,21,0,1,632,14.947605,217.97687,0.15624057,-9999,16.854224264493553,0,0.7433337841344916,52
-8219585,2026,5.0,38.20534903360325,-120.40119753053948,0.034093750000000006,0.05327499999999999,0.04842125,0.25148125,0.17115375,0.10152375,0.67761695,0.19036938,0.4272591,53,17,0,1,1048,14.874371,248.55014,0.19295405,-9999,15.517546467114528,0,0.2628018190929045,52
-8208805,2026,5.0,38.3131468676976,-120.40119753053948,0.03607374999999999,0.05916000000000002,0.06786375,0.24119625,0.20759125,0.12989,0.5657702,0.08763547,0.31065068,98,16,0,1,1074,10.977719,311.8834,0.21693768,-9999,14.571378162343024,0,0.22112710878252984,52
-8201618,2026,5.0,38.38501209042715,-120.40119753053948,0.019986249999999997,0.03881,0.02972124999999999,0.25034,0.10590999999999998,0.053288749999999996,0.7839044,0.3970478,0.64322764,85,4,0,1,1102,20.672676,260.11877,0.2582867,-9999,14.089969602195197,0,0.37942025311291216,52
-8199822,2026,5.0,38.402978396109546,-120.40119753053948,0.027906250000000007,0.04501124999999999,0.03744874999999999,0.2241325,0.13188375000000002,0.0739,0.7086177,0.25124645,0.500208,77,18,0,1,1202,11.939458,354.3939,0.2582867,-9999,14.089969602195197,0,0.2967932334480186,52
-8196228,2026,5.0,38.438911007474324,-120.40119753053948,0.03809499999999999,0.061689999999999995,0.05892625000000001,0.29674625,0.18009125,0.10710625000000001,0.6722112,0.2446093,0.46992463,77,13,0,1,1306,12.242684,214.85257,0.29760882,-9999,14.089969602195197,0,0.31484085771565634,52
-8181855,2026,5.0,38.58264145293345,-120.40119753053948,0.04061125,0.056423749999999995,0.0552,0.179335,0.15981,0.10888,0.5292704,0.057577282,0.23958546,100,21,0,1,1547,17.277557,332.22208,0.3323395,-9999,12.782276284822899,0,0.2915156370117551,52
-8180059,2026,5.0,38.60060775861584,-120.40119753053948,0.03032625,0.046729999999999994,0.0398,0.2137925,0.12505000000000002,0.07482124999999998,0.6983742,0.27788594,0.49622133,100,22,0,1,1600,17.278446,332.21613,0.3323395,-9999,12.782276284822899,0,0.252656950412885,52
-8178262,2026,5.0,38.61857406429823,-120.40119753053948,0.026654999999999998,0.04567125,0.035331249999999995,0.2547125,0.12863875,0.06467375,0.7593355,0.32685065,0.5937497,72,1,0,1,1581,13.224428,195.33693,0.3323395,-9999,12.782276284822899,0,0.25712059563110495,52
-8176465,2026,5.0,38.63654036998062,-120.40119753053948,0.03931875,0.061799999999999994,0.04908125000000001,0.302425,0.16481500000000002,0.0930675,0.7140983,0.29225716,0.52536494,95,21,0,1,1700,5.6716123,347.95554,0.3323395,-9999,12.782276284822899,0,0.230142559686845,52
-8172872,2026,5.0,38.6724729813454,-120.40119753053948,0.040116250000000006,0.06215749999999998,0.0478025,0.321345,0.17544375,0.0982925,0.7404459,0.29225037,0.53320396,95,8,0,1,1675,11.926569,23.120089,0.32401097,-9999,12.737711432672313,0,0.24024351957169446,52
-8171076,2026,5.0,38.69043928702779,-120.40119753053948,0.066585,0.08804875000000001,0.10050624999999999,0.19958875,0.22601625,0.1767775,0.324502,-0.06760115,0.058767267,44,21,0,1,1579,11.885665,232.02666,0.32401097,-9999,12.737711432672313,0,0.23601338897077812,52
-8169279,2026,5.0,38.708405592710186,-120.40119753053948,0.03783375,0.06182749999999998,0.04660625,0.29181,0.18027,0.10432875,0.72359246,0.23172258,0.45763278,87,21,0,1,1635,14.69792,350.8993,0.32401097,-9999,12.737711432672313,0,0.25134151726961135,52
-8167482,2026,5.0,38.72637189839257,-120.40119753053948,0.050992499999999996,0.07501375000000002,0.07813500000000001,0.262385,0.23338625000000002,0.1482325,0.54156125,0.059224695,0.28302175,99,17,0,1,1367,21.450762,24.990952,0.32401097,-9999,12.737711432672313,0,0.21937377471476793,52
-8144126,2026,5.0,38.95993387226365,-120.40119753053948,0.040185,0.05863750000000001,0.061703749999999974,0.23866625,0.1800225,0.11107999999999998,0.5884187,0.14286917,0.37982497,83,2,0,1,1614,11.933806,203.20374,0.31989926,-9999,11.14848459715489,0,0.20929515468222754,52
-8140533,2026,5.0,38.99586648362843,-120.40119753053948,0.048159999999999994,0.06822125000000001,0.08110499999999998,0.22934375,0.23280875,0.15723875,0.47833443,-0.0024035512,0.18660307,89,8,0,1,1801,3.5755281,270.0,0.3307983,-9999,11.14848459715489,0,0.20695229712873697,52
-8135143,2026,5.0,39.049765400675604,-120.40119753053948,0.032746250000000005,0.054292499999999994,0.043897500000000006,0.271955,0.153815,0.08643999999999999,0.72036684,0.2702225,0.5170837,98,15,0,1,1698,23.61776,328.37347,0.32429403,-9999,11.14848459715489,0,0.28583043858054136,52
-8126160,2026,5.0,39.13959692908755,-120.40119753053948,0.04252249999999999,0.0564375,0.056052500000000005,0.21421874999999999,0.1404775,0.08887375,0.57879317,0.20024455,0.39625478,45,20,0,1,1663,9.442741,321.13748,0.29741707,-9999,10.63833569762528,0,0.30170771727959317,52
-8124363,2026,5.0,39.157563234769945,-120.40119753053948,0.038356249999999995,0.05268375,0.056478749999999994,0.20099125,0.17954124999999999,0.11557625000000002,0.55938566,0.05807483,0.27206188,91,22,0,1,1689,15.03939,68.80844,0.29741707,-9999,10.638130934520461,0,0.31750509197908366,52
-8118973,2026,5.0,39.211462151817116,-120.40119753053948,0.03904375,0.056368749999999995,0.06178624999999999,0.2254525,0.18357,0.11051625000000001,0.5717157,0.115322016,0.344043,87,24,0,1,2047,11.416217,235.86415,0.2737787,-9999,10.638130934520461,0,0.2738876116016637,52
-8203415,2026,5.0,38.38501209042715,-120.41916383622186,0.01854249999999999,0.030463749999999998,0.015159999999999993,0.23080125,0.08741625,0.03893374999999999,0.87155145,0.46559516,0.7242344,95,4,0,1,1023,21.899843,345.11603,0.2582867,-9999,14.089969602195197,0,0.25948878563940525,52
-8201619,2026,5.0,38.402978396109546,-120.41916383622186,0.022777499999999992,0.041628750000000006,0.027246249999999986,0.2668125,0.11040625000000001,0.05420999999999998,0.8151307,0.4088707,0.6608587,85,6,0,1,1094,14.781704,23.042686,0.2582867,-9999,14.089969602195197,0,0.3103585664182901,52
-8190839,2026,5.0,38.51077623020389,-120.41916383622186,0.04072124999999999,0.06332625,0.07611375000000001,0.229,0.2008125,0.12630125,0.5017149,0.06726572,0.29069954,96,23,0,1,1459,8.737014,212.57799,0.32560614,-9999,13.68316831691294,0,0.24305604584515095,52
-8189042,2026,5.0,38.52874253588628,-120.41916383622186,0.029088749999999997,0.05312375,0.04550625,0.29875375,0.14342,0.08131125,0.7342518,0.35330397,0.57533026,99,11,0,1,1460,14.330994,145.46005,0.32560614,-9999,13.68316831691294,0,0.30566667749182036,52
-8183652,2026,5.0,38.58264145293345,-120.41916383622186,0.03788875,0.05451249999999999,0.045630000000000004,0.24991375,0.1761175,0.1083575,0.6910259,0.16884878,0.39411953,100,21,0,1,1445,5.082218,291.34833,0.3323395,-9999,12.782276284822899,0,0.29736916676518466,52
-8180059,2026,5.0,38.61857406429823,-120.41916383622186,0.03467124999999999,0.05408625,0.0426875,0.26193125,0.16273875,0.09181624999999999,0.7194972,0.23310146,0.48343536,87,21,0,1,1526,17.983032,296.66928,0.3323395,-9999,12.782276284822899,0,0.2992039817341027,52
-8178262,2026,5.0,38.63654036998062,-120.41916383622186,0.039731249999999996,0.060700000000000004,0.04663375,0.3204925,0.18425750000000002,0.10453499999999999,0.7456232,0.26620483,0.50760996,87,21,0,1,1529,11.053834,186.08951,0.3323395,-9999,12.782276284822899,0,0.2508310646350895,52
-8174669,2026,5.0,38.6724729813454,-120.41916383622186,0.04133999999999999,0.059338749999999996,0.056052500000000005,0.24031624999999998,0.18578375,0.12019625,0.6150589,0.126183,0.32305875,84,21,0,1,1632,6.5712643,349.6308,0.32401097,-9999,12.737711432672313,0,0.2737948088241475,52
-8172873,2026,5.0,38.69043928702779,-120.41916383622186,0.03985499999999999,0.06541625000000001,0.053495000000000015,0.33508125,0.18922124999999998,0.1050025,0.72241867,0.2765645,0.5236518,90,21,0,1,1586,7.6083245,248.68088,0.32401097,-9999,12.737711432672313,0,0.31688809297047554,52
-8169279,2026,5.0,38.72637189839257,-120.41916383622186,0.04316874999999999,0.059393749999999995,0.06024625,0.19787,0.18963375,0.13149875,0.52989125,0.016110882,0.19296578,95,1,0,1,1565,12.820827,354.76868,0.32401097,-9999,12.737711432672313,0,0.2875393057242036,52
-8167483,2026,5.0,38.744338204074964,-120.41916383622186,0.03523499999999999,0.055475,0.042921249999999994,0.26220625,0.16617625,0.09596875000000002,0.7112711,0.21534713,0.45368698,85,22,0,1,1310,29.590841,57.206112,0.32401097,-9999,12.737711432672313,0,0.2732454724609852,52
-8145923,2026,5.0,38.95993387226365,-120.41916383622186,0.03254,0.05658874999999999,0.04711499999999999,0.30378625000000004,0.171525,0.09253125000000001,0.7270918,0.27510393,0.5310707,36,15,0,1,1561,19.633295,176.65453,0.31989926,-9999,11.14848459715489,0,0.21634373609863577,52
-8144126,2026,5.0,38.97790017794604,-120.41916383622186,0.07798374999999999,0.10006625000000002,0.13125125,0.23685124999999999,0.37336125000000003,0.2562525,0.29368234,-0.22176343,-0.044860225,95,4,0,1,1776,5.201012,207.22783,0.3307983,-9999,11.14848459715489,0,0.2349452760747888,52
-8138737,2026,5.0,39.03179909499321,-120.41916383622186,0.033736249999999995,0.057620000000000005,0.04330624999999999,0.29973,0.16564,0.08492749999999999,0.7379046,0.2872151,0.5576643,100,15,0,1,1548,15.74256,318.2914,0.3307983,-9999,11.14848459715489,0,0.2442756069912797,52
-8133347,2026,5.0,39.08569801204038,-120.41916383622186,0.03911250000000001,0.0633125,0.05218874999999998,0.33882125,0.17904625000000002,0.09365875000000001,0.734066,0.3074205,0.56661433,87,14,0,1,1780,21.86167,133.30544,0.32429403,-9999,10.63833569762528,0,0.21381966685029594,52
-8131550,2026,5.0,39.103664317722775,-120.41916383622186,0.029418750000000007,0.039029999999999995,0.042522500000000005,0.14628,0.12762125000000002,0.0895475,0.5495193,0.068519786,0.2408613,100,21,0,1,1881,17.52747,239.16592,0.32429403,-9999,10.63833569762528,0,0.27961175637724606,52
-8203416,2026,5.0,38.402978396109546,-120.43713014190425,0.022048750000000006,0.0387275,0.026393749999999994,0.23293250000000001,0.11080499999999999,0.05393499999999998,0.7986535,0.34517065,0.6163632,99,6,0,1,997,3.9994614,297.58438,0.2582867,-9999,14.089969602195197,0,0.2570768247544766,52
-8199822,2026,5.0,38.438911007474324,-120.43713014190425,0.027150000000000007,0.04596,0.04237125,0.23704375,0.13875875000000001,0.07421625000000001,0.7030657,0.26790464,0.5308614,95,15,0,1,1211,6.573129,147.44795,0.29760882,-9999,14.089969602195197,0,0.4142757987913986,52
-8194433,2026,5.0,38.492809924521495,-120.43713014190425,0.040185,0.06441250000000001,0.06030124999999997,0.28717625,0.2021875,0.11831249999999999,0.6422129,0.16959277,0.4092566,79,13,0,1,1287,16.505257,236.88605,0.32560614,-9999,13.68316831691294,0,0.3495697739493588,52
-8192636,2026,5.0,38.51077623020389,-120.43713014190425,0.017208749999999995,0.035922499999999996,0.025334999999999996,0.23198375000000002,0.09913125,0.050112500000000004,0.8031575,0.40157613,0.6448613,76,3,0,1,1362,11.636182,149.84787,0.32560614,-9999,13.68316831691294,0,0.28988986039026216,52
-8190839,2026,5.0,38.52874253588628,-120.43713014190425,0.0309725,0.051157499999999995,0.04297625000000001,0.24495,0.14368124999999998,0.08191625,0.69703364,0.2557783,0.49225906,95,6,0,1,1518,11.233491,347.97308,0.32560614,-9999,13.68316831691294,0,0.2170961149968207,52
-8183653,2026,5.0,38.60060775861584,-120.43713014190425,0.04228875,0.058197499999999985,0.04831125,0.24528000000000003,0.16240875,0.09837500000000002,0.66938794,0.20048697,0.4238165,100,21,0,1,1457,10.163242,353.36493,0.3323395,-9999,12.782276284822899,0,0.3019575285060065,52
-8181856,2026,5.0,38.61857406429823,-120.43713014190425,0.04002,0.06177249999999998,0.051129999999999995,0.31365875000000004,0.1829375,0.10349,0.7232022,0.26906642,0.5083341,98,21,0,1,1541,5.0844254,291.33853,0.3323395,-9999,12.782276284822899,0,0.2573776851807322,52
-8180059,2026,5.0,38.63654036998062,-120.43713014190425,0.0403775,0.06503125000000001,0.05893999999999999,0.27421,0.17680500000000002,0.10760124999999998,0.64239514,0.20679046,0.42806545,75,21,0,1,1481,12.744666,201.49995,0.3323395,-9999,12.782276284822899,0,0.23545618482272734,52
-8178263,2026,5.0,38.654506675663015,-120.43713014190425,0.03694,0.05338499999999999,0.044639999999999985,0.25343375,0.16647875,0.10479625000000001,0.69568783,0.2064807,0.41089174,30,21,0,1,1512,15.714937,73.28201,0.32401097,-9999,12.737711432672313,0,0.3170183607461778,52
-8176466,2026,5.0,38.6724729813454,-120.43713014190425,0.07098500000000002,0.0948,0.12261624999999998,0.212885,0.33579625,0.26668875000000003,0.2708422,-0.22760424,-0.11681446,78,21,0,1,1574,11.52844,162.24426,0.32401097,-9999,12.737711432672313,0,0.3393245015970685,52
-8172873,2026,5.0,38.708405592710186,-120.43713014190425,0.03655499999999999,0.05884375,0.03909874999999999,0.34065,0.16515875000000002,0.08924499999999999,0.79387015,0.34077707,0.586794,87,21,0,1,1542,34.813313,17.357126,0.32401097,-9999,12.737711432672313,0,0.29910349615273024,52
-8171076,2026,5.0,38.72637189839257,-120.43713014190425,0.05378374999999999,0.07676,0.08756749999999999,0.24287375,0.22491625,0.15645499999999998,0.47261682,0.03398793,0.2078775,64,6,0,1,1573,13.739833,210.6089,0.32401097,-9999,12.737711432672313,0,0.27761407047510145,52
-8169280,2026,5.0,38.744338204074964,-120.43713014190425,0.03218249999999999,0.052614999999999995,0.045189999999999994,0.26132625,0.160635,0.08884624999999999,0.7004887,0.2370665,0.48432007,76,3,0,1,1525,8.61413,344.09674,0.32401097,-9999,12.737711432672313,0,0.27843274008482694,52
-8154907,2026,5.0,38.888068649534084,-120.43713014190425,0.03489125,0.051473749999999985,0.059764999999999985,0.19853,0.16708375,0.09838875000000002,0.5275632,0.07335589,0.32776347,91,2,0,1,1642,18.424591,299.07315,0.31989926,-9999,12.349202318088999,0,0.28273448989623123,52
-8147720,2026,5.0,38.95993387226365,-120.43713014190425,0.029721250000000005,0.049920000000000006,0.03923625,0.25666500000000003,0.14298000000000002,0.07846500000000001,0.72801113,0.27048624,0.53525686,100,16,0,1,1545,14.470655,104.531006,0.31989926,-9999,11.14848459715489,0,0.2394636499562434,52
-8145923,2026,5.0,38.97790017794604,-120.43713014190425,0.026929999999999996,0.05045625000000001,0.04380125,0.24094875000000002,0.13936375,0.08055499999999999,0.68740803,0.2662382,0.4919739,95,7,0,1,1746,3.6923614,255.47253,0.3307983,-9999,11.14848459715489,0,0.2140433941746042,52
-8144127,2026,5.0,38.99586648362843,-120.43713014190425,0.026998750000000002,0.05502125000000002,0.036898749999999994,0.300995,0.14881,0.07597625000000002,0.7758662,0.33416703,0.5989902,100,14,0,1,1568,20.779816,309.7842,0.3307983,-9999,11.14848459715489,0,0.25172692332416774,52
-8142330,2026,5.0,39.01383278931082,-120.43713014190425,0.030628749999999996,0.0539625,0.03647249999999999,0.293845,0.141055,0.0693625,0.7642569,0.35133332,0.61805516,100,14,0,1,1443,19.99082,293.60815,0.3307983,-9999,11.14848459715489,0,0.2746014739608481,52
-8140534,2026,5.0,39.03179909499321,-120.43713014190425,0.040459999999999996,0.06317499999999998,0.047665,0.342905,0.19472125,0.09987375000000001,0.7557461,0.2752888,0.54854405,99,14,0,1,1270,22.615862,108.11145,0.3307983,-9999,11.14848459715489,0,0.2133563504155193,52
-8138737,2026,5.0,39.049765400675604,-120.43713014190425,0.03794375,0.06145624999999999,0.046867500000000006,0.337515,0.18830000000000002,0.0965325,0.75408417,0.282936,0.5543049,90,14,0,1,1611,26.008373,136.87851,0.32429403,-9999,11.14848459715489,0,0.30797108271647067,52
-8136940,2026,5.0,39.06773170635799,-120.43713014190425,0.038796250000000004,0.05836250000000001,0.05053874999999999,0.243905,0.18187875,0.10839874999999999,0.65643454,0.15183131,0.3919776,87,15,0,1,1590,1.8543341,-0.0,0.32429403,-9999,10.63833569762528,0,0.21561155265027826,52
-8133347,2026,5.0,39.103664317722775,-120.43713014190425,0.030986249999999993,0.04393875,0.042893749999999994,0.17371125,0.1254075,0.08052749999999997,0.6032269,0.16759966,0.37232083,100,21,0,1,1719,13.758145,329.2574,0.32429403,-9999,10.63833569762528,0,0.2755809331482107,52
-8099211,2026,5.0,39.44502412568819,-120.43713014190425,0.027342499999999992,0.04144999999999999,0.044062500000000004,0.16085500000000003,0.121365,0.0770075,0.58036715,0.14063548,0.35250407,92,5,0,1,2138,8.7702875,327.0781,0.26722205,-9999,9.816001818257007,0,0.3043008948760954,52
-8192635,2026,5.0,38.52874253588628,-120.45509644758664,0.0371325,0.05803249999999999,0.05646499999999999,0.260185,0.17588375,0.10438375,0.640247,0.18880326,0.42348602,85,16,0,1,1369,12.5271845,248.63712,0.32560614,-9999,14.580534748364528,0,0.30693547516351655,52
-8187245,2026,5.0,38.58264145293345,-120.45509644758664,0.044475,0.062047500000000005,0.053701250000000006,0.284385,0.18256624999999999,0.10973250000000001,0.679091,0.21478404,0.43962285,98,21,0,1,1437,13.866736,49.02347,0.3323395,-9999,13.86242528935918,0,0.3261956533505803,52
-8185449,2026,5.0,38.60060775861584,-120.45509644758664,0.04000624999999999,0.05579124999999999,0.04593249999999999,0.2103,0.16298625,0.10128999999999999,0.64041215,0.12559721,0.3542086,100,21,0,1,1325,27.16287,336.1915,0.3323395,-9999,13.86242528935918,0,0.3109618862203899,52
-8183652,2026,5.0,38.61857406429823,-120.45509644758664,0.03505625,0.05724874999999999,0.03709124999999999,0.31514375,0.16073125000000002,0.084515,0.7891221,0.33033657,0.5804581,99,21,0,1,1431,22.815615,308.00113,0.3323395,-9999,13.86242528935918,0,0.2913993665327628,52
-8181855,2026,5.0,38.63654036998062,-120.45509644758664,0.043375,0.06046625,0.061676250000000016,0.2324375,0.21963625,0.15132625,0.5655306,0.026744792,0.19712925,95,3,0,1,1549,3.8893585,17.747353,0.3323395,-9999,13.86242528935918,0,0.29104816931344213,52
-8180059,2026,5.0,38.654506675663015,-120.45509644758664,0.046509999999999996,0.06800124999999999,0.062405000000000016,0.296265,0.2015275,0.12374375000000001,0.6545268,0.19473393,0.41216522,98,21,0,1,1570,6.5712113,169.63335,0.32401097,-9999,13.914188352195197,0,0.35163214116949926,52
-8178262,2026,5.0,38.6724729813454,-120.45509644758664,0.043278750000000005,0.06219875,0.05231250000000001,0.27040125000000004,0.17412375,0.10526374999999999,0.68442094,0.21271154,0.43875512,100,21,0,1,1432,1.5068129,52.01976,0.32401097,-9999,13.914188352195197,0,0.2784567340700464,52
-8176466,2026,5.0,38.69043928702779,-120.45509644758664,0.037985000000000005,0.055749999999999994,0.045134999999999995,0.24983125,0.15580875000000002,0.09339750000000002,0.68705237,0.2293073,0.45009845,100,21,0,1,1440,11.751284,265.5369,0.32401097,-9999,13.914188352195197,0,0.27407248389153255,52
-8174669,2026,5.0,38.708405592710186,-120.45509644758664,0.0432375,0.06171749999999998,0.05378375000000002,0.27627250000000003,0.18079250000000002,0.10821999999999998,0.6771813,0.21677482,0.44355446,93,21,0,1,1544,3.0228925,156.86955,0.32401097,-9999,13.914188352195197,0,0.3761880241689228,52
-8172872,2026,5.0,38.72637189839257,-120.45509644758664,0.05610749999999998,0.08297500000000002,0.10507125,0.25001,0.23407375,0.17129125,0.41743392,0.031263683,0.19146344,56,21,0,1,1395,9.425049,90.0,0.32401097,-9999,13.914188352195197,0,0.28051849516729516,52
-8171076,2026,5.0,38.744338204074964,-120.45509644758664,0.06284500000000001,0.087925,0.11532875000000001,0.18605875,0.25035375000000004,0.20954375,0.24235879,-0.14732994,-0.05954616,84,21,0,1,1411,22.33408,239.18684,0.32401097,-9999,13.914188352195197,0,0.23805289275478572,52
-8169279,2026,5.0,38.76230450975736,-120.45509644758664,0.03164625,0.054113750000000016,0.048806249999999995,0.2883175,0.16916,0.09524000000000002,0.7065792,0.26028234,0.50154907,90,11,0,1,1351,8.614291,15.90709,0.32401097,-9999,13.94740197786723,0,0.26601802445948125,52
-8153109,2026,5.0,38.92400126089887,-120.45509644758664,0.0893825,0.1179,0.14529,0.26380125,0.35268125,0.26281125000000005,0.2948001,-0.1497909,-0.0024733436,76,19,0,1,1756,3.890818,197.81459,0.31989926,-9999,13.420283992316172,0,0.28257887228392065,52
-8147719,2026,5.0,38.97790017794604,-120.45509644758664,0.030408749999999984,0.051570000000000005,0.034574999999999995,0.28313375,0.13954249999999999,0.06945874999999999,0.78478664,0.33942205,0.60990953,100,14,0,1,1402,24.745945,288.4263,0.3307983,-9999,12.731799554312147,0,0.25909862387925386,52
-8145923,2026,5.0,38.99586648362843,-120.45509644758664,0.0506625,0.0739825,0.06444,0.34261625,0.234665,0.13407000000000002,0.68399125,0.19368881,0.44388208,100,14,0,1,1241,23.682144,85.7668,0.3307983,-9999,12.731799554312147,0,0.2713795494288206,52
-8144126,2026,5.0,39.01383278931082,-120.45509644758664,0.0433475,0.06688749999999999,0.054182499999999995,0.3164775,0.209585,0.12184625000000002,0.7041177,0.20314585,0.43867534,94,14,0,1,1496,19.502903,90.0,0.3307983,-9999,12.731799554312147,0,0.27430467729113606,52
-8142330,2026,5.0,39.03179909499321,-120.45509644758664,0.036926249999999994,0.06328499999999998,0.045630000000000004,0.351045,0.1912975,0.09353500000000001,0.7673914,0.29391575,0.5785031,95,14,0,1,1578,13.359681,127.83988,0.3307983,-9999,12.731799554312147,0,0.30532975355163217,52
-8136940,2026,5.0,39.08569801204038,-120.45509644758664,0.02875875,0.05618999999999999,0.05070374999999999,0.26560249999999996,0.17074125,0.09822375,0.6785338,0.21538301,0.4590441,83,1,0,1,1764,9.195146,180.0,0.32429403,-9999,12.33967820854599,0,0.2722386305584856,52
-8131550,2026,5.0,39.13959692908755,-120.45509644758664,0.027576249999999997,0.052133750000000006,0.04369125,0.25717375,0.15561625,0.08385500000000001,0.70836675,0.2398966,0.50679827,85,2,0,1,1930,21.305334,294.52438,0.29741707,-9999,12.33967820854599,0,0.46883463036889833,52
-8392062,2026,5.0,36.55244891082333,-120.47306275326903,0.097275,0.15608375,0.18286875,0.31338375,0.31635375,0.2392575,0.26356766,-0.006883496,0.13179971,31,23,0,1,126,3.5811107,75.00955,0.098588035,-9999,22.73820233909032,0,0.5058455442866454,52
-8226772,2026,5.0,38.20534903360325,-120.47306275326903,0.02884125,0.052395,0.04111999999999999,0.27949,0.1804075,0.09486875,0.74299073,0.21544662,0.49317098,60,16,0,1,738,9.195146,-0.0,0.19295405,-9999,16.47178716351914,0,0.3151804731072237,52
-8203415,2026,5.0,38.438911007474324,-120.47306275326903,0.03505625,0.054333750000000014,0.04545125,0.25819125,0.17454999999999998,0.09723375000000001,0.7075891,0.20654652,0.46376556,95,12,0,1,1195,6.5994143,225.60535,0.29760882,-9999,15.20521447786723,0,0.29134035685464094,52
-8199822,2026,5.0,38.47484361883911,-120.47306275326903,0.019257499999999997,0.039415000000000006,0.028043749999999992,0.22882125,0.11035125000000001,0.055145,0.78266054,0.3366506,0.6081491,85,7,0,1,1181,2.1999412,212.56496,0.29760882,-9999,14.580534748364528,0,0.28716922737658024,52
-8194432,2026,5.0,38.52874253588628,-120.47306275326903,0.03890625,0.05911875,0.05047,0.309575,0.19334625,0.1112725,0.71445173,0.22182716,0.46071503,97,20,0,1,1295,17.59232,258.21637,0.32560614,-9999,14.580534748364528,0,0.30489702256662504,52
-8192636,2026,5.0,38.546708841568666,-120.47306275326903,0.03398375000000001,0.04835250000000001,0.04558875,0.22633250000000002,0.1620375,0.0930125,0.6633941,0.16567656,0.41757828,85,21,0,1,1337,16.53698,77.40377,0.32560614,-9999,14.580534748364528,0,0.3142708327089037,52
-8189042,2026,5.0,38.58264145293345,-120.47306275326903,0.04649624999999999,0.07237374999999999,0.06192375,0.31541875,0.211015,0.13507375,0.6616731,0.19731064,0.39915776,85,21,0,1,1303,15.585568,158.21024,0.3323395,-9999,13.86242528935918,0,0.32674295508435797,52
-8187246,2026,5.0,38.60060775861584,-120.47306275326903,0.04688125,0.07025624999999999,0.061799999999999994,0.25827375,0.20453875,0.12635625,0.6049158,0.10233466,0.32949492,98,21,0,1,1338,14.994748,218.2178,0.3323395,-9999,13.86242528935918,0,0.305392165761441,52
-8185449,2026,5.0,38.61857406429823,-120.47306275326903,0.03959375,0.05859624999999999,0.04272875000000001,0.29457374999999997,0.16862375000000002,0.09654625,0.7476769,0.27117318,0.5059585,100,21,0,1,1312,14.336534,34.573483,0.3323395,-9999,13.86242528935918,0,0.3320924728177488,52
-8183652,2026,5.0,38.63654036998062,-120.47306275326903,0.04714249999999999,0.06635125,0.061428750000000004,0.27700125,0.20222874999999998,0.12441750000000001,0.63004166,0.1547937,0.3784317,95,2,0,1,1523,9.02663,114.05391,0.3323395,-9999,13.86242528935918,0,0.23602523228951863,52
-8181856,2026,5.0,38.654506675663015,-120.47306275326903,0.04102375,0.061786250000000015,0.048696249999999996,0.31022125,0.16790875000000002,0.09632625,0.72511506,0.29586133,0.52870065,100,21,0,1,1545,8.306637,83.634346,0.32401097,-9999,13.914188352195197,0,0.28878354946417467,52
-8180059,2026,5.0,38.6724729813454,-120.47306275326903,0.03636249999999999,0.05818374999999998,0.04100999999999999,0.27227124999999996,0.1672075,0.09507499999999999,0.7406165,0.23889056,0.4829578,94,21,0,1,1484,21.035278,22.173046,0.32401097,-9999,13.914188352195197,0,0.2734968856509243,52
-8178263,2026,5.0,38.69043928702779,-120.47306275326903,0.040171250000000006,0.05854125000000002,0.04926,0.23483,0.174605,0.10486499999999999,0.6596647,0.14353296,0.37317723,100,22,0,1,1492,19.128874,21.024315,0.32401097,-9999,13.914188352195197,0,0.31921166917309163,52
-8176466,2026,5.0,38.708405592710186,-120.47306275326903,0.039387500000000006,0.058816250000000014,0.04492874999999999,0.34096625,0.1761175,0.09811375,0.76719594,0.30832097,0.5500595,98,21,0,1,1531,15.0647,32.649586,0.32401097,-9999,13.914188352195197,0,0.3188382722437382,52
-8174669,2026,5.0,38.72637189839257,-120.47306275326903,0.05756499999999998,0.09086749999999999,0.09409874999999998,0.3318775,0.2570775,0.18713125,0.57519126,0.12216933,0.28252685,100,21,0,1,1281,12.769178,-0.0,0.32401097,-9999,13.914188352195197,0,0.26587640831158277,52
-8165686,2026,5.0,38.81620342680453,-120.47306275326903,0.04028124999999999,0.0596825,0.0624875,0.23148875,0.202215,0.121585,0.57416105,0.066666685,0.31513584,85,3,0,1,1518,4.776696,345.6038,0.3270061,-9999,13.94740197786723,0,0.2834466257573743,52
-8162093,2026,5.0,38.852136038169306,-120.47306275326903,0.0417525,0.0596825,0.06873000000000001,0.214315,0.205405,0.13225499999999998,0.51035947,0.019279666,0.21520492,89,15,0,1,1492,23.110573,133.06137,0.3270061,-9999,13.420283992316172,0,0.22185881363434923,52
-8158500,2026,5.0,38.888068649534084,-120.47306275326903,0.02870375,0.048022499999999996,0.048022499999999996,0.24455125,0.13705375,0.08027999999999999,0.67458844,0.2799774,0.50310487,70,3,0,1,1664,12.267147,144.9786,0.31989926,-9999,13.420283992316172,0,0.2565146485637677,52
-8154906,2026,5.0,38.92400126089887,-120.47306275326903,0.08301624999999999,0.10965,0.13380875,0.25563375,0.3521725,0.24966625,0.3161619,-0.15884186,0.015097326,70,18,0,1,1654,7.6297855,248.7445,0.31989926,-9999,13.420283992316172,0,0.3052942084148526,52
-8151313,2026,5.0,38.95993387226365,-120.47306275326903,0.03656875,0.05320624999999998,0.040432499999999996,0.23016875,0.147985,0.08221875000000001,0.70238835,0.2151733,0.47316274,100,15,0,1,1272,31.251451,313.912,0.31989926,-9999,12.731799554312147,0,0.2078425740136912,52
-8149516,2026,5.0,38.97790017794604,-120.47306275326903,0.055337499999999984,0.0811875,0.07424375,0.35889624999999997,0.23770375000000002,0.13618750000000002,0.6539909,0.20566192,0.45160148,87,14,0,1,1510,18.050978,116.553535,0.3307983,-9999,12.731799554312147,0,0.2162172966390699,52
-8147720,2026,5.0,38.99586648362843,-120.47306275326903,0.06523749999999998,0.08861250000000001,0.09713750000000002,0.2835325,0.27680875,0.18644375,0.49829757,0.020075375,0.21292453,89,14,0,1,1705,8.00594,216.32521,0.3307983,-9999,12.731799554312147,0,0.2952004396356642,52
-8144127,2026,5.0,39.03179909499321,-120.47306275326903,0.04882,0.07040749999999998,0.06767124999999999,0.24565125000000002,0.199355,0.12762125,0.5672905,0.10012266,0.3166214,99,15,0,1,1685,34.758358,316.31488,0.3307983,-9999,12.731799554312147,0,0.24294809717684984,52
-8140533,2026,5.0,39.06773170635799,-120.47306275326903,0.038755,0.06838625000000001,0.06783625000000001,0.31140375,0.22744625,0.13103125000000002,0.64214027,0.15551254,0.4073378,59,1,0,1,1739,19.321945,123.643234,0.32429403,-9999,12.33967820854599,0,0.3775573208928108,52
-8136940,2026,5.0,39.103664317722775,-120.47306275326903,0.03168750000000001,0.05513125000000002,0.05342624999999998,0.27858249999999996,0.17206125,0.10038250000000001,0.67520595,0.22489281,0.46700218,44,20,0,1,1682,11.554755,293.3215,0.32429403,-9999,12.33967820854599,0,0.2225270148898874,52
-8135143,2026,5.0,39.12163062340516,-120.47306275326903,0.026091249999999996,0.05521374999999998,0.04050125,0.325305,0.14677500000000002,0.07757125000000001,0.77909225,0.36818215,0.60809827,99,1,0,1,1773,18.803038,205.40244,0.32429403,-9999,12.33967820854599,0,0.44934626986893517,52
-8120770,2026,5.0,39.26536106886429,-120.47306275326903,0.0266275,0.04530000000000001,0.03204499999999999,0.252375,0.1307975,0.06785000000000002,0.7765537,0.31729183,0.5796268,96,12,0,1,1837,13.669982,323.00397,0.2737787,-9999,10.975123752060767,0,0.2374099240511317,52
-8384874,2026,5.0,36.642280439235286,-120.49102905895143,0.04727999999999999,0.07784625,0.07472500000000001,0.2995375,0.191435,0.12198375,0.59937036,0.21655987,0.41662502,86,16,0,1,88,2.1846046,31.929005,0.10618387,-9999,22.73820233909032,0,0.3683329373598099,52
-8295043,2026,5.0,37.540595723354805,-120.49102905895143,0.025005,0.04843499999999999,0.031577499999999994,0.33904125,0.13980375,0.06219875,0.8299856,0.41716316,0.69064945,77,11,0,1,89,4.6685076,90.0,0.1338156,-9999,20.8437550944667,0,0.3804636623803526,52
-8228568,2026,5.0,38.20534903360325,-120.49102905895143,0.02134749999999999,0.03835625000000001,0.024908749999999993,0.23912,0.12603999999999999,0.059338749999999996,0.81302136,0.306505,0.60123724,78,16,0,1,514,24.337532,304.93387,0.19295405,-9999,16.47178716351914,0,0.3024834079357485,52
-8196228,2026,5.0,38.52874253588628,-120.49102905895143,0.04050125,0.05932500000000002,0.057510000000000006,0.2194575,0.17618625,0.11277125000000002,0.5862569,0.10987892,0.31760672,100,19,0,1,1221,27.603699,320.7133,0.32560614,-9999,14.580534748364528,0,0.27776758275216534,52
-8194432,2026,5.0,38.546708841568666,-120.49102905895143,0.052147499999999986,0.0713975,0.07986750000000001,0.23675500000000002,0.22952250000000002,0.15261875,0.49384788,0.0081803845,0.21604869,83,21,0,1,1262,19.124311,20.985926,0.32560614,-9999,14.580534748364528,0,0.22838496195063704,52
-8192635,2026,5.0,38.56467514725106,-120.49102905895143,0.02614625000000001,0.042109999999999995,0.03501499999999999,0.19342875,0.11036499999999999,0.0627625,0.6881976,0.26296788,0.5089727,100,22,0,1,1291,6.5764294,327.40253,0.3323395,-9999,13.86242528935918,0,0.23092821809751468,52
-8190838,2026,5.0,38.58264145293345,-120.49102905895143,0.029171249999999996,0.047555,0.03311750000000001,0.24743875,0.1223825,0.06530625000000001,0.7598046,0.329645,0.57434744,97,22,0,1,1353,2.5461173,111.34832,0.3323395,-9999,13.86242528935918,0,0.291075538577778,52
-8189042,2026,5.0,38.60060775861584,-120.49102905895143,0.04701875,0.06956875000000001,0.0629825,0.25469875,0.21248625,0.139625,0.59724265,0.08872691,0.28337982,100,21,0,1,1379,13.113985,257.96802,0.3323395,-9999,13.86242528935918,0,0.35540716926611604,52
-8187245,2026,5.0,38.61857406429823,-120.49102905895143,0.032979999999999995,0.058719999999999994,0.03508375,0.37534125,0.16086875,0.07638875,0.8261797,0.39513615,0.6584811,93,22,0,1,1351,9.429981,299.1652,0.3323395,-9999,13.86242528935918,0,0.3872047593551023,52
-8185448,2026,5.0,38.63654036998062,-120.49102905895143,0.030793749999999995,0.04913624999999999,0.037091250000000006,0.23418375,0.13516999999999998,0.0749725,0.72101945,0.25935692,0.5146896,100,22,0,1,1328,2.5477748,111.33373,0.3323395,-9999,13.86242528935918,0,0.26432263597168704,52
-8183652,2026,5.0,38.654506675663015,-120.49102905895143,0.038095000000000004,0.05936625000000001,0.04268749999999999,0.30664625,0.1801875,0.10577249999999999,0.7530135,0.25730547,0.48967505,100,21,0,1,1381,11.939845,5.625614,0.32401097,-9999,13.914188352195197,0,0.2775034146383405,52
-8181855,2026,5.0,38.6724729813454,-120.49102905895143,0.0459325,0.06569125,0.061799999999999994,0.2717075,0.2071375,0.12890000000000001,0.6257658,0.14208978,0.36284983,99,21,0,1,1505,18.373438,272.79358,0.32401097,-9999,13.914188352195197,0,0.3364356575267656,52
-8180059,2026,5.0,38.69043928702779,-120.49102905895143,0.05624499999999999,0.07893249999999999,0.07853375000000001,0.27444375,0.2536125,0.1651725,0.55341184,0.03994964,0.25322807,96,21,0,1,1455,32.558517,144.22128,0.32401097,-9999,13.914188352195197,0,0.34608719196347965,52
-8178262,2026,5.0,38.708405592710186,-120.49102905895143,0.04094125,0.06136,0.04663375,0.25357125,0.17496250000000002,0.10853625,0.6902561,0.1914513,0.4083823,100,21,0,1,1331,35.127686,34.072212,0.32401097,-9999,13.914188352195197,0,0.28655547337118714,52
-8176465,2026,5.0,38.72637189839257,-120.49102905895143,0.05268375,0.07322625000000002,0.09215999999999999,0.188465,0.24229625,0.18949625,0.33531234,-0.12498029,-0.0027222787,60,23,0,1,1313,15.080774,223.87148,0.32401097,-9999,13.914188352195197,0,0.30619617116947967,52
-8174669,2026,5.0,38.744338204074964,-120.49102905895143,0.02226874999999999,0.03956625,0.02559625,0.24924,0.111905,0.053866250000000004,0.8155082,0.3755883,0.63937885,99,2,0,1,1361,11.891079,232.0476,0.32401097,-9999,13.914188352195197,0,0.2683375792577863,52
-8169279,2026,5.0,38.798237121122135,-120.49102905895143,0.033034999999999995,0.05432000000000001,0.03489125,0.29671875000000003,0.16364625,0.08004624999999999,0.7836752,0.2859764,0.5742822,100,14,0,1,1380,15.161604,302.52393,0.32401097,-9999,13.94740197786723,0,0.26529100292215224,52
-8167482,2026,5.0,38.81620342680453,-120.49102905895143,0.03244374999999999,0.05125374999999999,0.0414775,0.24676499999999998,0.15836625000000001,0.08562875,0.7094066,0.21640278,0.48413733,95,2,0,1,1472,5.547545,-0.0,0.3270061,-9999,13.94740197786723,0,0.34525112150923204,52
-8158499,2026,5.0,38.90603495521648,-120.49102905895143,0.04404875,0.06699750000000002,0.07979875,0.2354625,0.19942375,0.13149875,0.49483386,0.08807903,0.2912064,74,16,0,1,1550,9.62229,101.00904,0.31989926,-9999,13.420283992316172,0,0.1986250586219524,52
-8156702,2026,5.0,38.92400126089887,-120.49102905895143,0.01999999999999999,0.038411249999999994,0.028112499999999985,0.23624625000000002,0.10903125,0.05234,0.7854694,0.35763013,0.6352759,95,8,0,1,1559,5.836151,217.64049,0.31989926,-9999,13.420283992316172,0,0.2803537351520438,52
-8154906,2026,5.0,38.94196756658126,-120.49102905895143,0.040308750000000004,0.05576375,0.04597375000000001,0.21860500000000002,0.14986875,0.08872250000000001,0.65105814,0.18392353,0.4153355,100,15,0,1,1101,26.504396,324.2462,0.31989926,-9999,13.420283992316172,0,0.24212913383685408,52
-8153109,2026,5.0,38.95993387226365,-120.49102905895143,0.04083125,0.06608999999999998,0.0489025,0.3412,0.19785624999999998,0.1020875,0.7505392,0.26854762,0.54141796,45,14,0,1,1214,25.62485,132.45247,0.31989926,-9999,12.731799554312147,0,0.17758285189047457,52
-8151312,2026,5.0,38.97790017794604,-120.49102905895143,0.04106499999999999,0.06947249999999999,0.05198249999999999,0.37112,0.20382375,0.10445249999999998,0.75317425,0.29153788,0.56113005,95,14,0,1,1538,13.648223,180.0,0.3307983,-9999,12.731799554312147,0,0.19487968594767152,52
-8149516,2026,5.0,38.99586648362843,-120.49102905895143,0.06934875000000001,0.09503375,0.12011375000000002,0.23066375,0.31341125000000003,0.24441375,0.30238014,-0.15886357,-0.041555222,99,14,0,1,1664,1.1932197,270.0,0.3307983,-9999,12.731799554312147,0,0.296927098184824,52
-8147719,2026,5.0,39.01383278931082,-120.49102905895143,0.046564999999999995,0.07599,0.07267625,0.3296225,0.20227,0.12262999999999999,0.63329005,0.23238598,0.4515335,70,14,0,1,1700,10.164018,173.32668,0.3307983,-9999,12.731799554312147,0,0.25896102422848344,52
-8140533,2026,5.0,39.08569801204038,-120.49102905895143,0.01548999999999999,0.03914000000000001,0.026654999999999998,0.27025,0.10692750000000001,0.05404500000000001,0.8133105,0.41683757,0.6570295,95,2,0,1,1617,24.170832,307.8187,0.32429403,-9999,12.33967820854599,0,0.19227751628740838,52
-8138736,2026,5.0,39.103664317722775,-120.49102905895143,0.04476374999999999,0.0658425,0.058348750000000005,0.29443625,0.22920625,0.1384975,0.6691147,0.124524616,0.36019728,85,2,0,1,1506,28.268448,116.84348,0.32429403,-9999,12.33967820854599,0,0.23524904102087021,52
-8104600,2026,5.0,39.44502412568819,-120.49102905895143,0.05847250000000001,0.08435000000000001,0.09742624999999999,0.217945,0.28185499999999997,0.21793125000000002,0.3849178,-0.12787044,-0.0028860325,88,14,0,1,2012,1.5171286,127.67657,0.26722205,-9999,9.752800898398164,0,0.4591183628709543,52
-8232161,2026,5.0,38.18738272792086,-120.50899536463382,0.021938749999999993,0.0372425,0.028098749999999992,0.20973625,0.12432125000000002,0.06203375,0.76316756,0.25776002,0.54530287,60,16,0,1,481,36.861774,307.19446,0.19295405,-9999,16.47178716351914,0,0.2919559491612017,52
-8228568,2026,5.0,38.22331533928564,-120.50899536463382,0.025321250000000003,0.044942499999999996,0.03626625,0.2426675,0.15120250000000002,0.07603125,0.73827887,0.22852345,0.5197882,52,16,0,1,677,16.569475,244.1986,0.19295405,-9999,16.47178716351914,0,0.3703229659795761,52
-8208805,2026,5.0,38.42094470179194,-120.50899536463382,0.0321825,0.05257375,0.044695,0.2567475,0.19094,0.09826500000000002,0.70436203,0.14684525,0.44978505,91,16,0,1,900,12.976746,212.54555,0.29760882,-9999,15.20521447786723,0,0.4568629205404293,52
-8199822,2026,5.0,38.51077623020389,-120.50899536463382,0.043952500000000005,0.06092,0.05966875000000002,0.19147625,0.17967875,0.11559,0.52373207,0.026410477,0.24234255,100,21,0,1,1096,29.654724,331.8121,0.32560614,-9999,14.580534748364528,0,0.26551334822381084,52
-8192635,2026,5.0,38.58264145293345,-120.50899536463382,0.0506625,0.07079250000000001,0.06750624999999999,0.283175,0.22598875000000002,0.150845,0.60996735,0.10586599,0.29414797,100,21,0,1,1325,7.316606,284.60483,0.3323395,-9999,13.86242528935918,0,0.36362147153843016,52
-8190839,2026,5.0,38.60060775861584,-120.50899536463382,0.049507499999999996,0.0752475,0.06827624999999998,0.31154125,0.2277075,0.1449875,0.6387923,0.15151614,0.36435375,33,21,0,1,1200,17.420925,191.4221,0.3323395,-9999,13.86242528935918,0,0.3447319743711324,52
-8189042,2026,5.0,38.61857406429823,-120.50899536463382,0.04978249999999999,0.07495875000000002,0.088585,0.27861,0.251715,0.1702325,0.5103145,0.041928727,0.22049066,97,21,0,1,1297,5.826924,322.47815,0.3323395,-9999,13.86242528935918,0,0.3442157126793807,52
-8187245,2026,5.0,38.63654036998062,-120.50899536463382,0.03849374999999999,0.06580125,0.057729999999999976,0.37242625,0.18656750000000002,0.10387500000000002,0.72960246,0.3324425,0.56343067,91,21,0,1,1220,17.28021,152.20432,0.3323395,-9999,13.86242528935918,0,0.35666396760422253,52
-8185449,2026,5.0,38.654506675663015,-120.50899536463382,0.0597925,0.08935499999999999,0.12318000000000001,0.20045500000000002,0.3005275,0.233565,0.24644506,-0.1982766,-0.058896214,100,21,0,1,1212,16.395992,279.49994,0.32401097,-9999,13.914188352195197,0,0.23866843739929405,52
-8183652,2026,5.0,38.6724729813454,-120.50899536463382,0.04547875,0.0683175,0.05124000000000001,0.3487075,0.20308125000000002,0.11410500000000001,0.7437323,0.26389316,0.5068843,100,21,0,1,1112,6.8802676,159.8995,0.32401097,-9999,13.914188352195197,0,0.29909647974584785,52
-8181856,2026,5.0,38.69043928702779,-120.50899536463382,0.03700874999999999,0.05744125,0.0434025,0.311995,0.17761625,0.0995575,0.75464153,0.27306682,0.51598,100,21,0,1,1500,12.769178,-0.0,0.32401097,-9999,13.914188352195197,0,0.35161637674484936,52
-8180059,2026,5.0,38.708405592710186,-120.50899536463382,0.02573375,0.0398275,0.025802499999999992,0.227845,0.10556625,0.05656125000000001,0.7858688,0.350534,0.5871861,96,22,0,1,1366,8.176278,334.33292,0.32401097,-9999,13.914188352195197,0,0.3242081060473408,52
-8172872,2026,5.0,38.78027081543974,-120.50899536463382,0.03491875,0.06155249999999998,0.04728,0.34269875,0.16924250000000002,0.09132124999999999,0.7562757,0.33872005,0.57810974,94,14,0,1,1236,10.992985,180.0,0.32401097,-9999,13.94740197786723,0,0.398633923754096,52
-8169279,2026,5.0,38.81620342680453,-120.50899536463382,0.06328500000000001,0.08575250000000001,0.094965,0.262605,0.2704975,0.1931675,0.46944413,-0.014809435,0.15094642,87,14,0,1,1367,15.16421,122.51735,0.3270061,-9999,13.94740197786723,0,0.31329468034562613,52
-8167483,2026,5.0,38.83416973248691,-120.50899536463382,0.026105000000000003,0.0488475,0.03857624999999999,0.2456925,0.14689875,0.07904249999999999,0.7201264,0.25034624,0.50620824,60,15,0,1,1437,10.145514,35.496384,0.3270061,-9999,13.94740197786723,0,0.3019912302690117,52
-8165686,2026,5.0,38.852136038169306,-120.50899536463382,0.022502499999999995,0.04194500000000001,0.03628000000000001,0.2330425,0.1287075,0.06883999999999998,0.73016536,0.28372508,0.54396033,37,15,0,1,1468,11.521121,113.39563,0.3270061,-9999,13.420283992316172,0,0.285919863006307,52
-8162093,2026,5.0,38.888068649534084,-120.50899536463382,0.06258375,0.09596874999999999,0.12481625000000002,0.2424475,0.2823775,0.20277874999999998,0.32993606,-0.06692763,0.09979652,98,7,0,1,1538,21.490156,302.31033,0.31989926,-9999,13.420283992316172,0,0.2596412768685504,52
-8160296,2026,5.0,38.90603495521648,-120.50899536463382,0.05507624999999999,0.07537125,0.08754,0.22968750000000002,0.26561625,0.1922325,0.444657,-0.07756778,0.090432644,85,14,0,1,1410,7.1734443,262.61023,0.31989926,-9999,13.420283992316172,0,0.2279332539948978,52
-8158499,2026,5.0,38.92400126089887,-120.50899536463382,0.027617500000000003,0.05562624999999999,0.029734999999999998,0.35936375,0.146885,0.06675,0.84699833,0.4194305,0.6864537,100,15,0,1,1294,23.481613,321.49026,0.31989926,-9999,13.420283992316172,0,0.3271483039483428,52
-8156703,2026,5.0,38.94196756658126,-120.50899536463382,0.03948375,0.063615,0.05012624999999998,0.2987125,0.19803500000000002,0.106295,0.71770465,0.2108043,0.482642,97,14,0,1,1229,26.609587,127.87507,0.31989926,-9999,13.420283992316172,0,0.30479516005143525,52
-8154906,2026,5.0,38.95993387226365,-120.50899536463382,0.058554999999999996,0.07952375,0.09107374999999998,0.23671375,0.24016500000000002,0.178675,0.4344348,-0.0065579293,0.1368579,89,14,0,1,1591,6.221177,287.27747,0.31989926,-9999,12.731799554312147,0,0.24654198730630533,52
-8153109,2026,5.0,38.97790017794604,-120.50899536463382,0.0632575,0.08766374999999998,0.0992825,0.26583625,0.24309375,0.17298249999999998,0.45567366,0.03461392,0.20461395,39,14,0,1,1581,6.0149164,261.16257,0.3307983,-9999,12.731799554312147,0,0.21758772265166043,52
-8151313,2026,5.0,38.99586648362843,-120.50899536463382,0.05119874999999999,0.07299249999999999,0.079785,0.25379125,0.22636,0.16290374999999999,0.51690745,0.05447938,0.21397348,100,14,0,1,1614,3.0200624,232.14606,0.3307983,-9999,12.731799554312147,0,0.229560540150851,52
-8144126,2026,5.0,39.06773170635799,-120.50899536463382,0.026641250000000005,0.0445025,0.02910249999999999,0.26700500000000005,0.14152250000000002,0.0693075,0.80231047,0.29777655,0.58733463,95,1,0,1,1354,32.263725,304.34216,0.32429403,-9999,12.33967820854599,0,0.319948458019644,52
-8142330,2026,5.0,39.08569801204038,-120.50899536463382,0.03361249999999999,0.06412375000000001,0.050525,0.36960750000000003,0.194405,0.10063,0.7593366,0.31048477,0.57180256,95,1,0,1,1679,29.282084,153.4943,0.32429403,-9999,12.33967820854599,0,0.23718633940443395,52
-8140533,2026,5.0,39.103664317722775,-120.50899536463382,0.013977500000000004,0.041463749999999994,0.02433125,0.29226375,0.08340125000000001,0.038122500000000004,0.8448021,0.5466733,0.7602787,95,2,0,1,1626,22.960175,327.20523,0.32429403,-9999,12.33967820854599,0,0.2451471078209579,52
-8138736,2026,5.0,39.12163062340516,-120.50899536463382,0.030683749999999996,0.050470000000000015,0.040652499999999994,0.2816075,0.1512575,0.08226,0.74763656,0.29129705,0.547752,95,1,0,1,1751,17.574589,98.81977,0.32429403,-9999,12.33967820854599,0,0.20958683240626538,52
-8136940,2026,5.0,39.13959692908755,-120.50899536463382,0.035221249999999996,0.06500375,0.064715,0.301215,0.17706624999999998,0.10722999999999999,0.64895153,0.25979447,0.47419122,76,1,0,1,2015,22.963247,147.19196,0.29741707,-9999,12.33967820854599,0,0.24154433350832688,52
-8390265,2026,5.0,36.62431413355289,-120.52696167031621,0.10515374999999999,0.16011250000000002,0.19144875,0.23923,0.31799,0.2634025,0.11046732,-0.14002734,-0.044688605,88,15,0,1,120,1.4814904,51.25076,0.10618387,-9999,22.73820233909032,0,0.4451451277429307,52
-8305823,2026,5.0,37.46873050062524,-120.52696167031621,0.04486,0.0781075,0.07220875000000002,0.36331,0.22659375,0.12426625,0.6694063,0.23361073,0.49166277,84,17,0,1,55,8.879769,51.56154,0.13157459,-9999,20.8437550944667,0,0.5682082887894163,52
-8300434,2026,5.0,37.52262941767241,-120.52696167031621,0.03366749999999999,0.060383750000000014,0.04980999999999999,0.30088499999999996,0.18688375000000002,0.10679,0.7197591,0.2338224,0.47618926,85,5,0,1,84,1.4922489,51.58167,0.13157459,-9999,20.8437550944667,0,0.5211691918472449,52
-8262704,2026,5.0,37.899921837002616,-120.52696167031621,0.04145,0.07270374999999998,0.08664625000000001,0.28412375,0.23813,0.140065,0.5344074,0.10119389,0.35273397,96,8,0,1,353,4.482633,308.2764,0.14683336,-9999,17.906381102531213,0,0.8661129586398602,52
-8228568,2026,5.0,38.24128164496803,-120.52696167031621,0.03391499999999999,0.059091249999999984,0.04960375,0.30986375,0.196825,0.1107225,0.72424215,0.22644763,0.4749434,41,15,0,1,747,16.587114,168.01936,0.19295405,-9999,16.47178716351914,0,0.36888104894508916,52
-8226772,2026,5.0,38.25924795065042,-120.52696167031621,0.025403750000000003,0.04848999999999999,0.03409374999999999,0.28457750000000004,0.156565,0.0777225,0.7865213,0.28866005,0.5702186,98,16,0,1,788,9.831155,20.909836,0.21693768,-9999,15.741000768189792,0,0.3222472831606865,52
-8223178,2026,5.0,38.295180562015204,-120.52696167031621,0.03762750000000001,0.058912500000000007,0.06321625,0.233675,0.18813500000000002,0.12206624999999999,0.5735889,0.11172412,0.31994134,76,15,0,1,813,13.242781,241.21652,0.21693768,-9999,15.741000768189792,0,0.3117950271167185,52
-8203416,2026,5.0,38.492809924521495,-120.52696167031621,0.03593624999999999,0.05546124999999999,0.0564925,0.209475,0.1600575,0.10420499999999999,0.5800729,0.13254121,0.33569065,84,16,0,1,1111,11.525835,197.71414,0.32560614,-9999,14.580534748364528,0,0.6424295119054261,52
-8199822,2026,5.0,38.52874253588628,-120.52696167031621,0.023973750000000002,0.03941499999999999,0.02910249999999999,0.22477875000000003,0.11701999999999999,0.06233625000000001,0.7680393,0.30864275,0.5648326,85,8,0,1,1129,13.581353,250.42514,0.32560614,-9999,14.580534748364528,0,0.3959078731946647,52
-8196229,2026,5.0,38.56467514725106,-120.52696167031621,0.02724625,0.044241249999999996,0.03643125,0.21955375,0.1370125,0.07109499999999999,0.7101197,0.23399985,0.51717716,74,8,0,1,1195,12.820595,185.2196,0.3323395,-9999,13.86242528935918,0,0.3568907550282099,52
-8194432,2026,5.0,38.58264145293345,-120.52696167031621,0.041711250000000005,0.05737250000000002,0.050470000000000015,0.24664125,0.1739175,0.10490624999999998,0.66055405,0.16716744,0.4036596,90,21,0,1,1081,34.531223,228.79732,0.3323395,-9999,13.86242528935918,0,0.27050449832209517,52
-8192636,2026,5.0,38.60060775861584,-120.52696167031621,0.050992499999999996,0.08011499999999999,0.09792125000000002,0.26440625,0.28802875000000006,0.20793499999999998,0.4677452,-0.05125047,0.121735245,58,21,0,1,1229,9.26882,352.70825,0.3323395,-9999,13.86242528935918,0,0.3335396578616422,52
-8190839,2026,5.0,38.61857406429823,-120.52696167031621,0.06028750000000002,0.08545,0.10064375,0.2615325,0.28280375,0.19018375,0.44080713,-0.043741517,0.14681114,45,21,0,1,1261,8.964857,231.99886,0.3323395,-9999,13.86242528935918,0,0.39642433546807454,52
-8189042,2026,5.0,38.63654036998062,-120.52696167031621,0.0627075,0.0890525,0.09629874999999999,0.30928625000000004,0.24452375,0.16421,0.5250902,0.105697535,0.28681853,74,21,0,1,1192,10.096576,180.0,0.3323395,-9999,13.86242528935918,0,0.9235229755387359,52
-8187246,2026,5.0,38.654506675663015,-120.52696167031621,0.04930124999999999,0.07170000000000001,0.07654,0.24273625000000001,0.23044375,0.15261875,0.510256,0.018633995,0.22214417,99,21,0,1,1227,7.3788605,-0.0,0.32401097,-9999,13.914188352195197,0,0.27178908994590695,52
-8185449,2026,5.0,38.6724729813454,-120.52696167031621,0.055007500000000015,0.07751625000000001,0.07975749999999998,0.2409625,0.19587625000000003,0.1411925,0.5035594,0.10235891,0.25336796,96,21,0,1,1316,22.525349,200.48477,0.32401097,-9999,13.914188352195197,0,0.24035370564088226,52
-8183653,2026,5.0,38.69043928702779,-120.52696167031621,0.039855,0.05629999999999999,0.04783,0.2455825,0.15927375,0.09907625,0.6778638,0.2060725,0.42502534,100,21,0,1,1428,19.256279,303.78375,0.32401097,-9999,13.914188352195197,0,0.3210165845230222,52
-8180059,2026,5.0,38.72637189839257,-120.52696167031621,0.04081750000000001,0.0651275,0.06646124999999997,0.27652,0.18863,0.11642875,0.6060713,0.13937092,0.3767333,91,22,0,1,1206,17.02018,125.56972,0.32401097,-9999,13.914188352195197,0,0.3361987397961673,52
-8174669,2026,5.0,38.78027081543974,-120.52696167031621,0.021182499999999993,0.04226125,0.026929999999999996,0.27493875,0.10908625,0.055598749999999975,0.81859493,0.4260852,0.6635523,37,15,0,1,1169,12.328591,238.77075,0.32401097,-9999,13.94740197786723,0,0.3593105573795344,52
-8172873,2026,5.0,38.798237121122135,-120.52696167031621,0.047211249999999996,0.07381749999999998,0.1020875,0.25381875,0.24801625000000002,0.1587925,0.42924172,0.014731967,0.23842771,98,14,0,1,1346,3.5655956,270.0,0.32401097,-9999,13.94740197786723,0,0.22448523780331014,52
-8171076,2026,5.0,38.81620342680453,-120.52696167031621,0.058032500000000015,0.08401999999999998,0.09962625,0.2619175,0.2884825,0.21064375000000002,0.4566491,-0.04827132,0.115383685,80,14,0,1,1253,14.027374,93.71501,0.3270061,-9999,13.94740197786723,0,0.25391803220624015,52
-8167483,2026,5.0,38.852136038169306,-120.52696167031621,0.02479875000000001,0.04013,0.029295,0.1959725,0.1234275,0.06786375,0.7399634,0.22001797,0.48702335,100,15,0,1,1066,37.66163,274.81244,0.3270061,-9999,13.420283992316172,0,0.31625872948452044,52
-8163890,2026,5.0,38.888068649534084,-120.52696167031621,0.07387249999999998,0.10424625000000001,0.13378125000000002,0.2114,0.29864375,0.2420625,0.22529513,-0.17132153,-0.06381944,48,15,0,1,1464,5.8350606,322.3735,0.31989926,-9999,13.420283992316172,0,0.2848046396282457,52
-8162093,2026,5.0,38.90603495521648,-120.52696167031621,0.0355375,0.06028750000000002,0.04854499999999999,0.308805,0.19814500000000002,0.1052775,0.7279831,0.21695198,0.49107677,98,14,0,1,1459,9.430709,218.77003,0.31989926,-9999,13.420283992316172,0,0.2679970894629757,52
-8160296,2026,5.0,38.92400126089887,-120.52696167031621,0.028126250000000005,0.04538249999999999,0.034960000000000005,0.19369,0.11736374999999999,0.06967874999999998,0.69484085,0.24529673,0.47077045,100,15,0,1,1291,41.51169,317.01877,0.31989926,-9999,13.420283992316172,0,0.32346500642597675,52
-8158500,2026,5.0,38.94196756658126,-120.52696167031621,0.035221249999999996,0.06250125000000001,0.042715,0.37208250000000004,0.184175,0.09209124999999999,0.79389405,0.33748296,0.6029696,92,14,0,1,1345,25.341272,172.42387,0.31989926,-9999,13.420283992316172,0,0.2708702423144132,52
-8156703,2026,5.0,38.95993387226365,-120.52696167031621,0.04873749999999999,0.07249749999999999,0.08250749999999998,0.27896750000000003,0.22431125000000002,0.14791625,0.53535557,0.09792716,0.29641303,85,6,0,1,1551,1.8543341,180.0,0.31989926,-9999,12.731799554312147,0,0.2699120808392763,52
-8154906,2026,5.0,38.97790017794604,-120.52696167031621,0.064605,0.08568374999999998,0.0955425,0.247095,0.2569125,0.18726875,0.42188004,-0.032779615,0.11709514,94,14,0,1,1555,5.507241,239.75609,0.3307983,-9999,12.731799554312147,0,0.20204302333295346,52
-8145923,2026,5.0,39.06773170635799,-120.52696167031621,0.01927124999999999,0.04261875,0.027287499999999992,0.25856250000000003,0.11543875,0.05664374999999999,0.80243814,0.36553997,0.6309057,95,2,0,1,1533,17.562284,278.82642,0.32429403,-9999,12.33967820854599,0,0.34439085237681866,52
-8144127,2026,5.0,39.08569801204038,-120.52696167031621,0.014252500000000001,0.03042249999999999,0.02251625,0.176255,0.0870175,0.0464,0.7691822,0.3557494,0.585408,100,2,0,1,1540,12.609821,291.2113,0.32429403,-9999,12.33967820854599,0,0.18996418845888816,52
-8133347,2026,5.0,39.193495846134724,-120.52696167031621,0.032072500000000004,0.05729000000000001,0.055584999999999996,0.24566500000000002,0.16124,0.09463500000000002,0.63907164,0.2168953,0.4479535,85,8,0,1,1853,20.421242,-0.0,0.29741707,-9999,11.653028762981478,0,0.2575364129990339,52
-8131550,2026,5.0,39.211462151817116,-120.52696167031621,0.029171249999999996,0.05155625,0.048104999999999995,0.23104875,0.14688500000000002,0.08536749999999999,0.6618764,0.23632093,0.4718692,85,8,0,1,1683,19.88021,350.01846,0.2737787,-9999,11.653028762981478,0,0.28039765746022266,52
-8435180,2026,5.0,36.193122797175526,-120.54492797599859,0.02450999999999999,0.047554999999999986,0.04465374999999999,0.271735,0.131485,0.07190624999999998,0.7204489,0.352728,0.58776945,53,21,0,1,999,26.648455,-0.0,0.08779758,-9999,20.27049715595865,0,0.2543080205527636,52
-8392061,2026,5.0,36.62431413355289,-120.54492797599859,0.09409875000000001,0.13573375000000001,0.16427875,0.24328625,0.33692375,0.27190000000000003,0.19054331,-0.16620672,-0.05483281,77,22,0,1,131,2.4889052,68.13532,0.10618387,-9999,22.73820233909032,0,0.5186643407035333,52
-8386671,2026,5.0,36.678213050600064,-120.54492797599859,0.07557749999999999,0.12080125,0.14016125,0.3014075,0.2761075,0.22691,0.37083414,0.04309403,0.14024922,77,20,0,1,105,1.482121,128.72968,0.11836621,-9999,22.453195723666965,0,0.3914670294437271,52
-8309416,2026,5.0,37.450764194942856,-120.54492797599859,0.04113375,0.06879874999999999,0.0713425,0.2601025,0.25128875,0.16433375,0.56948584,0.032959405,0.24415393,41,17,0,1,75,0.92740995,-0.0,0.13157459,-9999,20.8437550944667,0,0.871517521639665,52
-8302230,2026,5.0,37.52262941767241,-120.54492797599859,0.0338875,0.06147,0.05040125000000001,0.33230375,0.194185,0.10866,0.73415965,0.25717187,0.5031259,69,13,0,1,82,2.9824762,128.41833,0.13157459,-9999,20.8437550944667,0,0.5411982865383228,52
-8298636,2026,5.0,37.5585620290372,-120.54492797599859,0.034519999999999995,0.06404125,0.05535124999999999,0.30987750000000003,0.2076325,0.1256275,0.69827944,0.20008864,0.42520592,56,4,0,1,96,2.7802885,180.0,0.1338156,-9999,20.252141981227453,0,0.5885428025832643,52
-8230364,2026,5.0,38.24128164496803,-120.54492797599859,0.029198749999999996,0.04807750000000001,0.04336124999999999,0.2279825,0.16004375,0.0924075,0.68040246,0.17458764,0.4234499,48,16,0,1,706,12.805413,265.91595,0.19295405,-9999,16.47178716351914,0,0.37864540468739427,52
-8228568,2026,5.0,38.25924795065042,-120.54492797599859,0.023011249999999997,0.047816250000000005,0.025073749999999992,0.33482,0.15754125,0.07098500000000002,0.85854626,0.35990673,0.649616,91,16,0,1,686,25.895086,14.761323,0.21693768,-9999,15.741000768189792,0,0.36418133731121605,52
-8224974,2026,5.0,38.295180562015204,-120.54492797599859,0.023987499999999995,0.04228875,0.029679999999999998,0.22031,0.12467875,0.0656225,0.760633,0.2790079,0.5399954,94,16,0,1,779,25.2286,322.20358,0.21693768,-9999,15.741000768189792,0,0.3512637018720852,52
-8199822,2026,5.0,38.546708841568666,-120.54492797599859,0.029927499999999996,0.05092375000000002,0.0431275,0.29306125000000005,0.17126375,0.088585,0.7459427,0.25774458,0.53603137,53,7,0,1,1136,25.257551,217.893,0.32560614,-9999,14.580534748364528,0,0.31273618367101463,52
-8198025,2026,5.0,38.56467514725106,-120.54492797599859,0.022227499999999997,0.04085875,0.022598749999999987,0.25412124999999997,0.11101124999999998,0.052614999999999995,0.829456,0.39185295,0.65833926,100,18,0,1,1125,16.379318,34.297714,0.3323395,-9999,13.86242528935918,0,0.36167138199443405,52
-8192635,2026,5.0,38.61857406429823,-120.54492797599859,0.033337500000000006,0.04950749999999998,0.039167499999999994,0.21782125,0.14849375,0.08235624999999999,0.6995197,0.18432102,0.44335842,99,22,0,1,1063,14.324719,139.52722,0.3323395,-9999,13.86242528935918,0,0.3271828673536047,52
-8190838,2026,5.0,38.63654036998062,-120.54492797599859,0.03024375,0.0502775,0.035922499999999996,0.271185,0.16106125,0.0840475,0.7578256,0.25757417,0.51627594,85,5,0,1,1136,26.084972,313.97714,0.3323395,-9999,13.86242528935918,0,0.5588209538466551,52
-8187245,2026,5.0,38.6724729813454,-120.54492797599859,0.04761,0.061332499999999984,0.0598475,0.18850625,0.19375875,0.12913375,0.5184206,-2.1474065E-4,0.20160535,63,21,0,1,1116,29.22075,162.74994,0.32401097,-9999,13.914188352195197,0,0.27417350159958004,52
-8183652,2026,5.0,38.708405592710186,-120.54492797599859,0.04562999999999999,0.0710675,0.07125999999999999,0.2920025,0.21262375,0.12967,0.5999772,0.1498031,0.3780757,41,22,0,1,1156,4.7762527,165.6246,0.32401097,-9999,13.914188352195197,0,0.3465292681718156,52
-8180059,2026,5.0,38.744338204074964,-120.54492797599859,0.03315875,0.05210624999999999,0.050456249999999994,0.227405,0.15831125,0.0922425,0.63683397,0.17676921,0.42061228,95,19,0,1,1214,5.1331587,223.8786,0.32401097,-9999,13.914188352195197,0,0.38728324031191214,52
-8176465,2026,5.0,38.78027081543974,-120.54492797599859,0.034093750000000006,0.05283499999999999,0.03659625,0.32592375,0.17371125,0.08300249999999998,0.7982187,0.30645794,0.59605753,100,14,0,1,1009,26.49904,204.6143,0.32401097,-9999,13.94740197786723,0,0.3037523091035454,52
-8174669,2026,5.0,38.798237121122135,-120.54492797599859,0.027782499999999988,0.04611124999999999,0.0341075,0.2396975,0.13735624999999999,0.07260749999999999,0.75333166,0.26743874,0.5401848,85,15,0,1,1313,6.000163,278.8595,0.32401097,-9999,13.94740197786723,0,0.3397045030258596,52
-8172872,2026,5.0,38.81620342680453,-120.54492797599859,0.0398,0.06954125,0.05812874999999998,0.33620875,0.19738875,0.1131975,0.70260656,0.25399393,0.49048272,100,14,0,1,1341,21.057253,59.69921,0.3270061,-9999,13.94740197786723,0,0.23742975620552897,52
-8171076,2026,5.0,38.83416973248691,-120.54492797599859,0.03500125,0.05668500000000001,0.05731749999999999,0.26107875,0.18559125,0.1078625,0.63590646,0.16499093,0.41029486,56,15,0,1,1413,8.371818,171.88211,0.3270061,-9999,13.94740197786723,0,0.324129912795292,52
-8167482,2026,5.0,38.8701023438517,-120.54492797599859,0.05826625000000002,0.07916625000000002,0.09081249999999999,0.21377875,0.2609825,0.18908375,0.39618024,-0.10720739,0.058679644,94,15,0,1,1408,22.64065,85.54811,0.3270061,-9999,13.420283992316172,0,0.4443854038559255,52
-8163889,2026,5.0,38.90603495521648,-120.54492797599859,0.027865,0.055694999999999995,0.04333374999999999,0.32835749999999997,0.15365,0.07948250000000001,0.7667034,0.34921426,0.6053989,98,14,0,1,1423,15.428292,355.67715,0.31989926,-9999,13.420283992316172,0,0.32286216753224534,52
-8162092,2026,5.0,38.92400126089887,-120.54492797599859,0.03176999999999999,0.049507499999999996,0.040185,0.24907500000000002,0.158765,0.08850250000000001,0.723612,0.22291024,0.47572613,93,14,0,1,914,30.986895,284.0397,0.31989926,-9999,13.420283992316172,0,0.2989246024646693,52
-8160296,2026,5.0,38.94196756658126,-120.54492797599859,0.06140124999999999,0.08001875,0.08875,0.23181875,0.253035,0.183405,0.43096724,-0.05348833,0.10178965,80,14,0,1,1489,2.5572686,68.749435,0.31989926,-9999,13.420283992316172,0,0.20420121923089027,52
-8153109,2026,5.0,39.01383278931082,-120.54492797599859,0.03916750000000001,0.06035625,0.056891250000000004,0.25634875,0.17870250000000001,0.115755,0.6269474,0.16152424,0.3545263,36,23,0,1,1480,30.420525,112.703514,0.3307983,-9999,12.731799554312147,0,0.256744340483454,52
-8147719,2026,5.0,39.06773170635799,-120.54492797599859,0.02604999999999999,0.04652375,0.038246249999999996,0.25852125000000004,0.12906499999999999,0.06961,0.742216,0.33028412,0.5693462,98,20,0,1,1616,24.001646,100.47332,0.32429403,-9999,12.33967820854599,0,0.2700132901780307,52
-8145923,2026,5.0,39.08569801204038,-120.54492797599859,0.05447125,0.07218125,0.08422625,0.22813375,0.24174625,0.1713325,0.44894093,-0.021682676,0.14829747,100,20,0,1,1750,14.365766,145.25046,0.32429403,-9999,12.33967820854599,0,0.2563972186395212,52
-8140533,2026,5.0,39.13959692908755,-120.54492797599859,0.0355925,0.05888500000000002,0.05811499999999997,0.2644475,0.16893999999999998,0.10057500000000003,0.64117306,0.22067112,0.44295907,96,14,0,1,1752,6.2355175,287.23618,0.29741707,-9999,12.33967820854599,0,0.31352657987736166,52
-8138736,2026,5.0,39.157563234769945,-120.54492797599859,0.03766875,0.06223999999999999,0.06813875,0.21853625000000002,0.16966875,0.10991124999999999,0.525965,0.12022481,0.31748697,98,14,0,1,1845,27.801697,299.42017,0.29741707,-9999,11.653028762981478,0,0.2005628765715907,52
-8135143,2026,5.0,39.193495846134724,-120.54492797599859,0.051102499999999995,0.0863025,0.10079500000000002,0.277235,0.228725,0.1536225,0.46013063,0.097776264,0.29173583,37,8,0,1,1969,5.1201286,291.18173,0.29741707,-9999,11.653028762981478,0,0.34673899941146374,52
-8133346,2026,5.0,39.211462151817116,-120.54492797599859,0.02307999999999999,0.04408999999999999,0.029707499999999998,0.2395875,0.11905500000000002,0.06204749999999998,0.787794,0.3403577,0.6154319,90,8,0,1,1432,32.39106,336.72214,0.2737787,-9999,11.653028762981478,0,0.3001950919966806,52
-8338163,2026,5.0,37.181269609706995,-120.56289428168098,0.029899999999999996,0.051776249999999996,0.04428249999999999,0.32430125,0.13862125,0.07468375,0.7597224,0.40255612,0.62666893,91,1,0,1,35,1.1639631,90.0,0.15582399,-9999,22.631562764157536,0,0.8116120496035918,52
-8305823,2026,5.0,37.50466311199003,-120.56289428168098,0.054801249999999996,0.08039000000000002,0.09830625000000001,0.24734250000000002,0.29205749999999997,0.23312500000000003,0.42052302,-0.08013028,0.043105043,91,23,0,1,76,4.4680157,51.57492,0.14313972,-9999,21.09705755582422,0,0.5535820481926202,52
-8230365,2026,5.0,38.25924795065042,-120.56289428168098,0.025224999999999984,0.04668875,0.02904749999999999,0.28101624999999997,0.14618375,0.07248374999999999,0.8136146,0.31265143,0.58880574,87,16,0,1,667,31.102167,329.16415,0.1988381,-9999,16.491454922255684,0,0.2681115193535452,52
-8228568,2026,5.0,38.27721425633281,-120.56289428168098,0.029240000000000002,0.04833875,0.0427425,0.25293875,0.14384625,0.08549124999999999,0.71168226,0.2766664,0.4961677,75,15,0,1,803,8.9390335,231.86728,0.1988381,-9999,16.491454922255684,0,0.5612537789603939,52
-8226771,2026,5.0,38.295180562015204,-120.56289428168098,0.03029875,0.054430000000000006,0.051941249999999994,0.21732625,0.14196250000000002,0.09022125,0.61738694,0.21156637,0.41330528,41,15,0,1,745,23.6073,202.18234,0.1988381,-9999,16.491454922255684,0,0.3341195050465024,52
-8224975,2026,5.0,38.3131468676976,-120.56289428168098,0.030312500000000006,0.06050750000000002,0.05086874999999999,0.3311075,0.202875,0.10801374999999999,0.72795296,0.23995753,0.5103769,87,15,0,1,806,3.7047918,-0.0,0.1988381,-9999,16.491454922255684,0,0.2963340640777633,52
-8199822,2026,5.0,38.56467514725106,-120.56289428168098,0.048132499999999995,0.06816625000000001,0.082645,0.2362325,0.25923625000000006,0.17653,0.48272175,-0.039863307,0.15237415,100,18,0,1,1086,7.362932,28.727688,0.29007617,-9999,15.10360997517904,0,0.20391815323382617,52
-8198025,2026,5.0,38.58264145293345,-120.56289428168098,0.06677749999999999,0.09169250000000001,0.1137475,0.259745,0.33130000000000004,0.22472375,0.39567623,-0.11490776,0.07318266,52,22,0,1,1064,10.839603,40.45854,0.29007617,-9999,15.10360997517904,0,0.3184543853159994,52
-8196229,2026,5.0,38.60060775861584,-120.56289428168098,0.031632499999999994,0.04847625,0.04219250000000001,0.217065,0.16407249999999998,0.09119750000000001,0.6737006,0.13423824,0.39504212,97,22,0,1,1090,8.300559,276.3704,0.29007617,-9999,15.10360997517904,0,0.2905496304766053,52
-8178262,2026,5.0,38.78027081543974,-120.56289428168098,0.031604999999999994,0.05202375000000001,0.02888249999999999,0.42079875,0.1776575,0.07357,0.8707241,0.40893507,0.70176554,75,14,0,1,895,10.992985,180.0,0.30197063,-9999,14.781383727699222,0,0.3987562722038655,52
-8176466,2026,5.0,38.798237121122135,-120.56289428168098,0.04235749999999999,0.06433,0.051721249999999996,0.34626,0.218,0.11450374999999999,0.7392431,0.23277718,0.5072082,87,14,0,1,1240,6.5826154,147.31769,0.30197063,-9999,14.781383727699222,0,0.3346859480000355,52
-8172873,2026,5.0,38.83416973248691,-120.56289428168098,0.026311249999999994,0.05517250000000001,0.04649624999999999,0.3173575,0.1507075,0.08166874999999998,0.74517626,0.35912463,0.59347814,41,14,0,1,1384,4.6273675,180.0,0.3322211,-9999,14.781383727699222,0,0.28120280714019347,52
-8171076,2026,5.0,38.852136038169306,-120.56289428168098,0.05617625000000001,0.07726875,0.08687999999999999,0.21639125,0.21619875,0.14931875,0.41815034,-0.002429474,0.18146487,93,15,0,1,1499,7.5044055,232.08974,0.3322211,-9999,14.197304846650809,0,0.3018479983469373,52
-8169279,2026,5.0,38.8701023438517,-120.56289428168098,0.06467375,0.08942375,0.11219375000000001,0.23000375,0.2904625,0.21206000000000003,0.3443898,-0.12051868,0.037980646,100,15,0,1,1444,7.624818,248.72981,0.3322211,-9999,14.197304846650809,0,0.504173194279983,52
-8165686,2026,5.0,38.90603495521648,-120.56289428168098,0.035345,0.05451249999999999,0.04014374999999999,0.2433825,0.16570875,0.091555,0.7144951,0.1896562,0.4530589,100,15,0,1,1288,27.553495,6.869545,0.3536286,-9999,14.197304846650809,0,0.2687388683767303,52
-8163889,2026,5.0,38.92400126089887,-120.56289428168098,0.04299,0.06384875000000001,0.05609375,0.29152125,0.19039,0.11112125,0.6804673,0.20872298,0.4515454,96,14,0,1,1240,16.81413,204.40211,0.3536286,-9999,14.197304846650809,0,0.24376198409923486,52
-8162093,2026,5.0,38.94196756658126,-120.56289428168098,0.02435875,0.04624874999999999,0.0262975,0.31548750000000003,0.13704,0.0630375,0.8462892,0.3870169,0.6629396,99,16,0,1,1419,5.5051756,300.2565,0.3536286,-9999,14.197304846650809,0,0.2406609209254384,52
-8145923,2026,5.0,39.103664317722775,-120.56289428168098,0.03691249999999999,0.05335749999999999,0.05169374999999998,0.21212875,0.15527249999999998,0.09624375000000002,0.61368704,0.16023594,0.37670147,98,14,0,1,1635,15.206087,57.588043,0.3519842,-9999,13.520305518693817,0,0.21040669988308633,52
-8144126,2026,5.0,39.12163062340516,-120.56289428168098,0.043539999999999995,0.06336750000000002,0.07202999999999998,0.24880000000000002,0.1923975,0.12516,0.5481888,0.1285583,0.32706058,91,14,0,1,1599,11.237482,192.12456,0.3519842,-9999,13.520305518693817,0,0.2913688672706485,52
-8140533,2026,5.0,39.157563234769945,-120.56289428168098,0.0474175,0.07659500000000002,0.07599,0.3022875,0.21084999999999998,0.13230999999999998,0.59823143,0.17819297,0.39053404,85,13,0,1,1637,25.32967,218.13185,0.3245572,-9999,12.674358253068817,0,0.24684147567798695,52
-8136940,2026,5.0,39.193495846134724,-120.56289428168098,0.034574999999999995,0.05987500000000001,0.062102500000000005,0.2500375,0.17752,0.1075875,0.60771894,0.17605338,0.3994405,99,8,0,1,1783,22.307217,221.4392,0.3245572,-9999,12.674358253068817,0,0.23279018975639096,52
-8135143,2026,5.0,39.211462151817116,-120.56289428168098,0.029404999999999987,0.04794000000000001,0.031192499999999984,0.309575,0.1548875,0.07260749999999999,0.8226378,0.32455397,0.6208759,95,7,0,1,1176,26.280497,332.26407,0.3054624,-9999,12.674358253068817,0,0.2635418259103418,52
-8133347,2026,5.0,39.22942845749951,-120.56289428168098,0.038122500000000004,0.05731750000000002,0.055942500000000006,0.2081,0.1805175,0.1173225,0.58730775,0.07097596,0.27895275,95,8,0,1,1398,18.434153,70.125626,0.3054624,-9999,12.674358253068817,0,0.28922155660323123,52
-8395655,2026,5.0,36.62431413355289,-120.58086058736338,0.10007999999999997,0.14258125000000002,0.18581124999999998,0.2755025,0.40369375,0.30351125,0.19439302,-0.19015312,-0.04599366,66,22,0,1,152,1.4814904,231.25076,0.09749457,-9999,21.95945412420457,0,0.6307415415604527,52
-8393858,2026,5.0,36.642280439235286,-120.58086058736338,0.09095,0.138855,0.17052125,0.23132375,0.33670375,0.27588749999999995,0.15061271,-0.18627651,-0.08304156,70,22,0,1,133,1.4816982,51.257214,0.09749457,-9999,21.95945412420457,0,1.0492661483944035,52
-8307620,2026,5.0,37.50466311199003,-120.58086058736338,0.0428525,0.07361124999999999,0.07557750000000002,0.30844750000000004,0.23236875,0.144245,0.60764605,0.142637,0.36446074,41,20,0,1,81,3.961443,117.87296,0.14313972,-9999,21.09705755582422,0,0.8005163896083832,52
-8241145,2026,5.0,38.16941642223847,-120.58086058736338,0.032278749999999995,0.05056625000000001,0.04475,0.24790625,0.16812875,0.09097750000000002,0.69523734,0.19161129,0.46481064,32,16,0,1,463,3.6432652,220.29712,0.1791367,-9999,16.888514209050015,0,0.37789402054622767,52
-8233958,2026,5.0,38.24128164496803,-120.58086058736338,0.028731249999999986,0.05012624999999998,0.04545125,0.29792874999999996,0.1835975,0.0985125,0.73527396,0.22673972,0.49445477,41,16,0,1,718,3.0198946,22.996698,0.1791367,-9999,16.888514209050015,0,0.6434392164582792,52
-8228568,2026,5.0,38.295180562015204,-120.58086058736338,0.0277825,0.049672499999999994,0.04117499999999999,0.24874500000000002,0.14205874999999998,0.07831375000000002,0.71958387,0.27667636,0.52747226,50,16,0,1,669,12.41399,48.55772,0.1988381,-9999,16.491454922255684,0,0.4211934212919163,52
-8226772,2026,5.0,38.3131468676976,-120.58086058736338,0.02372624999999999,0.05035999999999999,0.04404875,0.2477275,0.13592625,0.073625,0.7031547,0.30163392,0.5515035,84,16,0,1,779,37.851635,280.80536,0.1988381,-9999,16.491454922255684,0,0.38054302478717134,52
-8221382,2026,5.0,38.36704578474477,-120.58086058736338,0.023396250000000007,0.046702499999999994,0.0322925,0.29126,0.15378750000000002,0.0748075,0.79901266,0.30025208,0.5887596,85,16,0,1,815,11.053381,353.93307,0.22556189,-9999,15.969889167047313,0,0.35923874298376696,52
-8199822,2026,5.0,38.58264145293345,-120.58086058736338,0.027370000000000005,0.04783,0.024716249999999995,0.36001,0.14601874999999997,0.06322999999999998,0.87325114,0.42299443,0.7050208,95,14,0,1,1091,8.962103,308.01514,0.29007617,-9999,15.10360997517904,0,0.3750315146520734,52
-8187246,2026,5.0,38.708405592710186,-120.58086058736338,0.02745249999999999,0.035675,0.029226249999999995,0.14963500000000002,0.09286125,0.0564375,0.6604728,0.2176179,0.43740237,95,2,0,1,1134,24.884356,306.38974,0.30197063,-9999,15.131289746684445,0,0.46350273427863914,52
-8183653,2026,5.0,38.744338204074964,-120.58086058736338,0.027851250000000008,0.042921249999999994,0.03166000000000001,0.23478875000000002,0.123785,0.0627625,0.7599692,0.308993,0.56971675,85,17,0,1,1125,18.398056,240.87756,0.30197063,-9999,15.131289746684445,0,1.2895842611789703,52
-8180059,2026,5.0,38.78027081543974,-120.58086058736338,0.03010625,0.05425125,0.028167499999999998,0.34819875,0.15002,0.06839999999999999,0.8499818,0.39419413,0.6708468,100,15,0,1,1080,17.253841,312.65408,0.30197063,-9999,14.781383727699222,0,0.2880823086947203,52
-8178263,2026,5.0,38.798237121122135,-120.58086058736338,0.029556250000000006,0.04377375,0.02745249999999999,0.23927125,0.12918875,0.06321625,0.79539627,0.29662627,0.58158135,95,15,0,1,817,34.23152,334.69882,0.30197063,-9999,14.781383727699222,0,0.28927264726232915,52
-8176466,2026,5.0,38.81620342680453,-120.58086058736338,0.035042500000000004,0.05686374999999999,0.03926375,0.32239,0.17563625,0.08844749999999998,0.7784294,0.29388088,0.5659296,43,14,0,1,1014,24.93885,167.09164,0.3322211,-9999,14.781383727699222,0,0.2479325537569821,52
-8174670,2026,5.0,38.83416973248691,-120.58086058736338,0.016837500000000005,0.032801250000000004,0.020659999999999998,0.20537750000000002,0.08785625,0.043429999999999996,0.81967616,0.40054405,0.6500464,100,16,0,1,1430,19.79734,328.6964,0.3322211,-9999,14.781383727699222,0,0.2842209449920215,52
-8169280,2026,5.0,38.888068649534084,-120.58086058736338,0.05920125000000001,0.09011125,0.11612625000000001,0.24413875000000002,0.2616975,0.193855,0.35890207,-0.034710877,0.114803575,93,14,0,1,1382,5.547545,-0.0,0.3536286,-9999,14.197304846650809,0,0.21457669378391334,52
-8167483,2026,5.0,38.90603495521648,-120.58086058736338,0.036555000000000004,0.061689999999999995,0.042164999999999994,0.33304625,0.18735125,0.09167875,0.77493757,0.2806756,0.5678568,100,14,0,1,1345,9.26945,352.6773,0.3536286,-9999,14.197304846650809,0,0.29269564170390366,52
-8163890,2026,5.0,38.94196756658126,-120.58086058736338,0.05847250000000001,0.08081625,0.09195375,0.25087625,0.2522375,0.18374875,0.46613187,-0.0043933173,0.15854438,82,16,0,1,1317,19.105804,212.73515,0.3536286,-9999,14.197304846650809,0,0.2543350067920983,52
-8162093,2026,5.0,38.95993387226365,-120.58086058736338,0.02935,0.04811875,0.03317250000000001,0.27389375,0.14288375,0.07633375,0.7860866,0.30511832,0.56146973,94,23,0,1,1317,22.287735,213.96564,0.3536286,-9999,13.868541930824222,0,0.2703486463349116,52
-8160296,2026,5.0,38.97790017794604,-120.58086058736338,0.032361249999999994,0.04707375,0.03700874999999999,0.21419125,0.15767875,0.09170625000000002,0.70664185,0.13744465,0.38761824,97,23,0,1,1113,16.284298,175.91234,0.35121542,-9999,13.868541930824222,0,0.22192284216483435,52
-8158500,2026,5.0,38.99586648362843,-120.58086058736338,0.033530000000000004,0.04934250000000001,0.03787499999999999,0.26730750000000003,0.159095,0.08201249999999999,0.7565734,0.2630665,0.53685725,89,23,0,1,1262,19.602388,180.0,0.35121542,-9999,13.868541930824222,0,0.24228568328544497,52
-8147720,2026,5.0,39.103664317722775,-120.58086058736338,0.03988249999999999,0.05902249999999998,0.06122250000000001,0.23793750000000002,0.17807,0.10912749999999999,0.5868994,0.13936166,0.3662332,64,14,0,1,1576,3.5809743,270.0,0.3519842,-9999,13.520305518693817,0,0.20002656765282154,52
-8145923,2026,5.0,39.12163062340516,-120.58086058736338,0.03684375000000001,0.061593749999999975,0.0625425,0.27350874999999997,0.183075,0.11377499999999999,0.6260836,0.18836576,0.4084719,95,1,0,1,1596,6.2340713,252.75967,0.3519842,-9999,13.520305518693817,0,0.2312147244811058,52
-8142330,2026,5.0,39.157563234769945,-120.58086058736338,0.03484999999999999,0.05201,0.04857249999999999,0.23219,0.15513500000000002,0.091005,0.6573642,0.2030414,0.4483022,100,16,0,1,1571,9.48382,241.0195,0.3245572,-9999,12.674358253068817,0,0.24842163260715702,52
-8140534,2026,5.0,39.17552954045233,-120.58086058736338,0.03738,0.055337499999999984,0.05610749999999998,0.20592749999999999,0.1666025,0.10525000000000001,0.5711766,0.077758886,0.30056778,98,14,0,1,1542,17.198402,340.2862,0.3245572,-9999,12.674358253068817,0,0.23776225677945398,52
-8138737,2026,5.0,39.193495846134724,-120.58086058736338,0.030340000000000006,0.058348750000000005,0.052065,0.30518875,0.17613125,0.09937874999999999,0.70457274,0.24750444,0.49045533,95,8,0,1,1760,3.0261004,336.7275,0.3245572,-9999,12.674358253068817,0,0.26469909509813244,52
-8136940,2026,5.0,39.211462151817116,-120.58086058736338,0.03314500000000001,0.051734999999999975,0.03512499999999999,0.2956875,0.1624775,0.079125,0.79374206,0.2951346,0.58701384,95,8,0,1,931,20.538769,6.403433,0.3054624,-9999,12.674358253068817,0,0.25922437418590893,52
-8135144,2026,5.0,39.22942845749951,-120.58086058736338,0.03803999999999999,0.06457750000000001,0.06939000000000001,0.26288,0.194955,0.12353750000000002,0.57956797,0.13948862,0.34942764,72,8,0,1,1920,17.549147,239.21092,0.3054624,-9999,12.674358253068817,0,0.24296781473094597,52
-8237551,2026,5.0,38.22331533928564,-120.59882689304577,0.03490499999999999,0.06188250000000001,0.06144249999999998,0.2884,0.19776000000000002,0.12170874999999998,0.648241,0.18561369,0.40712175,52,16,0,1,696,23.363293,107.44491,0.1791367,-9999,16.888514209050015,0,0.3140058167602705,52
-8235754,2026,5.0,38.24128164496803,-120.59882689304577,0.02918499999999999,0.05118500000000001,0.03669249999999999,0.29688375,0.16573625,0.08589,0.78066975,0.2808551,0.5479399,72,16,0,1,677,4.8025193,78.89116,0.1791367,-9999,16.888514209050015,0,0.34405217562680657,52
-8233958,2026,5.0,38.25924795065042,-120.59882689304577,0.02177375000000001,0.050415000000000015,0.02437249999999999,0.37274250000000003,0.151945,0.06413749999999999,0.87815225,0.42087498,0.707277,87,16,0,1,612,20.677538,350.56854,0.1988381,-9999,16.491454922255684,0,0.34442673886761715,52
-8232161,2026,5.0,38.27721425633281,-120.59882689304577,0.02738375,0.045520000000000005,0.0372425,0.26129875,0.14115124999999998,0.07731000000000002,0.7474396,0.29919806,0.54579604,41,15,0,1,653,15.224881,245.39554,0.1988381,-9999,16.491454922255684,0,0.3532894993119914,52
-8230364,2026,5.0,38.295180562015204,-120.59882689304577,0.025554999999999994,0.048049999999999995,0.03622499999999999,0.26162875,0.146225,0.08038999999999999,0.75815153,0.2928638,0.53808916,50,15,0,1,727,6.5031676,244.78442,0.1988381,-9999,16.491454922255684,0,0.448491207688399,52
-8228568,2026,5.0,38.3131468676976,-120.59882689304577,0.021636249999999996,0.042357500000000006,0.024826249999999994,0.25258125,0.11942625000000001,0.05691874999999999,0.8210651,0.3517715,0.63263667,99,15,0,1,633,21.0217,337.92667,0.1988381,-9999,16.491454922255684,0,0.4007693672214042,52
-8226771,2026,5.0,38.33111317337998,-120.59882689304577,0.02694374999999999,0.05202375000000001,0.040955000000000005,0.26271500000000003,0.1585725,0.08638500000000002,0.7321345,0.25079295,0.5051027,60,16,0,1,678,22.566263,276.7109,0.22556189,-9999,16.491454922255684,0,0.351115578700873,52
-8223178,2026,5.0,38.36704578474477,-120.59882689304577,0.02467499999999999,0.05276624999999999,0.03153625,0.3083925,0.15354,0.07066875,0.81150305,0.33331117,0.6247126,94,16,0,1,604,24.22859,329.6907,0.22556189,-9999,15.969889167047313,0,0.3746421236012663,52
-8205212,2026,5.0,38.546708841568666,-120.59882689304577,0.02075624999999999,0.03621125,0.022612499999999994,0.24118250000000002,0.10901749999999999,0.05196874999999998,0.8275741,0.36816186,0.6418433,85,8,0,1,935,8.243913,270.0,0.2754159,-9999,15.269588847826924,0,0.24345631282776595,52
-8199822,2026,5.0,38.60060775861584,-120.59882689304577,0.03552374999999999,0.053398749999999995,0.038947499999999996,0.32490625,0.17908749999999998,0.09000125,0.7828287,0.28633186,0.56451946,64,22,0,1,961,35.572388,72.88801,0.29007617,-9999,15.10360997517904,0,0.2837367073485726,52
-8198025,2026,5.0,38.61857406429823,-120.59882689304577,0.0412575,0.06229499999999999,0.0593525,0.26391125,0.19952,0.11700624999999998,0.63817596,0.14922175,0.39456463,34,21,0,1,963,8.437657,236.93193,0.29007617,-9999,15.10360997517904,0,0.4801258792169392,52
-8192635,2026,5.0,38.6724729813454,-120.59882689304577,0.06430249999999998,0.0833325,0.09477249999999998,0.2253425,0.2483875,0.18868500000000002,0.40268233,-0.052706175,0.08542501,41,21,0,1,1073,20.450264,176.81253,0.30197063,-9999,15.131289746684445,0,0.24990586492986905,52
-8190839,2026,5.0,38.69043928702779,-120.59882689304577,0.052065,0.0710125,0.06218499999999999,0.28717625,0.21457625000000002,0.12910624999999998,0.6430252,0.14327055,0.37833226,52,21,0,1,879,42.12702,116.58081,0.30197063,-9999,15.131289746684445,0,0.41764521235600116,52
-8181855,2026,5.0,38.78027081543974,-120.59882689304577,0.03171499999999999,0.052092500000000014,0.04938374999999999,0.23187375,0.1603875,0.09121125,0.6538859,0.16771579,0.4207973,96,24,0,1,1155,8.614452,195.91092,0.30197063,-9999,14.781383727699222,0,0.34326910449280623,52
-8180059,2026,5.0,38.798237121122135,-120.59882689304577,0.05306875,0.07629250000000001,0.06982999999999998,0.30120125,0.2331525,0.14659625,0.6172242,0.1255748,0.34192833,42,15,0,1,877,19.633154,183.33788,0.30197063,-9999,14.781383727699222,0,0.3857011627405882,52
-8178262,2026,5.0,38.81620342680453,-120.59882689304577,0.023038749999999997,0.03956625,0.020797499999999997,0.26244,0.10886625000000003,0.04799500000000001,0.85134757,0.41376588,0.6901998,88,15,0,1,1139,18.247404,349.10303,0.3322211,-9999,14.781383727699222,0,0.23590261628851295,52
-8174669,2026,5.0,38.852136038169306,-120.59882689304577,0.0519275,0.08237,0.10448000000000002,0.2696175,0.23583375,0.17257,0.44426146,0.07005337,0.21961029,78,14,0,1,1356,8.741322,222.52708,0.3322211,-9999,14.197304846650809,0,0.2627460877632811,52
-8172872,2026,5.0,38.8701023438517,-120.59882689304577,0.05408625,0.07787374999999999,0.08875,0.26506625,0.2563075,0.17149750000000002,0.5014876,-0.00590982,0.19866705,100,15,0,1,1308,12.379571,16.50992,0.3322211,-9999,14.197304846650809,0,0.30022857096046207,52
-8171076,2026,5.0,38.888068649534084,-120.59882689304577,0.03271874999999999,0.05353625000000001,0.05707000000000001,0.2449775,0.1732025,0.10306375000000001,0.62217176,0.17166427,0.4077984,86,4,0,1,1382,3.0240712,336.81723,0.3536286,-9999,14.197304846650809,0,0.237546060411703,52
-8165686,2026,5.0,38.94196756658126,-120.59882689304577,0.036169999999999994,0.04986500000000001,0.044969999999999996,0.22898625,0.1712225,0.10053375,0.67778456,0.14403544,0.39294782,97,23,0,1,1119,17.734686,139.39879,0.3536286,-9999,14.197304846650809,0,0.31065624551847576,52
-8163889,2026,5.0,38.95993387226365,-120.59882689304577,0.044529999999999986,0.06047999999999998,0.05718000000000001,0.2646675,0.19105,0.12128250000000002,0.6439991,0.15136422,0.35226303,87,22,0,1,1291,23.228827,235.5458,0.3536286,-9999,13.868541930824222,0,0.26061111558228733,52
-8162092,2026,5.0,38.97790017794604,-120.59882689304577,0.0382875,0.0474175,0.04543749999999999,0.169215,0.14762750000000002,0.097385,0.58953017,0.07108194,0.26942986,100,23,0,1,1031,38.659977,352.52203,0.35121542,-9999,13.868541930824222,0,0.27398676868705524,52
-8160296,2026,5.0,38.99586648362843,-120.59882689304577,0.0503325,0.06376625,0.06937625,0.20833375,0.208155,0.1557125,0.48945335,-0.009039844,0.13009237,100,22,0,1,1411,7.3731637,208.87401,0.35121542,-9999,13.868541930824222,0,0.3281444376334548,52
-8142330,2026,5.0,39.17552954045233,-120.59882689304577,0.036967499999999986,0.052917500000000006,0.053137500000000004,0.24209000000000003,0.16478749999999998,0.09755000000000003,0.6516922,0.17964874,0.40613177,99,13,0,1,1679,6.634213,314.09854,0.3245572,-9999,12.674358253068817,0,0.34672632465220016,52
-8140533,2026,5.0,39.193495846134724,-120.59882689304577,0.022378750000000003,0.04799500000000001,0.0366375,0.28378000000000003,0.12379874999999999,0.059916250000000004,0.76456183,0.39456937,0.65972316,95,8,0,1,1501,16.515093,315.2146,0.3245572,-9999,12.674358253068817,0,0.27436101622879505,52
-8138736,2026,5.0,39.211462151817116,-120.59882689304577,0.023272499999999988,0.04074875,0.031096249999999992,0.2219325,0.13044,0.06593875000000002,0.75997704,0.25200105,0.53786576,95,8,0,1,890,36.140583,325.09894,0.3054624,-9999,12.674358253068817,0,0.3406807497482408,52
-8136940,2026,5.0,39.22942845749951,-120.59882689304577,0.03886500000000001,0.05937999999999999,0.06413750000000001,0.255125,0.18664999999999998,0.1166625,0.5982146,0.14732683,0.36471742,69,8,0,1,1759,23.70453,185.46237,0.3054624,-9999,12.674358253068817,0,0.4393957884901244,52
-8395655,2026,5.0,36.66024674491767,-120.61679319872816,0.05348125000000001,0.08976749999999997,0.09942000000000001,0.29674625,0.20915875,0.1474625,0.49836868,0.17349473,0.3364046,85,11,0,1,134,1.4819094,51.26377,0.110203095,-9999,22.04038017847205,0,0.4025941606467733,52
-8241145,2026,5.0,38.20534903360325,-120.61679319872816,0.04674375,0.07124625000000001,0.07887749999999999,0.224435,0.20882875,0.14601875,0.4841487,0.041766465,0.21692804,55,1,0,1,546,19.628244,119.952835,0.1791367,-9999,16.888514209050015,0,0.47274976942156044,52
-8233958,2026,5.0,38.27721425633281,-120.61679319872816,0.021306249999999985,0.04265999999999999,0.025252499999999997,0.26561625,0.1226025,0.057826249999999996,0.8247423,0.36520454,0.6426515,77,16,0,1,572,25.25335,319.0246,0.1988381,-9999,16.491454922255684,0,0.3129892175936181,52
-8232161,2026,5.0,38.295180562015204,-120.61679319872816,0.026792499999999997,0.04853125,0.038191249999999996,0.2408525,0.1444375,0.08032124999999998,0.7261178,0.2532195,0.5022131,45,15,0,1,608,19.493315,262.11475,0.1988381,-9999,16.491454922255684,0,0.3349984459401596,52
-8230365,2026,5.0,38.3131468676976,-120.61679319872816,0.02380874999999999,0.044846250000000004,0.026558749999999992,0.31357625,0.14112375000000002,0.06433,0.84300953,0.3776879,0.6590093,58,16,0,1,572,24.73594,10.318715,0.1988381,-9999,16.491454922255684,0,0.3339145029692546,52
-8226772,2026,5.0,38.349079479062375,-120.61679319872816,0.028882500000000005,0.04910874999999999,0.041285,0.2005375,0.14486375,0.08744375000000001,0.6568053,0.16266653,0.39261842,78,16,0,1,586,32.983196,287.41653,0.22556189,-9999,16.491454922255684,0,0.3123002379963344,52
-8205212,2026,5.0,38.56467514725106,-120.61679319872816,0.025403750000000003,0.04677125,0.03549624999999999,0.26156,0.14154999999999998,0.0717825,0.76107746,0.29989147,0.57100576,95,7,0,1,980,4.7756667,345.6522,0.29007617,-9999,15.10360997517904,0,0.22873300733044744,52
-8199822,2026,5.0,38.61857406429823,-120.61679319872816,0.03673375000000001,0.06181375,0.05397625,0.27059375,0.15454375,0.09539125000000001,0.661338,0.26681727,0.47078097,34,21,0,1,833,30.682993,236.93193,0.29007617,-9999,15.10360997517904,0,0.3662536515854299,52
-8194432,2026,5.0,38.6724729813454,-120.61679319872816,0.052917500000000006,0.07255249999999999,0.07873999999999998,0.2544925,0.2421175,0.154035,0.53668374,0.029165428,0.25999466,36,22,0,1,976,3.8895402,162.24426,0.30197063,-9999,15.131289746684445,0,0.35271623684093356,52
-8183652,2026,5.0,38.78027081543974,-120.61679319872816,0.029130000000000003,0.04432375000000001,0.03761375,0.25095875,0.14716,0.076595,0.731298,0.24575584,0.5173414,99,22,0,1,1037,9.003662,203.15132,0.30197063,-9999,14.781383727699222,0,0.3179066135082394,52
-8180059,2026,5.0,38.81620342680453,-120.61679319872816,0.031123750000000006,0.04600125000000001,0.032815,0.23401875,0.12404625000000002,0.06360125,0.7615976,0.32126415,0.58132905,98,14,0,1,1008,31.310013,208.56766,0.3322211,-9999,14.781383727699222,0,0.33520944993056,52
-8178263,2026,5.0,38.83416973248691,-120.61679319872816,0.025224999999999997,0.039607500000000004,0.027603749999999996,0.23363375,0.12531125,0.064385,0.78939325,0.31992447,0.57875603,100,15,0,1,1177,5.1988215,27.180609,0.3322211,-9999,14.781383727699222,0,0.3768243557285695,52
-8174669,2026,5.0,38.8701023438517,-120.61679319872816,0.060012499999999996,0.07915250000000001,0.08991874999999999,0.2261125,0.258535,0.17786375000000001,0.43096262,-0.067200996,0.12289431,100,19,0,1,1275,5.5010414,300.2818,0.3322211,-9999,14.197304846650809,0,0.2592626160942018,52
-8172873,2026,5.0,38.888068649534084,-120.61679319872816,0.05630000000000002,0.07805250000000002,0.09433249999999999,0.243135,0.26134,0.17675000000000002,0.4344115,-0.051224377,0.15571238,87,18,0,1,1341,5.936562,270.0,0.3536286,-9999,14.197304846650809,0,0.2378940550610423,52
-8169279,2026,5.0,38.92400126089887,-120.61679319872816,0.05987500000000001,0.08363499999999999,0.10947124999999999,0.2043325,0.306605,0.23615000000000003,0.29997674,-0.19082934,-0.06415386,100,23,0,1,1364,9.460305,60.93913,0.3536286,-9999,14.197304846650809,0,0.2526579746976495,52
-8162093,2026,5.0,38.99586648362843,-120.61679319872816,0.043484999999999996,0.06569125,0.07693875,0.20863625,0.19279625,0.13301125,0.47538784,0.04208762,0.2262408,90,10,0,1,1373,7.356045,255.47609,0.35121542,-9999,13.868541930824222,0,0.22682044915854932,52
-8156703,2026,5.0,39.049765400675604,-120.61679319872816,0.031275,0.052037500000000014,0.0416975,0.2959625,0.169655,0.0894375,0.7681814,0.3042649,0.56102407,87,19,0,1,1403,5.5113993,239.78145,0.3519842,-9999,13.868541930824222,0,0.28759955167770385,52
-8154906,2026,5.0,39.06773170635799,-120.61679319872816,0.04436499999999999,0.06295499999999998,0.07299250000000002,0.2013625,0.18821749999999998,0.1298625,0.46789744,0.03800559,0.21946043,95,1,0,1,1477,3.6624904,319.34854,0.3519842,-9999,13.520305518693817,0,0.30797471800311044,52
-8153110,2026,5.0,39.08569801204038,-120.61679319872816,0.03166000000000001,0.0508275,0.05144625,0.1931125,0.1698475,0.10905875000000001,0.57418305,0.09555822,0.30064043,97,23,0,1,1397,10.146533,111.21129,0.3519842,-9999,13.520305518693817,0,0.16909294405486436,52
-8147720,2026,5.0,39.13959692908755,-120.61679319872816,0.03571624999999999,0.053604999999999986,0.045863749999999995,0.2153325,0.14560625,0.08672875,0.65625036,0.19010916,0.42163152,100,14,0,1,1467,33.768974,272.77527,0.3245572,-9999,13.520305518693817,0,0.24844375301314436,52
-8145923,2026,5.0,39.157563234769945,-120.61679319872816,0.03903000000000001,0.054925,0.05371500000000001,0.2047175,0.16729,0.10426000000000002,0.6003125,0.122656636,0.3438077,99,14,0,1,1513,18.967278,283.62112,0.3245572,-9999,12.674358253068817,0,0.2966029762249926,52
-8144127,2026,5.0,39.17552954045233,-120.61679319872816,0.034464999999999996,0.05685000000000001,0.04332,0.27498,0.1652825,0.08352500000000002,0.7285241,0.24039537,0.5022106,93,13,0,1,1573,6.032935,232.21666,0.3245572,-9999,12.674358253068817,0,0.25893293661267863,52
-8142330,2026,5.0,39.193495846134724,-120.61679319872816,0.01477500000000001,0.032594999999999985,0.021375000000000005,0.200785,0.09039999999999998,0.04373250000000001,0.8194535,0.3985488,0.65090257,100,7,0,1,1266,26.13689,22.52567,0.3245572,-9999,12.674358253068817,0,0.26815188141620677,52
-8133347,2026,5.0,39.28332737454668,-120.61679319872816,0.043649999999999994,0.06969249999999999,0.07218125,0.2178625,0.1798025,0.12267125000000001,0.49430037,0.091209814,0.26860058,91,18,0,1,1906,22.247494,283.7354,0.3054624,-9999,11.706156913183065,0,0.2637441116992546,52
-8131550,2026,5.0,39.301293680229065,-120.61679319872816,0.05403125,0.0814075,0.0865775,0.2253425,0.21930625,0.15853125,0.43635324,0.01678222,0.17405052,78,1,0,1,1734,2.207425,212.86816,0.29626673,-9999,11.706156913183065,0,0.3238973378957737,52
-8458536,2026,5.0,36.0493923517164,-120.63475950441055,0.023904999999999996,0.04242625,0.037723749999999986,0.1828275,0.1438875,0.08623375,0.6603914,0.12299738,0.36283955,47,6,0,1,652,10.096576,-0.0,0.093345426,-9999,18.092384756765057,0,0.24835478535599328,52
-8393858,2026,5.0,36.69617935628246,-120.63475950441055,0.08964375,0.13897875,0.17368375000000003,0.22878,0.3228025,0.28648874999999996,0.12964383,-0.16134955,-0.10150876,71,17,0,1,120,1.1565804,90.0,0.110203095,-9999,22.04038017847205,0,0.3714212092012167,52
-8329179,2026,5.0,37.34296636084851,-120.63475950441055,0.03680249999999999,0.07068250000000001,0.05719374999999999,0.35979000000000005,0.21452125,0.11450374999999999,0.7255948,0.25345844,0.51864773,59,7,0,1,48,1.4900541,231.51468,0.14374276,-9999,22.070601112611882,0,3.121080243069193,52
-8314806,2026,5.0,37.486696806307634,-120.63475950441055,0.04279749999999999,0.07310250000000001,0.07383125000000001,0.314195,0.22651125,0.14805375,0.6215906,0.16550228,0.36243445,62,18,0,1,68,2.9815993,51.56828,0.14313972,-9999,21.09705755582422,0,1.0605704598128796,52
-8244737,2026,5.0,38.18738272792086,-120.63475950441055,0.02439999999999999,0.042164999999999994,0.03197625,0.24356125,0.13617375,0.06835875,0.7676131,0.2770213,0.56048506,56,2,0,1,436,19.234861,28.177774,0.1791367,-9999,16.888514209050015,0,0.8119407777674497,52
-8241144,2026,5.0,38.22331533928564,-120.63475950441055,0.03315875,0.05911875,0.05774374999999998,0.25639,0.18124625000000003,0.10904499999999998,0.631807,0.17540011,0.40739006,56,1,0,1,654,19.607298,100.47281,0.1791367,-9999,16.888514209050015,0,0.3115309889073528,52
-8239347,2026,5.0,38.24128164496803,-120.63475950441055,0.030752499999999988,0.04932874999999999,0.044557499999999986,0.21405375,0.1642925,0.09864999999999999,0.6621299,0.13833803,0.37762877,85,1,0,1,499,23.243998,230.15506,0.1791367,-9999,16.888514209050015,0,0.3068046442825686,52
-8235754,2026,5.0,38.27721425633281,-120.63475950441055,0.03289750000000001,0.05774375000000001,0.044805,0.2986025,0.18431250000000002,0.10102875,0.7401567,0.23875165,0.49611282,37,16,0,1,370,32.992012,79.94798,0.1988381,-9999,16.491454922255684,0,0.2982544624024913,52
-8233957,2026,5.0,38.295180562015204,-120.63475950441055,0.029336249999999994,0.05243625000000002,0.041656250000000006,0.2571875,0.16161125,0.08793874999999998,0.7222892,0.22899519,0.49132466,51,16,0,1,477,10.839263,300.48193,0.1988381,-9999,16.491454922255684,0,0.4217587767846205,52
-8223178,2026,5.0,38.402978396109546,-120.63475950441055,0.050964999999999996,0.06884000000000001,0.07570125,0.23803375,0.205405,0.12714,0.5178191,0.060409617,0.29207724,32,21,0,1,763,13.654457,222.86273,0.22556189,-9999,15.969889167047313,0,0.6253945347076902,52
-8199821,2026,5.0,38.63654036998062,-120.63475950441055,0.023093749999999996,0.04264625,0.0309175,0.2612025,0.11557624999999999,0.05836250000000001,0.78565884,0.3851635,0.63037306,56,8,0,1,892,7.1470966,82.582535,0.29007617,-9999,15.10360997517904,0,0.41901083751336526,52
-8185448,2026,5.0,38.78027081543974,-120.63475950441055,0.03044999999999999,0.048778749999999996,0.043251250000000005,0.2515225,0.1642925,0.0866325,0.70467764,0.20629631,0.48483342,78,22,0,1,977,7.9975367,216.24217,0.30197063,-9999,14.781383727699222,0,0.3304113856561127,52
-8183652,2026,5.0,38.798237121122135,-120.63475950441055,0.03622499999999999,0.05925625000000001,0.04831125,0.29209875,0.17296875,0.09404375000000001,0.7173712,0.25837696,0.5146533,33,15,0,1,850,35.74609,171.70432,0.30197063,-9999,14.781383727699222,0,0.31196231991052625,52
-8181855,2026,5.0,38.81620342680453,-120.63475950441055,0.048696249999999996,0.06900500000000001,0.06481125000000001,0.28032875,0.21270624999999999,0.13413875,0.63391185,0.14147356,0.35378617,100,14,0,1,1048,9.004351,203.16173,0.3322211,-9999,14.781383727699222,0,0.32842999545946006,52
-8180059,2026,5.0,38.83416973248691,-120.63475950441055,0.05101999999999998,0.0761,0.08092624999999998,0.32897625,0.25359875,0.16093749999999998,0.6088334,0.12954901,0.35102284,94,14,0,1,1253,14.479696,133.5934,0.3322211,-9999,14.781383727699222,0,0.3070132755674422,52
-8174669,2026,5.0,38.888068649534084,-120.63475950441055,0.031068750000000006,0.05040125000000001,0.0567675,0.2237475,0.17133250000000003,0.10728499999999999,0.5763955,0.099258326,0.31778485,53,19,0,1,1326,7.3788605,180.0,0.3536286,-9999,14.197304846650809,0,0.21518743801862,52
-8169279,2026,5.0,38.94196756658126,-120.63475950441055,0.021430000000000005,0.03187999999999999,0.018927499999999986,0.1723225,0.08503749999999999,0.043429999999999996,0.8020654,0.33915526,0.6020139,100,23,0,1,738,31.912815,332.1028,0.3536286,-9999,14.197304846650809,0,0.25931640090420843,52
-8167482,2026,5.0,38.95993387226365,-120.63475950441055,0.052559999999999996,0.06378,0.07202999999999998,0.1678675,0.2363425,0.18070999999999998,0.39274123,-0.1646305,-0.023593308,40,23,0,1,1307,9.843259,158.9029,0.3536286,-9999,13.868541930824222,0,0.289445268788508,52
-8163889,2026,5.0,38.99586648362843,-120.63475950441055,0.036843749999999995,0.060067500000000024,0.059338749999999996,0.24884125,0.18630625,0.11849124999999999,0.62021846,0.15224712,0.35403547,95,3,0,1,1234,30.475859,20.728542,0.35121542,-9999,13.868541930824222,0,0.27513050385529086,52
-8160296,2026,5.0,39.03179909499321,-120.63475950441055,0.054237499999999994,0.0709575,0.07906999999999997,0.19278250000000002,0.2358475,0.164705,0.41150206,-0.08884264,0.08109898,99,10,0,1,1196,25.02779,63.210026,0.35121542,-9999,13.868541930824222,0,0.22418433835818655,52
-8158499,2026,5.0,39.049765400675604,-120.63475950441055,0.040185,0.07062750000000001,0.07491750000000003,0.2615325,0.19569750000000002,0.13539,0.5618237,0.16025726,0.32866246,95,6,0,1,1251,29.601065,175.7917,0.3519842,-9999,13.868541930824222,0,0.30265267986966216,52
-8156702,2026,5.0,39.06773170635799,-120.63475950441055,0.028717500000000007,0.041092500000000004,0.035097500000000004,0.18035250000000003,0.12447249999999999,0.07423000000000002,0.68508655,0.16697434,0.4184854,99,23,0,1,1268,6.464861,-0.0,0.3519842,-9999,13.520305518693817,0,0.2891810756354105,52
-8154906,2026,5.0,39.08569801204038,-120.63475950441055,0.045795,0.05674000000000001,0.06595250000000002,0.16129500000000002,0.1948725,0.1432,0.4191437,-0.093683355,0.05587377,100,23,0,1,1378,29.903904,343.1361,0.3519842,-9999,13.520305518693817,0,0.2736803020350635,52
-8151312,2026,5.0,39.12163062340516,-120.63475950441055,0.060177499999999995,0.09459375,0.10507125,0.30122875000000005,0.23285,0.17042500000000002,0.47750464,0.121050335,0.26925334,43,13,0,1,1275,37.837517,151.08289,0.3519842,-9999,13.520305518693817,0,0.2694646477360617,52
-8149516,2026,5.0,39.13959692908755,-120.63475950441055,0.044090000000000004,0.06445374999999998,0.07515125,0.2157725,0.1978975,0.12624625,0.48426333,0.046678055,0.26577893,38,14,0,1,1477,9.864381,286.21725,0.3245572,-9999,13.520305518693817,0,0.2708288131524687,52
-8147719,2026,5.0,39.157563234769945,-120.63475950441055,0.031096249999999992,0.04872375000000001,0.049315,0.224545,0.13726,0.08032125000000001,0.62556803,0.21737601,0.46414757,33,23,0,1,1591,4.8618846,259.02914,0.3245572,-9999,12.674358253068817,0,0.2818313000554388,52
-8145923,2026,5.0,39.17552954045233,-120.63475950441055,0.053137500000000004,0.06650250000000002,0.078575,0.17301,0.22592,0.17936249999999998,0.3766293,-0.13151418,-0.022317465,70,23,0,1,1642,4.863064,79.031845,0.3245572,-9999,12.674358253068817,0,0.3162247591206561,52
-8142329,2026,5.0,39.211462151817116,-120.63475950441055,0.03166000000000001,0.06156625000000002,0.055475,0.31706875,0.20071625,0.11317000000000002,0.69880706,0.24152507,0.49124938,80,8,0,1,1547,28.858269,199.95036,0.3054624,-9999,12.674358253068817,0,0.2766387911270494,52
-8140533,2026,5.0,39.22942845749951,-120.63475950441055,0.021045000000000008,0.0352075,0.03303500000000001,0.193525,0.10382000000000002,0.057262499999999994,0.7218486,0.28939155,0.53127164,100,8,0,1,1644,15.554432,351.36407,0.3054624,-9999,12.674358253068817,0,0.3006445584310727,52
-8133346,2026,5.0,39.301293680229065,-120.63475950441055,0.045973749999999994,0.0657325,0.06756125000000002,0.243685,0.19645375,0.12987625,0.57743734,0.11153607,0.31399962,83,1,0,1,1679,9.49842,118.93083,0.29626673,-9999,11.706156913183065,0,0.44762615326114674,52
-8300433,2026,5.0,37.64839355744915,-120.65272581009293,0.055268750000000005,0.07762625000000001,0.07929,0.26437875,0.2360675,0.151945,0.53857565,0.048852216,0.2628575,99,9,0,1,71,1.4937986,308.3712,0.15489666,-9999,20.65678537840489,0,0.6938473031572674,52
-8296840,2026,5.0,37.684326168813925,-120.65272581009293,0.036953749999999994,0.06549875,0.05634124999999998,0.34236875,0.18369375000000002,0.09899375000000002,0.71770996,0.29127973,0.5433986,89,20,0,1,83,1.8543341,-0.0,0.15489666,-9999,20.050678712578247,0,0.5636563331050717,52
-8239348,2026,5.0,38.25924795065042,-120.65272581009293,0.02453749999999999,0.0471975,0.03993749999999999,0.21157875,0.1473525,0.0866325,0.6796561,0.18053472,0.4220825,53,15,0,1,491,14.635614,240.27072,0.17704523,-9999,17.050613083377982,0,0.3542048969221386,52
-8237551,2026,5.0,38.27721425633281,-120.65272581009293,0.045052499999999995,0.07711749999999998,0.0831125,0.30378625,0.23493999999999998,0.15074875000000001,0.5792393,0.13788232,0.34613252,41,16,0,1,517,7.470775,170.95268,0.17704523,-9999,17.050613083377982,0,0.5242586889388886,52
-8235754,2026,5.0,38.295180562015204,-120.65272581009293,0.03161875,0.05161125,0.046124999999999985,0.20962625000000001,0.15425499999999998,0.09422249999999999,0.6393632,0.15642689,0.3847359,77,15,0,1,452,25.350824,315.84906,0.17704523,-9999,17.050613083377982,0,0.40883249833825086,52
-8233958,2026,5.0,38.3131468676976,-120.65272581009293,0.025458750000000002,0.042701249999999996,0.035565,0.20904875,0.144795,0.07937250000000001,0.7045662,0.17669497,0.44398758,53,16,0,1,491,23.633434,289.44742,0.17704523,-9999,17.050613083377982,0,0.3844973272865727,52
-8232161,2026,5.0,38.33111317337998,-120.65272581009293,0.0309725,0.05321999999999999,0.04987875,0.24647625,0.17653000000000002,0.1011525,0.6641983,0.16634338,0.41899577,52,16,0,1,287,18.343172,338.07193,0.19622363,-9999,17.050613083377982,0,0.49145391060128096,52
-8226771,2026,5.0,38.38501209042715,-120.65272581009293,0.053605000000000014,0.07505499999999998,0.084735,0.2592225,0.24041250000000003,0.1617075,0.50865763,0.037161242,0.23471543,54,6,0,1,821,13.221541,195.2896,0.19622363,-9999,16.372870832873957,0,0.40395788928227766,52
-8181856,2026,5.0,38.83416973248691,-120.65272581009293,0.03178375,0.04431,0.03395624999999999,0.207385,0.1393775,0.07802500000000001,0.7188456,0.18732016,0.43968287,100,16,0,1,1037,25.431889,315.6343,0.31285685,-9999,15.728258202665643,0,0.27954319465373245,52
-8172872,2026,5.0,38.92400126089887,-120.65272581009293,0.046936249999999985,0.07152125000000001,0.08139375000000001,0.24306625,0.24572,0.173725,0.49619344,-0.015656233,0.16831197,95,3,0,1,1253,10.362821,346.84573,0.3458385,-9999,15.021786113451924,0,0.26528440817214904,52
-8171076,2026,5.0,38.94196756658126,-120.65272581009293,0.033530000000000004,0.04524500000000001,0.03287000000000001,0.22553499999999999,0.1387175,0.08434999999999998,0.75682473,0.23885903,0.47038543,99,23,0,1,940,29.35042,321.0091,0.3458385,-9999,15.021786113451924,0,0.24953257218003272,52
-8165686,2026,5.0,38.99586648362843,-120.65272581009293,0.04587749999999999,0.06917000000000001,0.08649499999999999,0.27839,0.237085,0.170205,0.53413075,0.08221171,0.2480108,89,19,0,1,1249,17.42451,191.484,0.3646767,-9999,14.643210634621255,0,0.2924310352261129,52
-8162093,2026,5.0,39.03179909499321,-120.65272581009293,0.036733749999999996,0.05185874999999998,0.040336250000000004,0.2271025,0.16064875,0.08986374999999999,0.68711936,0.17071998,0.4286248,75,23,0,1,626,41.52838,228.84998,0.3646767,-9999,14.643210634621255,0,0.23826615644716903,52
-8160296,2026,5.0,39.049765400675604,-120.65272581009293,0.04648250000000001,0.06674999999999998,0.06644749999999999,0.2519625,0.20389249999999998,0.13118249999999998,0.57283103,0.123872295,0.32443252,99,6,0,1,1187,30.733742,150.60503,0.37460998,-9999,14.643210634621255,0,0.3246690262109041,52
-8153109,2026,5.0,39.12163062340516,-120.65272581009293,0.05601125000000001,0.0832225,0.0894925,0.27312375,0.24125125000000003,0.1662725,0.50611156,0.06365996,0.2501155,90,14,0,1,1343,13.716166,223.15054,0.37460998,-9999,14.377761520877982,0,0.36332474005125137,52
-8151313,2026,5.0,39.13959692908755,-120.65272581009293,0.056877500000000025,0.08600000000000002,0.11746000000000001,0.211785,0.2741275,0.22066750000000002,0.30188873,-0.1296084,-0.006903366,100,20,0,1,1496,20.304869,336.74344,0.35780022,-9999,14.377761520877982,0,0.3166873701424761,52
-8126160,2026,5.0,39.39112520864102,-120.65272581009293,0.03959375,0.06342250000000002,0.07006375000000001,0.2573525,0.20326,0.132805,0.57895297,0.10877033,0.31124553,99,17,0,1,1768,8.771577,222.74548,0.31240064,-9999,12.355179825649486,0,0.3373121824115515,52
-8393858,2026,5.0,36.732111967647235,-120.67069211577532,0.09253125000000001,0.14212750000000002,0.17555375,0.2619175,0.3510725,0.28640625000000003,0.19736819,-0.14130536,-0.04086957,48,23,0,1,129,2.4919071,111.83695,0.11898059,-9999,21.44346422585113,0,0.3312004839104635,52
-8321993,2026,5.0,37.450764194942856,-120.67069211577532,0.0218975,0.04960375,0.03319999999999999,0.36964874999999997,0.15124374999999998,0.06736875,0.83375525,0.42504144,0.6929499,70,17,0,1,56,2.5123522,68.350006,0.15069695,-9999,21.284982833041965,0,1.40246835231781,52
-8316603,2026,5.0,37.50466311199003,-120.67069211577532,0.029391249999999994,0.05290375,0.04311374999999999,0.3237375,0.17907375,0.09577625000000001,0.76496637,0.28751594,0.54519415,78,17,0,1,60,2.5139158,248.36417,0.15069695,-9999,21.284982833041965,0,0.7610365276535352,52
-8313010,2026,5.0,37.540595723354805,-120.67069211577532,0.024138749999999987,0.04358124999999999,0.030615000000000003,0.36439625,0.16119875,0.07839625,0.8449867,0.38745266,0.6459647,59,18,0,1,76,2.5149662,291.62634,0.15333378,-9999,21.284982833041965,0,0.7266088615110873,52
-8311213,2026,5.0,37.5585620290372,-120.67069211577532,0.03607375,0.06727249999999999,0.06280374999999999,0.3239025,0.18874,0.11827125,0.67363113,0.26070476,0.4628084,89,12,0,1,74,1.4926891,231.59508,0.15333378,-9999,20.65678537840489,0,0.6613117780374445,52
-8309417,2026,5.0,37.57652833471958,-120.67069211577532,0.03819125000000001,0.06489375,0.06552625000000001,0.3073475,0.20918625000000002,0.13039875,0.6434753,0.19029585,0.40445217,60,15,0,1,85,1.8543341,-0.0,0.15333378,-9999,20.65678537840489,0,0.6410720633423846,52
-8242941,2026,5.0,38.24128164496803,-120.67069211577532,0.029377499999999987,0.05174874999999998,0.04253625,0.23616375,0.15611125,0.08498250000000002,0.6997459,0.21461314,0.47828037,45,15,0,1,393,26.4531,19.352968,0.16918194,-9999,17.49067262218847,0,0.4006326486955264,52
-8241145,2026,5.0,38.25924795065042,-120.67069211577532,0.0476375,0.0660625,0.07028374999999998,0.1972375,0.1942125,0.13977625000000002,0.4748554,0.0079882825,0.16875385,45,16,0,1,503,12.265598,121.41346,0.17704523,-9999,17.050613083377982,0,0.36192346567457373,52
-8239348,2026,5.0,38.27721425633281,-120.67069211577532,0.025664999999999993,0.04224749999999999,0.032333749999999994,0.1808475,0.1171025,0.06749250000000001,0.6937538,0.2131669,0.45706403,87,15,0,1,392,19.516249,291.43057,0.17704523,-9999,17.050613083377982,0,0.3593699811469941,52
-8212399,2026,5.0,38.546708841568666,-120.67069211577532,0.021498749999999997,0.03924999999999999,0.028634999999999994,0.25736625,0.12415625,0.05937999999999999,0.8003055,0.34926364,0.62686324,59,8,0,1,820,8.999209,336.91617,0.23476966,-9999,15.923058794903511,0,0.3246802294626832,52
-8189042,2026,5.0,38.78027081543974,-120.67069211577532,0.02470249999999999,0.043842500000000006,0.026269999999999988,0.2610375,0.11996250000000003,0.05654749999999997,0.824395,0.37298667,0.64835674,95,8,0,1,885,41.246113,25.231092,0.27965474,-9999,15.728258202665643,0,0.2968787568621337,52
-8183653,2026,5.0,38.83416973248691,-120.67069211577532,0.04369125,0.070215,0.08822750000000001,0.24045375000000002,0.2398075,0.15347125,0.46554038,-0.0037731929,0.23069507,95,8,0,1,1076,11.375687,235.72191,0.31285685,-9999,15.728258202665643,0,0.3013599967584014,52
-8181856,2026,5.0,38.852136038169306,-120.67069211577532,0.0474725,0.07390000000000002,0.09837499999999999,0.24109999999999998,0.2723125,0.19044499999999998,0.4381643,-0.060581747,0.13207094,100,24,0,1,1116,7.369721,208.8249,0.31285685,-9999,15.021786113451924,0,0.24817333053797483,52
-8178263,2026,5.0,38.888068649534084,-120.67069211577532,0.03346125,0.05533750000000001,0.05951749999999997,0.272175,0.18479375,0.11354125000000001,0.6363705,0.18585965,0.40754032,99,3,0,1,1229,7.370582,208.8372,0.3458385,-9999,15.021786113451924,0,0.29833277463912966,52
-8174669,2026,5.0,38.92400126089887,-120.67069211577532,0.041876250000000004,0.05668500000000001,0.04844875,0.2409625,0.17530625,0.11013125000000001,0.6802654,0.17373149,0.3887801,100,22,0,1,1220,8.988382,307.88214,0.3458385,-9999,15.021786113451924,0,0.20172228859737515,52
-8172873,2026,5.0,38.94196756658126,-120.67069211577532,0.044035000000000005,0.06646125,0.052175,0.36423125,0.21034124999999998,0.11651125000000001,0.7544063,0.2769975,0.5285922,99,9,0,1,1127,14.699079,189.13014,0.3458385,-9999,15.021786113451924,0,0.3020471009425819,52
-8171076,2026,5.0,38.95993387226365,-120.67069211577532,0.05317875,0.06958250000000002,0.06714875000000001,0.2227025,0.2018025,0.1454275,0.540519,0.055394877,0.21037973,33,22,0,1,661,43.36944,173.67374,0.3458385,-9999,14.643210634621255,0,0.2838006468489766,52
-8169279,2026,5.0,38.97790017794604,-120.67069211577532,0.029294999999999988,0.03914000000000001,0.030972499999999986,0.1739175,0.11064000000000002,0.07244250000000002,0.7030868,0.20873131,0.40298095,99,22,0,1,852,37.795135,313.5354,0.3646767,-9999,14.643210634621255,0,0.2750316221070917,52
-8167483,2026,5.0,38.99586648362843,-120.67069211577532,0.04035,0.06047999999999998,0.049177499999999985,0.2697275,0.18489,0.11014499999999999,0.6941436,0.2063445,0.43422222,45,22,0,1,882,36.613686,229.18799,0.3646767,-9999,14.643210634621255,0,0.2517524884082377,52
-8165686,2026,5.0,39.01383278931082,-120.67069211577532,0.037215,0.06056250000000002,0.04576749999999999,0.31367249999999997,0.18615500000000001,0.09834749999999998,0.74534,0.25869915,0.52146643,87,23,0,1,867,26.846506,47.807934,0.3646767,-9999,14.643210634621255,0,0.2869735892329897,52
-8158500,2026,5.0,39.08569801204038,-120.67069211577532,0.0295425,0.04223375,0.031549999999999995,0.20349375,0.12133750000000001,0.0685375,0.7470665,0.27472284,0.51720124,99,23,0,1,1302,22.899473,307.8187,0.37460998,-9999,14.377761520877982,0,0.3529438621957194,52
-8154906,2026,5.0,39.12163062340516,-120.67069211577532,0.05759249999999999,0.079235,0.090565,0.26189,0.2554,0.17152499999999998,0.48057258,0.02064771,0.21664384,91,22,0,1,1451,2.7802885,-0.0,0.37460998,-9999,14.377761520877982,0,0.34184145626866,52
-8149517,2026,5.0,39.17552954045233,-120.67069211577532,0.028579999999999994,0.048985,0.036390000000000006,0.2539425,0.14056000000000002,0.0690325,0.751977,0.26937467,0.548631,99,11,0,1,1596,7.200119,277.36197,0.35780022,-9999,13.646114070441172,0,0.32605472224002535,52
-8144127,2026,5.0,39.22942845749951,-120.67069211577532,0.018102499999999994,0.03825999999999999,0.02814,0.21687250000000002,0.10280250000000002,0.0532475,0.77405137,0.35894808,0.6119426,100,9,0,1,1429,30.888048,60.850452,0.32854012,-9999,13.646114070441172,0,0.3071423565968871,52
-8118974,2026,5.0,39.48095673705297,-120.67069211577532,0.03016125,0.047885,0.04873749999999999,0.20346625,0.1558775,0.09319124999999998,0.618924,0.14733393,0.38851926,85,10,0,1,1626,3.7171893,284.42804,0.31240064,-9999,11.880788339594403,0,0.26412957977680934,52
-8462130,2026,5.0,36.06735865739879,-120.68865842145772,0.020797499999999997,0.042811249999999995,0.04039124999999999,0.20271,0.12095249999999999,0.07164499999999999,0.66019046,0.25497094,0.4759392,71,7,0,1,633,30.9445,295.59473,0.09954699,-9999,18.509531829177718,0,0.298257589594207,52
-8460333,2026,5.0,36.08532496308118,-120.68865842145772,0.042082499999999995,0.06614500000000001,0.0749175,0.24232375,0.22436625000000002,0.1502675,0.5349945,0.04873257,0.24419476,66,7,0,1,604,21.56535,65.82155,0.09872113,-9999,18.509531829177718,0,0.27853904194805934,52
-8323789,2026,5.0,37.450764194942856,-120.68865842145772,0.03612875,0.06046625,0.05700125,0.31617500000000004,0.20381,0.11448999999999998,0.69220513,0.21609196,0.46831158,95,6,0,1,53,3.6207385,104.82216,0.15069695,-9999,21.284982833041965,0,3.180343842506409,52
-8275280,2026,5.0,37.935854448367394,-120.68865842145772,0.03494625,0.06591124999999998,0.07333624999999999,0.25857625,0.20051000000000002,0.11976999999999999,0.56625396,0.12725878,0.37596902,47,4,0,1,365,13.702792,329.6643,0.15165293,-9999,18.71006578835113,0,0.4477515960620208,52
-8242941,2026,5.0,38.25924795065042,-120.68865842145772,0.03207249999999999,0.04660625,0.0428525,0.18636125,0.14156375,0.08688000000000001,0.62652874,0.13726793,0.3646585,66,16,0,1,361,14.687725,231.86037,0.17704523,-9999,17.050613083377982,0,0.41121516444466333,52
-8237551,2026,5.0,38.3131468676976,-120.68865842145772,0.026435,0.044942499999999996,0.034355,0.22498500000000002,0.12940875000000002,0.06989874999999998,0.7341516,0.27232522,0.52892095,39,16,0,1,410,17.97369,3.6461797,0.17704523,-9999,17.050613083377982,0,0.43689071262876195,52
-8187245,2026,5.0,38.81620342680453,-120.68865842145772,0.0295425,0.04508000000000001,0.036087499999999995,0.2108775,0.14003749999999998,0.07780500000000001,0.7077521,0.21084556,0.4639429,99,15,0,1,1010,9.004351,336.83826,0.31285685,-9999,15.728258202665643,0,0.25692496076226234,52
-8185449,2026,5.0,38.83416973248691,-120.68865842145772,0.06035625,0.08048624999999998,0.11316999999999999,0.21699625,0.31425000000000003,0.24016500000000002,0.31446263,-0.17541301,-0.043008752,100,24,0,1,989,8.476251,77.45268,0.31285685,-9999,15.728258202665643,0,0.3136979957066831,52
-8178262,2026,5.0,38.90603495521648,-120.68865842145772,0.015503749999999997,0.03953875,0.021924999999999986,0.310455,0.10969125000000002,0.045052499999999995,0.87153023,0.50877136,0.76019204,95,3,0,1,1237,8.003857,62.580433,0.3458385,-9999,15.021786113451924,0,0.2053468766666594,52
-8174669,2026,5.0,38.94196756658126,-120.68865842145772,0.049205,0.0655675,0.06169000000000002,0.2675825,0.218935,0.13657249999999999,0.630779,0.09313275,0.32677588,99,22,0,1,1133,10.763074,99.80612,0.3458385,-9999,15.021786113451924,0,0.3485415642149746,52
-8172872,2026,5.0,38.95993387226365,-120.68865842145772,0.0490125,0.06613125,0.055475,0.29686999999999997,0.21058875,0.1251325,0.686228,0.17609212,0.40974808,41,22,0,1,716,41.742653,101.511055,0.3458385,-9999,14.643210634621255,0,0.24101864605357773,52
-8171075,2026,5.0,38.97790017794604,-120.68865842145772,0.04194500000000001,0.058252499999999985,0.04926,0.250395,0.180985,0.11410500000000001,0.6723345,0.15263587,0.3737487,52,22,0,1,894,32.207684,82.61763,0.3646767,-9999,14.643210634621255,0,0.2683377761224454,52
-8169279,2026,5.0,38.99586648362843,-120.68865842145772,0.03930500000000001,0.058335000000000026,0.045630000000000004,0.2787475,0.19346999999999998,0.1106125,0.7237434,0.19081527,0.4404007,37,23,0,1,716,17.862274,134.68745,0.3646767,-9999,14.643210634621255,0,0.34161538382371265,52
-8167482,2026,5.0,39.01383278931082,-120.68865842145772,0.033997499999999986,0.05234,0.037654999999999994,0.263595,0.14958,0.08176499999999998,0.75409216,0.28949332,0.53755414,99,22,0,1,913,30.374645,6.1216307,0.3646767,-9999,14.643210634621255,0,0.22155932888563257,52
-8165686,2026,5.0,39.03179909499321,-120.68865842145772,0.037242499999999984,0.04871,0.048875,0.17386249999999998,0.15920499999999999,0.10437000000000002,0.5680132,0.044326443,0.24844897,95,3,0,1,979,25.585032,293.9356,0.3646767,-9999,14.643210634621255,0,0.25106293246859596,52
-8163889,2026,5.0,39.049765400675604,-120.68865842145772,0.05236750000000001,0.06452249999999998,0.0630925,0.18125999999999998,0.18123250000000002,0.1294225,0.49013916,0.0034743634,0.16734402,60,22,0,1,881,17.28729,132.54558,0.37460998,-9999,14.643210634621255,0,0.27327921977710157,52
-8160296,2026,5.0,39.08569801204038,-120.68865842145772,0.03949749999999999,0.05530999999999997,0.0414225,0.20906249999999998,0.15354,0.097495,0.6910359,0.15814935,0.3834826,100,23,0,1,1053,30.29563,4.093881,0.37460998,-9999,14.377761520877982,0,0.3300610195676034,52
-8158499,2026,5.0,39.103664317722775,-120.68865842145772,0.023794999999999997,0.038012500000000005,0.025775000000000006,0.1981725,0.1110525,0.05920124999999998,0.7800435,0.3096912,0.56212807,97,23,0,1,1170,30.75189,79.02095,0.37460998,-9999,14.377761520877982,0,0.2715033945627511,52
-8131550,2026,5.0,39.37315890295863,-120.68865842145772,0.06706625000000002,0.09584499999999999,0.1079175,0.27969625,0.28478375,0.19678375,0.43968913,-0.023851143,0.16360632,95,8,0,1,1723,7.1613574,90.0,0.31240064,-9999,12.355179825649486,0,0.32608780158417566,52
-8129753,2026,5.0,39.39112520864102,-120.68865842145772,0.016218750000000004,0.0308075,0.02352,0.18597625,0.08645375,0.04662000000000001,0.7818839,0.3632051,0.601657,100,7,0,1,1542,18.518679,298.8997,0.31240064,-9999,12.355179825649486,0,0.2770572595278888,52
-8465723,2026,5.0,36.0493923517164,-120.70662472714011,0.028483750000000002,0.054127499999999995,0.051845,0.22537,0.15586375,0.09491,0.6167562,0.1769781,0.40156293,47,2,0,1,636,13.6274395,262.32553,0.09954699,-9999,18.19473218200028,0,0.2626809772792394,52
-8463927,2026,5.0,36.06735865739879,-120.70662472714011,0.03377749999999999,0.05826624999999999,0.05847249999999998,0.23978,0.20533625,0.12811625,0.6049665,0.08568067,0.31106475,45,4,0,1,504,18.895798,353.2803,0.09954699,-9999,18.509531829177718,0,0.4512948266399855,52
-8390265,2026,5.0,36.8039771903768,-120.70662472714011,0.05305499999999999,0.08945124999999998,0.09239375,0.31011125,0.22560375,0.15446125,0.5422024,0.15953581,0.33783278,87,16,0,1,102,2.1858919,328.01685,0.11898059,-9999,21.427500579177718,0,0.3952944320799024,52
-8302230,2026,5.0,37.684326168813925,-120.70662472714011,0.02259875,0.04707375,0.025115,0.4244975,0.1461975,0.059118750000000025,0.88825434,0.48628852,0.7541449,95,7,0,1,56,1.4942418,308.35773,0.15489666,-9999,20.050678712578247,0,0.5758676898220311,52
-8300433,2026,5.0,37.70229247449632,-120.70662472714011,0.026902499999999996,0.04959000000000001,0.03626625,0.35669625,0.1762275,0.09265499999999999,0.8178,0.34527424,0.592527,95,1,0,1,47,2.9869,231.64906,0.14965503,-9999,20.050678712578247,0,0.6242656940999238,52
-8244738,2026,5.0,38.25924795065042,-120.70662472714011,0.026558749999999992,0.045685,0.03750375,0.235325,0.12935375000000002,0.06639250000000002,0.72393197,0.28323895,0.5562212,55,12,0,1,416,21.4563,289.23825,0.17704523,-9999,17.050613083377982,0,0.3373415862125429,52
-8189042,2026,5.0,38.81620342680453,-120.70662472714011,0.017621250000000005,0.04123,0.026929999999999996,0.26696375,0.11432500000000001,0.05239499999999998,0.8189259,0.41525334,0.68046874,95,6,0,1,905,6.001637,278.8573,0.31285685,-9999,15.728258202665643,0,0.24409394640298115,52
-8178262,2026,5.0,38.92400126089887,-120.70662472714011,0.07651249999999998,0.10190874999999999,0.12850124999999998,0.24103125,0.34326249999999997,0.24565125000000002,0.3023065,-0.18310258,-0.020833531,98,24,0,1,1232,11.553649,142.35951,0.3458385,-9999,15.021786113451924,0,0.29806558867650373,52
-8176466,2026,5.0,38.94196756658126,-120.70662472714011,0.06508624999999998,0.08580750000000001,0.10663875,0.21921000000000002,0.2699475,0.198915,0.34094304,-0.10957713,0.04643656,95,2,0,1,1290,9.525403,330.2552,0.3458385,-9999,15.021786113451924,0,0.3296612502918357,52
-8172872,2026,5.0,38.97790017794604,-120.70662472714011,0.031990000000000005,0.04415875,0.032416249999999994,0.18483500000000003,0.12474750000000001,0.07226375000000002,0.69447505,0.18875483,0.43071142,98,23,0,1,627,41.166046,358.63538,0.3646767,-9999,14.643210634621255,0,0.25608968015082856,52
-8171076,2026,5.0,38.99586648362843,-120.70662472714011,0.05299999999999999,0.07478000000000001,0.08187499999999998,0.2222075,0.22888999999999998,0.1596725,0.4677489,0.0024039103,0.1663506,60,6,0,1,1019,18.09414,229.90414,0.3646767,-9999,14.643210634621255,0,0.3061258830976757,52
-8169279,2026,5.0,39.01383278931082,-120.70662472714011,0.031907500000000005,0.046207499999999985,0.034877500000000006,0.21742250000000002,0.15222000000000002,0.08401999999999998,0.7245108,0.17712314,0.44031945,92,23,0,1,531,31.117819,339.81064,0.3646767,-9999,14.643210634621255,0,0.27904012966901065,52
-8167483,2026,5.0,39.03179909499321,-120.70662472714011,0.028689999999999993,0.04257749999999999,0.027755000000000002,0.21943000000000001,0.12579249999999997,0.06782250000000001,0.76298815,0.26208928,0.52253747,95,7,0,1,579,32.74475,343.04373,0.3646767,-9999,14.643210634621255,0,0.29912552208100496,52
-8165686,2026,5.0,39.049765400675604,-120.70662472714011,0.026654999999999984,0.03836999999999999,0.03006500000000001,0.19907999999999998,0.12406,0.06614500000000001,0.73734426,0.22608924,0.49813995,96,23,0,1,664,31.816536,250.17259,0.37460998,-9999,14.643210634621255,0,0.224043465366489,52
-8149516,2026,5.0,39.211462151817116,-120.70662472714011,0.033365000000000006,0.054017499999999996,0.052917500000000006,0.2619725,0.146005,0.08157249999999999,0.6670848,0.24995825,0.49470076,95,14,0,1,1197,14.777559,299.40137,0.32854012,-9999,13.646114070441172,0,0.30382353635504844,52
-8469317,2026,5.0,36.03142604603401,-120.7245910328225,0.02567875,0.049095,0.04829750000000001,0.16363250000000001,0.1505425,0.09904875000000002,0.53672814,0.041909184,0.24618685,71,7,0,1,543,29.761879,281.4296,0.10996152,-9999,18.19473218200028,0,0.24196066876704042,52
-8395655,2026,5.0,36.76804457901201,-120.7245910328225,0.03179749999999999,0.05910499999999999,0.0477475,0.3750525,0.16359125000000002,0.08532625000000002,0.7740975,0.39250603,0.6292636,85,21,0,1,162,2.1856055,31.971128,0.10982497,-9999,21.427500579177718,0,0.5169374164459961,52
-8392062,2026,5.0,36.8039771903768,-120.7245910328225,0.072525,0.12080125,0.136655,0.3492025,0.29394125000000004,0.21435625,0.4389682,0.08977508,0.24020304,45,17,0,1,114,1.8543341,-0.0,0.10982497,-9999,21.427500579177718,0,0.40030964577038375,52
-8309417,2026,5.0,37.630427251766754,-120.7245910328225,0.026008749999999997,0.051625000000000004,0.036114999999999994,0.3309975,0.15201375,0.07182374999999999,0.8022824,0.36770627,0.64145494,80,7,0,1,57,3.0161006,157.17404,0.1646573,-9999,20.65678537840489,0,1.538757474526115,52
-8215992,2026,5.0,38.56467514725106,-120.7245910328225,0.02702625,0.05495249999999999,0.04715625,0.2806175,0.16394875,0.08865375,0.7054136,0.24909262,0.511642,85,1,0,1,647,9.896126,236.16986,0.2292855,-9999,16.04408166536723,0,0.4989150296896696,52
-8201619,2026,5.0,38.708405592710186,-120.7245910328225,0.035454999999999987,0.05839,0.060012500000000024,0.2594975,0.17947249999999998,0.10437000000000002,0.614424,0.1666183,0.42897764,69,4,0,1,749,12.901439,244.91083,0.24788475,-9999,16.175263936032536,0,0.7561393402516842,52
-8180059,2026,5.0,38.92400126089887,-120.7245910328225,0.02906125000000001,0.04413125,0.03599124999999999,0.24848375,0.1425125,0.07313,0.7485662,0.27287477,0.54899895,99,7,0,1,1031,13.00241,212.72852,0.31275168,-9999,15.021786113451924,0,0.19206775530156764,52
-8174669,2026,5.0,38.97790017794604,-120.7245910328225,0.04073500000000001,0.0781075,0.0679875,0.34103500000000003,0.253585,0.1461425,0.6704703,0.18284203,0.42929068,60,23,0,1,1105,4.0247545,117.395805,0.35222098,-9999,14.643210634621255,0,0.3555547897482202,52
-8172873,2026,5.0,38.99586648362843,-120.7245910328225,0.05352249999999997,0.06947249999999999,0.06202000000000002,0.2570775,0.22003499999999998,0.13764500000000002,0.62158996,0.103361085,0.3225467,37,22,0,1,484,38.107418,100.70519,0.35222098,-9999,14.643210634621255,0,0.2286699984899976,52
-8169280,2026,5.0,39.03179909499321,-120.7245910328225,0.033007499999999995,0.0532475,0.037544999999999995,0.329485,0.14853500000000003,0.07931749999999999,0.8027283,0.3986044,0.62460345,90,22,0,1,938,21.465786,25.08542,0.35222098,-9999,14.643210634621255,0,0.30287236982787197,52
-8165686,2026,5.0,39.06773170635799,-120.7245910328225,0.04332,0.06228125000000001,0.047967499999999996,0.343125,0.202215,0.11054375,0.76303905,0.27664408,0.52701664,100,23,0,1,1160,6.5898743,147.21858,0.3716405,-9999,14.377761520877982,0,0.2691043935716152,52
-8163890,2026,5.0,39.08569801204038,-120.7245910328225,0.041601250000000006,0.061305,0.05394874999999999,0.30606875,0.21534625000000002,0.12186,0.7118174,0.18834567,0.44519052,90,23,0,1,1237,20.73265,82.62875,0.3716405,-9999,14.377761520877982,0,0.2883476194526468,52
-8162093,2026,5.0,39.103664317722775,-120.7245910328225,0.03529,0.05993000000000001,0.05411374999999999,0.25505625,0.17807,0.10149624999999998,0.67287445,0.19633949,0.4437009,53,23,0,1,1329,9.440885,218.84827,0.3716405,-9999,14.377761520877982,0,0.2806967448908836,52
-8160296,2026,5.0,39.12163062340516,-120.7245910328225,0.023629999999999984,0.03729750000000001,0.026544999999999985,0.20815499999999998,0.11231750000000001,0.055365,0.7873884,0.33336902,0.6068886,95,6,0,1,1371,10.364291,13.189786,0.3716405,-9999,14.377761520877982,0,0.29657379986851345,52
-8140534,2026,5.0,39.31925998591146,-120.7245910328225,0.026187500000000002,0.048600000000000004,0.047238749999999996,0.23063625,0.14614249999999998,0.08480374999999998,0.6559322,0.22669794,0.46825963,85,10,0,1,1630,8.372956,351.82684,0.35117236,-9999,12.734159580353776,0,0.2744800193573941,52
-8336366,2026,5.0,37.37889897221329,-120.7425573385049,0.10382,0.15365,0.20126624999999998,0.29215375,0.39214375,0.37396625,0.18892947,-0.15894665,-0.14280884,62,4,0,1,45,2.1905732,147.8211,0.15247345,-9999,21.752874403102453,0,8.936828591606833,52
-8296840,2026,5.0,37.77415769722588,-120.7425573385049,0.027521249999999997,0.0502775,0.03475375,0.33266125,0.14989625,0.06958250000000002,0.81047446,0.37642434,0.6529109,99,11,0,1,85,1.1732346,270.0,0.15648441,-9999,19.327452801119932,0,0.8524177512153983,52
-8237551,2026,5.0,38.36704578474477,-120.7425573385049,0.03260874999999999,0.051267499999999994,0.0476925,0.2653275,0.18500000000000003,0.10245875000000002,0.6929757,0.17942768,0.4426251,31,17,0,1,453,7.5790753,248.59354,0.18406561,-9999,16.372870832873957,0,0.9329589179583958,52
-8224975,2026,5.0,38.492809924521495,-120.7425573385049,0.025719999999999993,0.04514874999999999,0.043045,0.21478250000000002,0.134125,0.07887749999999999,0.6676808,0.23810129,0.4681555,47,9,0,1,599,5.1937,152.93024,0.21697251,-9999,15.923058794903511,0,0.3082584005780518,52
-8174669,2026,5.0,38.99586648362843,-120.7425573385049,0.03204499999999999,0.0414225,0.027370000000000005,0.2412375,0.12254749999999998,0.06812499999999999,0.7890659,0.31203705,0.5479611,100,23,0,1,752,42.689552,298.28262,0.35222098,-9999,14.643210634621255,0,0.3337910361588001,52
-8171076,2026,5.0,39.03179909499321,-120.7425573385049,0.044694999999999985,0.060177499999999995,0.049122499999999986,0.2975025,0.187365,0.109485,0.72477716,0.2405879,0.47308198,92,22,0,1,898,42.32065,79.75996,0.35222098,-9999,14.643210634621255,0,0.28646006113426253,52
-8169279,2026,5.0,39.049765400675604,-120.7425573385049,0.0355925,0.05090999999999998,0.05196874999999998,0.29352875,0.1921225,0.10428749999999998,0.703407,0.21466705,0.47965977,96,22,0,1,1199,8.998185,307.8328,0.3716405,-9999,14.643210634621255,0,0.26504175262525675,52
-8162092,2026,5.0,39.12163062340516,-120.7425573385049,0.019642500000000007,0.035977499999999996,0.026737499999999997,0.20854,0.110035,0.05451250000000002,0.77438813,0.33315152,0.60281247,95,6,0,1,1285,10.150924,291.20148,0.3716405,-9999,14.377761520877982,0,0.2943387882784009,52
-8393858,2026,5.0,36.82194349605919,-120.76052364418727,0.022750000000000006,0.052175,0.037930000000000005,0.3896,0.14148125,0.063505,0.82228684,0.46720967,0.7192722,68,19,0,1,131,1.1584789,90.0,0.12456971,-9999,20.176757656630684,0,0.46156168901003325,52
-8320196,2026,5.0,37.5585620290372,-120.76052364418727,0.036898749999999994,0.058774999999999994,0.05393499999999998,0.288235,0.19787000000000002,0.11686875000000002,0.679819,0.18077205,0.41671717,89,21,0,1,46,3.9636734,297.85587,0.15999185,-9999,20.539768514325544,0,1.0604743003845214,52
-8318400,2026,5.0,37.57652833471958,-120.76052364418727,0.0265175,0.05316499999999999,0.0357025,0.33541125,0.15197249999999998,0.07036624999999999,0.8075359,0.37611634,0.65300876,95,12,0,1,49,2.5160103,291.61688,0.15999185,-9999,20.539768514325544,0,1.2269077921907108,52
-8300433,2026,5.0,37.75619139154349,-120.76052364418727,0.03610125,0.06129125000000002,0.05254625000000002,0.34278125,0.1887675,0.1044525,0.72656643,0.2751922,0.5216763,36,21,0,1,73,3.9719138,297.79285,0.16257721,-9999,19.49656087403656,0,1.063794319602576,52
-8190839,2026,5.0,38.852136038169306,-120.76052364418727,0.031659999999999994,0.04835249999999999,0.03971749999999999,0.2674725,0.16641,0.08533999999999997,0.7388903,0.23292597,0.5162303,99,6,0,1,840,6.21264,107.302155,0.27481857,-9999,16.10309281708095,0,0.3315492128687246,52
-8183652,2026,5.0,38.92400126089887,-120.76052364418727,0.018680000000000002,0.033420000000000005,0.019504999999999995,0.20320500000000002,0.09350750000000002,0.04486000000000001,0.8195878,0.35907516,0.63727957,95,5,0,1,999,6.0104856,278.84406,0.31275168,-9999,16.10309281708095,0,0.29861875072769495,52
-8176466,2026,5.0,38.99586648362843,-120.76052364418727,0.026709999999999984,0.043265,0.041037500000000005,0.1703425,0.12658999999999998,0.08127000000000001,0.6085073,0.16234039,0.36595067,99,23,0,1,783,37.516563,319.37726,0.35222098,-9999,15.785849138485503,0,0.2830008832008942,52
-8172873,2026,5.0,39.03179909499321,-120.76052364418727,0.04211000000000001,0.05639625000000001,0.04347124999999999,0.295385,0.1769975,0.100135,0.7519245,0.2664573,0.5050355,98,23,0,1,1006,22.000097,298.7371,0.35222098,-9999,15.785849138485503,0,0.19839023714885115,52
-8169279,2026,5.0,39.06773170635799,-120.76052364418727,0.0504425,0.06608999999999998,0.06553999999999999,0.23351,0.2090075,0.13522499999999998,0.5746821,0.07605821,0.29323027,99,19,0,1,1157,5.673109,192.11557,0.3716405,-9999,15.351431085730155,0,0.2757146483287215,52
-8167483,2026,5.0,39.08569801204038,-120.76052364418727,0.0343,0.055584999999999996,0.050827500000000025,0.224875,0.1686375,0.09710999999999997,0.6445671,0.16086248,0.40427205,98,22,0,1,1106,6.5618596,245.0276,0.3716405,-9999,15.351431085730155,0,0.23687539757652717,52
-8162093,2026,5.0,39.13959692908755,-120.76052364418727,0.038067500000000004,0.053495000000000015,0.051212499999999994,0.2306225,0.195285,0.10643249999999999,0.6690815,0.11908211,0.40033388,93,23,0,1,1257,7.196551,262.63434,0.35786378,-9999,15.351431085730155,0,0.24075428796932102,52
-8160296,2026,5.0,39.157563234769945,-120.76052364418727,0.023162500000000003,0.045217499999999994,0.030807499999999988,0.2576825,0.14122,0.07054500000000002,0.78408134,0.32251573,0.5977272,95,4,0,1,1325,5.6734266,167.8694,0.35786378,-9999,14.60694131338471,0,0.2812552114150354,52
-8145923,2026,5.0,39.301293680229065,-120.76052364418727,0.0351525,0.05201,0.05242249999999998,0.20568000000000003,0.13957000000000003,0.0804725,0.6049254,0.18407553,0.43132493,95,8,0,1,1401,11.668291,149.56998,0.35117236,-9999,13.829230039863205,0,0.3191443919425919,52
-8190838,2026,5.0,38.8701023438517,-120.77848994986967,0.017992499999999995,0.037434999999999996,0.025554999999999994,0.24792000000000003,0.1101725,0.049479999999999996,0.81849337,0.40844077,0.682325,95,7,0,1,826,2.203476,147.29126,0.27481857,-9999,16.10309281708095,0,0.32864001615061644,52
-8176465,2026,5.0,39.01383278931082,-120.77848994986967,0.043182499999999985,0.059435000000000016,0.04576749999999999,0.266785,0.19280999999999998,0.1055525,0.7209623,0.18079218,0.44310156,51,23,0,1,616,19.782558,119.67428,0.35222098,-9999,15.785849138485503,0,0.33030672049657867,52
-8169279,2026,5.0,39.08569801204038,-120.77848994986967,0.04484624999999999,0.06599375000000002,0.06928000000000001,0.28805625,0.231915,0.13869,0.6131311,0.10697931,0.3444496,93,17,0,1,1146,8.110187,227.03288,0.3716405,-9999,15.351431085730155,0,0.28921318594366313,52
-8129753,2026,5.0,39.48095673705297,-120.77848994986967,0.06937625,0.097275,0.108715,0.2757775,0.2985475,0.2099425,0.44504306,-0.016527057,0.15430182,86,20,0,1,1573,21.729017,116.53856,0.3520001,-9999,13.296097794399486,0,0.24173839638630548,52
-8127956,2026,5.0,39.49892304273536,-120.77848994986967,0.033447500000000005,0.04935624999999999,0.054608749999999984,0.19672875,0.1442725,0.0951025,0.5574469,0.10448786,0.32189894,100,18,0,1,1760,3.0281684,156.63652,0.3520001,-9999,13.296097794399486,0,0.23207273409322002,52
-8334569,2026,5.0,37.450764194942856,-120.79645625555206,0.04564375,0.07209874999999999,0.07190625,0.30010125,0.22119,0.141165,0.61088395,0.15111957,0.36119175,42,1,0,1,48,7.0353675,262.46283,0.1563403,-9999,21.30006967359975,0,5.270642687877019,52
-8318399,2026,5.0,37.61246094608437,-120.79645625555206,0.03198999999999999,0.06599374999999999,0.04990625,0.369305,0.18264875,0.09759125000000002,0.76508856,0.35648456,0.5974954,85,12,0,1,51,3.0159905,337.17902,0.1646573,-9999,20.539768514325544,0,1.3571953529661351,52
-8223178,2026,5.0,38.56467514725106,-120.79645625555206,0.02506,0.04081750000000001,0.0353175,0.24165000000000003,0.13709500000000002,0.06840000000000002,0.7485895,0.24812855,0.5408885,74,15,0,1,355,14.935723,291.35312,0.2292855,-9999,16.929915733747634,0,0.47370333109228385,52
-8212398,2026,5.0,38.6724729813454,-120.79645625555206,0.036967499999999986,0.05214750000000001,0.04618,0.271405,0.16222999999999999,0.09315000000000001,0.7090381,0.24785572,0.4900832,53,20,0,1,585,10.724503,279.8426,0.24788475,-9999,16.946212776758387,0,1.0301941041834652,52
-8194432,2026,5.0,38.852136038169306,-120.79645625555206,0.03082125000000001,0.05953125000000001,0.0773375,0.26239875,0.2129125,0.13317625,0.5388663,0.10951791,0.3320908,99,2,0,1,782,14.315703,243.63797,0.27481857,-9999,16.10309281708095,0,0.42095909861936454,52
-8183652,2026,5.0,38.95993387226365,-120.79645625555206,0.029817499999999997,0.0477475,0.0328425,0.2647775,0.1504875,0.07332250000000001,0.7685629,0.28295538,0.5662235,62,16,0,1,720,39.745888,215.15535,0.31275168,-9999,15.785849138485503,0,0.3979851821945472,52
-8181855,2026,5.0,38.97790017794604,-120.79645625555206,0.039855,0.06397249999999999,0.060425000000000006,0.3144425,0.21744999999999998,0.11724000000000001,0.6776194,0.18235357,0.45682302,39,16,0,1,1013,8.492399,102.52271,0.35222098,-9999,15.785849138485503,0,0.39251124842659285,52
-8176466,2026,5.0,39.03179909499321,-120.79645625555206,0.029088749999999997,0.048971249999999994,0.028332499999999997,0.4182,0.17918375,0.07343250000000001,0.878058,0.411851,0.709111,70,16,0,1,1017,15.083828,147.23181,0.35222098,-9999,15.785849138485503,0,0.31843533432111143,52
-8165686,2026,5.0,39.13959692908755,-120.79645625555206,0.04002,0.05745499999999998,0.05409999999999998,0.27962750000000003,0.18887749999999998,0.10574499999999998,0.67859334,0.21278492,0.4738341,95,6,0,1,1221,12.961008,85.96676,0.35786378,-9999,15.351431085730155,0,0.2644531074911356,52
-8147720,2026,5.0,39.31925998591146,-120.79645625555206,0.020604999999999984,0.042192499999999994,0.029624999999999985,0.2698375,0.1329975,0.06504500000000002,0.80238783,0.35904586,0.62756574,61,1,0,1,1410,3.7047918,180.0,0.35117236,-9999,13.829230039863205,0,0.3665632978081703,52
-8187246,2026,5.0,38.94196756658126,-120.81442256123445,0.025073749999999992,0.04380125,0.023121249999999996,0.3202175,0.13427624999999999,0.05810124999999999,0.868133,0.409072,0.6946779,93,15,0,1,777,14.254576,124.9921,0.27473357,-9999,16.10309281708095,0,0.2916319056414068,52
-8180059,2026,5.0,39.01383278931082,-120.81442256123445,0.04556125,0.06089249999999999,0.05674000000000001,0.2367275,0.18425750000000002,0.11322499999999999,0.62080127,0.1448999,0.37043345,60,23,0,1,846,25.835564,205.4858,0.3083501,-9999,15.785849138485503,0,1.2423661463809283,52
-8323789,2026,5.0,37.594494640401976,-120.83238886691684,0.11736374999999999,0.17774,0.21558,0.30228750000000004,0.35576125000000003,0.31800375000000003,0.17580965,-0.07608555,-0.018276347,31,1,0,1,43,3.9651716,117.84438,0.16562214,-9999,20.539768514325544,0,7.2737744721499356,52
-8321992,2026,5.0,37.61246094608437,-120.83238886691684,0.0715075,0.11615375,0.122135,0.38702875000000003,0.33042,0.2436025,0.5247277,0.084732205,0.2330766,70,24,0,1,43,0.0,-0.0,0.17336828,-9999,20.539768514325544,0,1.8691493376441624,52
-8215991,2026,5.0,38.6724729813454,-120.83238886691684,0.0447225,0.056794999999999984,0.0566025,0.264365,0.20051000000000002,0.11889,0.6360758,0.11858893,0.36312625,37,20,0,1,509,4.6273675,180.0,0.22447413,-9999,16.946212776758387,0,2.7634406685829163,52
-8207008,2026,5.0,38.76230450975736,-120.83238886691684,0.0385625,0.055062500000000014,0.0446125,0.33295,0.20898,0.10973250000000001,0.76087445,0.21305864,0.50777185,83,12,0,1,607,19.733849,60.238327,0.22447413,-9999,16.55146101264546,0,0.7773400147755941,52
-8203415,2026,5.0,38.798237121122135,-120.83238886691684,0.03168750000000001,0.05709750000000002,0.05008499999999999,0.30327750000000003,0.182855,0.09999750000000002,0.7028734,0.2152188,0.47801745,52,14,0,1,549,3.6566129,319.4562,0.22447413,-9999,16.55146101264546,0,0.43811698018440176,52
-8181855,2026,5.0,39.01383278931082,-120.83238886691684,0.041725,0.06959625,0.056781250000000005,0.38078625,0.23329000000000003,0.1314025,0.7395364,0.24628766,0.49247703,36,23,0,1,859,23.703947,185.44579,0.3083501,-9999,15.785849138485503,0,3.166777642443776,52
-8178262,2026,5.0,39.049765400675604,-120.83238886691684,0.023162500000000003,0.04054250000000001,0.02541750000000001,0.259635,0.12645250000000002,0.058445000000000025,0.82166445,0.3449542,0.6403085,100,16,0,1,908,15.264639,276.8132,0.33540338,-9999,15.785849138485503,0,0.22540221008516492,52
-8160296,2026,5.0,39.22942845749951,-120.83238886691684,0.02389124999999999,0.03940125,0.02459249999999999,0.2858975,0.10679,0.04836625,0.8437665,0.45709914,0.71048826,95,8,0,1,1097,3.0262992,307.76205,0.36309388,-9999,14.60694131338471,0,0.49049801227043976,52
-8154906,2026,5.0,39.28332737454668,-120.83238886691684,0.027782499999999988,0.043704999999999994,0.03729750000000001,0.22327999999999998,0.13096249999999998,0.07189250000000003,0.7071414,0.2602464,0.5057103,95,6,0,1,1323,6.5731,169.54294,0.36309388,-9999,13.829230039863205,0,0.42491637221114203,52
-8151313,2026,5.0,39.31925998591146,-120.83238886691684,0.02284625,0.0434025,0.03705,0.2207225,0.13485375,0.075605,0.7089433,0.23603806,0.49415267,100,19,0,1,1301,11.669043,210.43648,0.37738323,-9999,13.829230039863205,0,0.3534285181566425,52
-8144126,2026,5.0,39.39112520864102,-120.83238886691684,0.021650000000000003,0.038246249999999996,0.0382325,0.20051,0.12047125,0.063725,0.6830077,0.2427075,0.50865936,90,19,0,1,1465,3.7127008,284.44592,0.3823465,-9999,13.604158635293288,0,0.2507063549181277,52
-8329179,2026,5.0,37.5585620290372,-120.85035517259924,0.0326225,0.064715,0.054485000000000006,0.34247875,0.21695499999999998,0.12403249999999999,0.72690713,0.22720602,0.47074258,99,3,0,1,34,2.1920664,147.75908,0.16562214,-9999,20.67726956439276,0,3.5230036865581167,52
-8311213,2026,5.0,37.7382250858611,-120.85035517259924,0.023767499999999997,0.049301250000000005,0.028786249999999985,0.3982075,0.1406425,0.0566575,0.8651714,0.4809053,0.75104207,34,17,0,1,55,1.8543341,180.0,0.1695171,-9999,19.982211705689792,0,1.7082834785634822,52
-8183652,2026,5.0,39.01383278931082,-120.85035517259924,0.03600500000000001,0.06185499999999999,0.06460500000000002,0.212555,0.17251500000000003,0.128075,0.56302947,0.13203427,0.24801104,92,21,0,1,918,3.7047918,180.0,0.3083501,-9999,16.937121819937147,0,0.5813928438084466,52
-8162093,2026,5.0,39.22942845749951,-120.85035517259924,0.042192499999999994,0.06752000000000002,0.06666749999999999,0.3177425,0.19949250000000002,0.11806499999999998,0.65418285,0.22934008,0.45508358,85,11,0,1,1146,13.696435,109.397156,0.36309388,-9999,15.606886184856478,0,0.3627535363828594,52
-8158499,2026,5.0,39.26536106886429,-120.85035517259924,0.018707499999999988,0.03892000000000001,0.027315000000000006,0.26719750000000003,0.109045,0.052312499999999984,0.8250347,0.43733993,0.68440515,95,5,0,1,1222,15.611224,256.60065,0.36309388,-9999,15.02170998357957,0,0.3250156369229609,52
-8350739,2026,5.0,37.3609326665309,-120.86832147828163,0.06916999999999998,0.10251375000000001,0.131705,0.23643875,0.24341,0.20682125,0.29970816,-0.02519866,0.07611611,63,12,0,1,29,4.6273675,-0.0,0.16252026,-9999,21.8748055816979,0,2.7658773419948726,52
-8332773,2026,5.0,37.540595723354805,-120.86832147828163,0.037091250000000006,0.06335374999999999,0.04982375,0.32908625,0.17081,0.09125249999999999,0.7348867,0.30879056,0.56009847,69,3,0,1,32,2.5149662,248.37367,0.16562214,-9999,21.633240246516436,0,8.566114393147556,52
-8194432,2026,5.0,38.92400126089887,-120.86832147828163,0.02016499999999999,0.036555000000000004,0.02250250000000001,0.2693975,0.13055,0.06155250000000001,0.8470453,0.3471643,0.63687056,95,7,0,1,781,13.072008,314.20044,0.27473357,-9999,17.358805182672313,0,0.794040993321687,52
-8189042,2026,5.0,38.97790017794604,-120.86832147828163,0.037132499999999985,0.05904999999999999,0.06067250000000002,0.2861175,0.2016925,0.11718499999999998,0.6406648,0.18590064,0.42175168,69,23,0,1,737,3.0246637,203.20901,0.3083501,-9999,16.937121819937147,0,0.631353990027779,52
-8153110,2026,5.0,39.33722629159385,-120.86832147828163,0.031082499999999985,0.04821500000000001,0.03141250000000001,0.27289,0.15381499999999998,0.07271749999999999,0.79753506,0.305509,0.6029783,100,19,0,1,925,28.858042,65.71669,0.37738323,-9999,15.02170998357957,0,0.2409320209020128,52
-8149517,2026,5.0,39.37315890295863,-120.86832147828163,0.025967500000000004,0.04211000000000001,0.043292499999999984,0.23246499999999998,0.1399825,0.07673249999999998,0.6790097,0.22426777,0.49641347,99,17,0,1,1381,2.5709088,248.86777,0.3823465,-9999,14.767635722826924,0,0.26957101624851165,52
-8147720,2026,5.0,39.39112520864102,-120.86832147828163,0.029625,0.051941249999999994,0.052133750000000006,0.2781975,0.1799675,0.10021750000000001,0.6734117,0.20273912,0.46425712,83,23,0,1,1339,18.815443,154.51213,0.3823465,-9999,14.767635722826924,0,0.29530423438470615,52
-8145923,2026,5.0,39.40909151432341,-120.86832147828163,0.033818749999999995,0.05463625,0.06727249999999999,0.21529125,0.18582500000000002,0.10435624999999998,0.5492411,0.09919872,0.36790636,98,21,0,1,1383,2.7802885,-0.0,0.3823465,-9999,14.767635722826924,0,0.28065135735596414,52
-8136940,2026,5.0,39.49892304273536,-120.86832147828163,0.014568749999999991,0.02781,0.02284625,0.16260125,0.07406499999999999,0.03691249999999999,0.76900005,0.38105586,0.6269639,100,7,0,1,1502,13.117176,277.98633,0.3823465,-9999,14.234834248532536,0,0.37479577692491667,52
-8323789,2026,5.0,37.64839355744915,-120.88628778396401,0.024578749999999996,0.04498374999999999,0.026902499999999996,0.40966125,0.14967624999999998,0.06441250000000001,0.87850577,0.463224,0.7282243,51,16,0,1,38,1.8543341,-0.0,0.17931664,-9999,20.67726956439276,0,2.8518073829737576,52
-8224974,2026,5.0,38.63654036998062,-120.88628778396401,0.023739999999999997,0.04260499999999999,0.03269124999999999,0.24163625000000002,0.1408075,0.06878499999999999,0.76460916,0.2647147,0.5586063,36,5,0,1,383,6.195683,287.3514,0.1910974,-9999,17.763826604043288,0,0.7090924724936485,52
-8198025,2026,5.0,38.90603495521648,-120.88628778396401,0.025719999999999993,0.0443925,0.0357025,0.248745,0.1490575,0.07942749999999998,0.7386166,0.24537854,0.51594055,37,22,0,1,698,18.042463,206.55331,0.24237415,-9999,17.358805182672313,0,0.47850956031205977,52
-8196228,2026,5.0,38.92400126089887,-120.88628778396401,0.02826374999999999,0.04531375,0.031907500000000005,0.28690125,0.15264625,0.07160375,0.7980633,0.31836742,0.60463095,100,17,0,1,785,3.6593494,319.406,0.24237415,-9999,17.358805182672313,0,0.5268506263382733,52
-8169279,2026,5.0,39.193495846134724,-120.88628778396401,0.034052499999999986,0.0508825,0.04694999999999999,0.18907000000000002,0.1404225,0.08756750000000002,0.60215235,0.13165674,0.34656912,100,16,0,1,778,21.685013,289.00632,0.29728913,-9999,15.606886184856478,0,0.43283315968107094,52
-8160296,2026,5.0,39.28332737454668,-120.88628778396401,0.052876249999999986,0.08584875,0.08411625,0.32806875,0.21493375,0.1340975,0.6073174,0.21429884,0.43309972,85,10,0,1,1125,8.378777,263.69016,0.320871,-9999,15.02170998357957,0,0.34088785463774746,52
-8156703,2026,5.0,39.31925998591146,-120.88628778396401,0.03377749999999999,0.043649999999999994,0.03809499999999999,0.2015,0.13002750000000002,0.07230500000000001,0.68200505,0.22272941,0.46322003,94,20,0,1,1280,5.8483353,37.79606,0.35229126,-9999,15.02170998357957,0,0.2380199201235717,52
-8138736,2026,5.0,39.49892304273536,-120.88628778396401,0.01254749999999999,0.028524999999999995,0.018680000000000002,0.1779325,0.07758500000000002,0.0352075,0.8032079,0.38854456,0.6513112,100,1,0,1,1439,18.25337,348.99936,0.37807143,-9999,14.234834248532536,0,0.30092318985788596,52
